case_id,date,remote_jid,push_name,text_content,reply_to_id
2,2026-07-31 21:40:14,199557250064521@lid,Você,A,
2,2026-07-31 21:44:59,199557250064521@lid,Você,"✅ *PROTECCIÓN CIVIL DIGITAL MEDELLÍN*

¡Felicidades! La nueva línea de WhatsApp (+52 232 141 0935) ha sido vinculada exitosamente con el sistema.",
2,2026-07-31 21:48:22,199557250064521@lid,Você,"🚨 *PRUEBA DE CONEXIÓN DE LÍNEA OFICIAL* 🚨
━━━━━━━━━━━━━━━━━━━━━━━━━━━━

🏛️ *Dirección de Protección Civil Digital*
📍 *Municipio de Medellín de Bravo, Ver.*

📱 *Mensaje enviado desde:* Nueva Línea Oficial (+52 232 141 0935)
📲 *Recibido en:* Línea Personal/Anterior (+52 288 889 3215)

✅ Estado: *Conexión Evolution API 100% Exitosa*
🕐 Fecha y Hora: *31/Jul/2026 15:48 hrs*

━━━━━━━━━━━━━━━━━━━━━━━━━━━━
📌 _El sistema está listo para enviar avisos de 2FA, e-Dictámenes y Alertas Operativas de Emergencia._",
4,2026-07-31 22:17:49,214774235267138@lid,214774235267138,"**Reporte al 9-1-1 (PRELIMINAR)*
Fecha y Hora: *31/07/2026 15:50:17*
Asunto: *RESCATE ANIMAL*
Colonia: *ARBOLEDAS SAN MIGUEL*
Calle: *LIMONES 33*
Entre calles: *MANANTIAL*
Referencia: *ATRAS DE LOCALES*
Localidad: *MEDELLIN DE BRAVO*
Municipio: *MEDELLIN DE BRAVO*
*Ubicación:*https://www.google.com/maps/place/19.084308664829,-96.17915636824
*Resumen de evento*
     *INDICA QUE AYER CAYO UN ZOPILOTE
Y LO RESGUARDO
QUIERE QUE VAYAN POR EL A LAS 6 DE LA TARDE
YA QUE ESTA EN SU TRABAJO
ALAN FERNANDEZ",
4,2026-07-31 22:18:33,214774235267138@lid,Você,11 mandó,
4,2026-07-31 22:30:41,214774235267138@lid,214774235267138,"*Reporte al 9-1-1 (PRELIMINAR)*
Fecha y Hora: *31/07/2026 16:22:07*
Asunto: *OLOR A GAS-COMBUSTIBLE-QUÍMICOS*
Colonia: *FRACC. NUEVO MEDELLIN*
Calle: *EBANO 6*
Entre calles: *PASEO LOS ROBLES Y CEDROS*
Referencia: *POR LA TIENDA EL WERO A MANO DERECHA A MITAD DE CUADRA*
Localidad: *NO ESPECIFICADO*
Municipio: *MEDELLIN DE BRAVO*
*Ubicación:*https://www.google.com/maps/place/19.0052,-96.10841
*Resumen de evento*
     PERCIBE EL OLOR DESDE HACE 4 HORAS
INDICA QUE HAY UN OLOR MUY FUERTE DE UN LIQUIDO
REFIERE QUE TIENE DOS MENORES DE EDAD EN CASA
REFIERE QUE EN LA COCINA ESTA MUY IMPREGNADO EL OLOR",
4,2026-07-31 23:12:06,214774235267138@lid,214774235267138,que unidad acudió ?,3EB080E09A74967616E2FB
4,2026-07-31 23:16:07,214774235267138@lid,Você,Unidad 096 a él mandado de Luis Alberto vique,3EB080E09A74967616E2FB
6,2026-08-02 23:06:41,120363409447790752@g.us,Você,"🚨 *NUEVA ALERTA DE EMERGENCIA - PROTECCIÓN CIVIL* 🚨
━━━━━━━━━━━━━━━━━━━━━━━━━━━━

📋 *Folio:* REP-0165
⚠️ *Tipo:* ⛽ FUGA DE GAS
🔶 *Prioridad:* 🔴 ALTA
👤 *Encargado:* 🚑 *Unidad:* Unidad 10

📍 *Ubicación:*
   Costa de canistel 57
   Col. Fraccionamiento Arboledas San Ramón, Fraccionamiento Arboledas San Ramón

📝 *Descripción:*
   se esta fugando un gas

👤 *Reportó:* Josue Jaziel Delgado Burela
📞 *Teléfono:* 2888893215
🕐 *Fecha:* 22/Jul/2026 23:56

━━━━━━━━━━━━━━━━━━━━━━━━━━━━
📌 *Estatus:* 🚑 EN CAMINO
👇 *Utiliza las opciones interactivas de abajo para aceptar atender esta emergencia.*",
6,2026-08-02 23:10:13,120363409447790752@g.us,Você,"🚨 *NUEVA ALERTA DE EMERGENCIA - PROTECCIÓN CIVIL* 🚨
━━━━━━━━━━━━━━━━━━━━━━━━━━━━

📋 *Folio:* REP-0165
⚠️ *Tipo:* ⛽ FUGA DE GAS
🔶 *Prioridad:* 🔴 ALTA
👤 *Encargado:* 🚑 *Unidad:* Unidad 10

📍 *Ubicación:*
   Costa de canistel 57
   Col. Fraccionamiento Arboledas San Ramón, Fraccionamiento Arboledas San Ramón

📝 *Descripción:*
   se esta fugando un gas

👤 *Reportó:* Josue Jaziel Delgado Burela
📞 *Teléfono:* 2888893215
🕐 *Fecha:* 22/Jul/2026 23:56

━━━━━━━━━━━━━━━━━━━━━━━━━━━━
📌 *Estatus:* 🚑 EN CAMINO
🆔 Para actualizar bitácora:
_Bitacora REP-0165: [tu actualización]_",
6,2026-08-02 23:11:37,120363409447790752@g.us,Você,"🚨 *NUEVA ALERTA DE EMERGENCIA - PROTECCIÓN CIVIL* 🚨
━━━━━━━━━━━━━━━━━━━━━━━━━━━━

📋 *Folio:* REP-0165
⚠️ *Tipo:* ⛽ FUGA DE GAS
🔶 *Prioridad:* 🔴 ALTA
👤 *Encargado:* 🚑 *Unidad:* Unidad 10

📍 *Ubicación:*
   Costa de canistel 57
   Col. Fraccionamiento Arboledas San Ramón, Fraccionamiento Arboledas San Ramón

📝 *Descripción:*
   se esta fugando un gas

👤 *Reportó:* Josue Jaziel Delgado Burela
📞 *Teléfono:* 2888893215
🕐 *Fecha:* 22/Jul/2026 23:56

━━━━━━━━━━━━━━━━━━━━━━━━━━━━
📌 *Estatus:* 🚑 EN CAMINO
🆔 Para actualizar bitácora:
_Bitacora REP-0165: [tu actualización]_",
6,2026-08-02 23:13:32,120363409447790752@g.us,Você,"🚨 *NUEVA ALERTA DE EMERGENCIA - PROTECCIÓN CIVIL* 🚨
━━━━━━━━━━━━━━━━━━━━━━━━━━━━

📋 *Folio:* REP-0165
⚠️ *Tipo:* ⛽ FUGA DE GAS
🔶 *Prioridad:* 🔴 ALTA
👤 *Encargado:* 🚑 *Unidad:* Unidad 10

📍 *Ubicación:*
   Costa de canistel 57
   Col. Fraccionamiento Arboledas San Ramón, Fraccionamiento Arboledas San Ramón

📝 *Descripción:*
   se esta fugando un gas

👤 *Reportó:* Josue Jaziel Delgado Burela
📞 *Teléfono:* 2888893215
🕐 *Fecha:* 22/Jul/2026 23:56

━━━━━━━━━━━━━━━━━━━━━━━━━━━━
📌 *Estatus:* 🚑 EN CAMINO
🆔 Para actualizar bitácora:
_Bitacora REP-0165: [tu actualización]_",
6,2026-08-02 23:13:49,120363409447790752@g.us,Você,"🚨 *NUEVA ALERTA DE EMERGENCIA - PROTECCIÓN CIVIL* 🚨
━━━━━━━━━━━━━━━━━━━━━━━━━━━━

📋 *Folio:* REP-0165
⚠️ *Tipo:* ⛽ FUGA DE GAS
🔶 *Prioridad:* 🔴 ALTA
👤 *Encargado:* 🚑 *Unidad:* Unidad 10

📍 *Ubicación:*
   Costa de canistel 57
   Col. Fraccionamiento Arboledas San Ramón, Fraccionamiento Arboledas San Ramón

📝 *Descripción:*
   se esta fugando un gas

👤 *Reportó:* Josue Jaziel Delgado Burela
📞 *Teléfono:* 2888893215
🕐 *Fecha:* 22/Jul/2026 23:56

━━━━━━━━━━━━━━━━━━━━━━━━━━━━
📌 *Estatus:* 🚑 EN CAMINO
🆔 Para actualizar bitácora:
_Bitacora REP-0165: [tu actualización]_",
6,2026-08-02 23:26:17,120363409447790752@g.us,Você,"🚨 *NUEVA ALERTA DE EMERGENCIA - PROTECCIÓN CIVIL* 🚨
━━━━━━━━━━━━━━━━━━━━━━━━━━━━

📋 *Folio:* REP-0001
⚠️ *Tipo:* 🌳 CAÍDA DE ÁRBOL
🔶 *Prioridad:* LOW
👤 *Encargado:* ⚠️ *SIN PERSONAL A CARGO (PENDIENTE)*

📍 *Ubicación:*
   Costa de Canistel 48
   Col. Fraccionamiento Arboledas San Ramón, Fraccionamiento Arboledas San Ramón

📝 *Descripción:*
   un árbol se cayo y estorba el paso de los peatones

👤 *Reportó:* Josue Jaziel Delgado Burela
📞 *Teléfono:* 2888893215
🕐 *Fecha:* 02/Aug/2026 23:26

━━━━━━━━━━━━━━━━━━━━━━━━━━━━
📌 *Estatus:* ⏳ PENDIENTE
🆔 Para actualizar bitácora:
_Bitacora REP-0001: [tu actualización]_",
6,2026-08-02 23:32:42,120363409447790752@g.us,Você,"🚨 *NUEVA ALERTA DE EMERGENCIA - PROTECCIÓN CIVIL* 🚨
━━━━━━━━━━━━━━━━━━━━━━━━━━━━

📋 *Folio:* REP-0001
⚠️ *Tipo:* 🌳 CAÍDA DE ÁRBOL
🔶 *Prioridad:* 🔴 ALTA
👤 *Encargado:* ⚠️ *SIN PERSONAL A CARGO (PENDIENTE)*

📍 *Ubicación:*
   Costa de Canistel 48
   Col. Arboledas San Ramón, Medellín de Bravo

📝 *Descripción:*
   Árbol caído de gran tamaño obstruyendo el paso vehicular.

👤 *Reportó:* Josue Jaziel Delgado Burela
📞 *Teléfono:* 2888893215
🕐 *Fecha:* 02/Aug/2026 23:32

━━━━━━━━━━━━━━━━━━━━━━━━━━━━
📌 *Estatus:* ⏳ PENDIENTE
🆔 Para actualizar bitácora:
_Bitacora REP-0001: [tu actualización]_",
6,2026-08-02 23:35:22,120363409447790752@g.us,Você,"🚨 *NUEVA ALERTA DE EMERGENCIA - PROTECCIÓN CIVIL* 🚨
━━━━━━━━━━━━━━━━━━━━━━━━━━━━

📋 *Folio:* REP-0001
⚠️ *Tipo:* 🌳 CAÍDA DE ÁRBOL
🔶 *Prioridad:* 🔴 ALTA
👤 *Encargado:* ⚠️ *SIN PERSONAL A CARGO (PENDIENTE)*

📍 *Ubicación:*
   Costa de Canistel 48
   Col. Arboledas San Ramón, Medellín de Bravo

📝 *Descripción:*
   Árbol caído de gran tamaño obstruyendo la avenida principal.

👤 *Reportó:* Josue Jaziel Delgado Burela
📞 *Teléfono:* 2888893215
🕐 *Fecha:* 02/Aug/2026 23:35

━━━━━━━━━━━━━━━━━━━━━━━━━━━━
📌 *Estatus:* ⏳ PENDIENTE
🆔 Para actualizar bitácora:
_Bitacora REP-0001: [tu actualización]_",
6,2026-08-02 23:36:14,120363409447790752@g.us,Você,"📢 *ALERTA EN CAMINO — UNIDAD Y PERSONAL ASIGNADO* 📢
━━━━━━━━━━━━━━━━━━━━━━━━━━━━

📋 *Folio:* REP-0001
⚠️ *Tipo:* Árbol Caído / Obstrucción de Vía
📍 *Ubicación:* Costa de Canistel 48, Col. Arboledas San Ramón

👷 *Encargado a Cargo:* *Josue Jaziel Delgado Burela*
🚑 *Unidad Despachada:* *204*
⏱️ *Tiempo Estimado de Arribo:* *4*

━━━━━━━━━━━━━━━━━━━━━━━━━━━━
🔄 *Estatus:* 🚑 EN CAMINO",
6,2026-08-02 23:49:20,120363409447790752@g.us,Você,"✅ *EMERGENCIA FINALIZADA Y CONCLUIDA* ✅
━━━━━━━━━━━━━━━━━━━━━━━━━━━━

📋 *Folio:* REP-0169
⚠️ *Tipo:* Fuga de Gas / Material Peligroso
📍 *Ubicación:* Calle Principal 10, Col. Centro

👷 *Responsable a Cargo:* *Josue Jaziel Delgado Burela*
🚑 *Unidad:* *Josue Jaziel Delgado Burela*
⏱️ *Tiempo Total de Atención:* *0 min*

━━━━━━━━━━━━━━━━━━━━━━━━━━━━
📌 *Estatus Final:* ✅ RESUELTO / CONCLUIDO",
6,2026-08-02 23:49:30,120363409447790752@g.us,Você,"📢 *ACTUALIZACIÓN DE REPORTE*
━━━━━━━━━━━━━━━━━━━━━━━━━

📋 *Folio:* REP-0170
🔄 *Estatus:* ✅ RESUELTO
🚑 *Unidad:* PC-01
⏱️ *Tiempo estimado:* 10 min

📝 *Cambios:*
• Cambió estatus de 'En Camino / Atendiendo' a 'Finalizado / Resuelto'
• Asignó unidad: 'PC-01'

━━━━━━━━━━━━━━━━━━━━━━━━━
📍 Calle 5 de Mayo, Col. Centro",
6,2026-08-02 23:49:37,120363409447790752@g.us,Você,"🚨 *NUEVA ALERTA DE EMERGENCIA - PROTECCIÓN CIVIL* 🚨
━━━━━━━━━━━━━━━━━━━━━━━━━━━━

📋 *Folio:* REP-0001
⚠️ *Tipo:* 🌳 CAÍDA DE ÁRBOL
🔶 *Prioridad:* 🔴 ALTA
👤 *Encargado:* ⚠️ *SIN PERSONAL A CARGO (PENDIENTE)*

📍 *Ubicación:*
   Costa de Canistel 48
   Col. Arboledas San Ramón, Medellín de Bravo

📝 *Descripción:*
   Árbol caído obstruyendo el tránsito vehicular.

👤 *Reportó:* Josue Jaziel Delgado Burela
📞 *Teléfono:* 2888893215
🕐 *Fecha:* 02/Aug/2026 23:49

━━━━━━━━━━━━━━━━━━━━━━━━━━━━
📌 *Estatus:* ⏳ PENDIENTE
🆔 Para actualizar bitácora:
_Bitacora REP-0001: [tu actualización]_",
6,2026-08-02 23:50:05,120363409447790752@g.us,Você,"📢 *ALERTA EN CAMINO — UNIDAD Y PERSONAL ASIGNADO* 📢
━━━━━━━━━━━━━━━━━━━━━━━━━━━━

📋 *Folio:* REP-0001
⚠️ *Tipo:* Árbol Caído / Obstrucción de Vía
📍 *Ubicación:* Costa de Canistel 48, Col. Arboledas San Ramón

👷 *Encargado a Cargo:* *Josue Jaziel Delgado Burela*
🚑 *Unidad Despachada:* *204*
⏱️ *Tiempo Estimado de Arribo:* *3*

━━━━━━━━━━━━━━━━━━━━━━━━━━━━
🔄 *Estatus:* 🚑 EN CAMINO",
6,2026-08-02 23:53:58,120363409447790752@g.us,Você,"✅ *EMERGENCIA FINALIZADA Y CONCLUIDA* ✅
━━━━━━━━━━━━━━━━━━━━━━━━━━━━

📋 *Folio:* REP-0001
⚠️ *Tipo:* Árbol Caído / Obstrucción de Vía
📍 *Ubicación:* Costa de Canistel 48, Col. Arboledas San Ramón

👷 *Responsable a Cargo:* *Josue Jaziel Delgado Burela*
🚑 *Unidad:* *204*
⏱️ *Tiempo Total de Atención:* *4 min*

━━━━━━━━━━━━━━━━━━━━━━━━━━━━
📌 *Estatus Final:* ✅ RESUELTO / CONCLUIDO",
7,2026-08-02 23:06:42,199557250064521@lid,Você,"🚨 *ALERTA OPERATIVA — TURNO ACTIVO DE HOY* 🚨
━━━━━━━━━━━━━━━━━━━━━━━━━━━━
🛡️ *Guardia:* Guardia A (24 Hrs)

📋 *Folio:* REP-0165
⚠️ *Tipo:* ⛽ FUGA DE GAS
🔶 *Prioridad:* 🔴 ALTA

📍 *Ubicación:* Costa de canistel 57, Col. Fraccionamiento Arboledas San Ramón
📝 *Descripción:* se esta fugando un gas
👤 *Reportó:* Josue Jaziel Delgado Burela (2888893215)",
7,2026-08-02 23:11:19,199557250064521@lid,Você,🚨 PROBANDO MENSAJE TEXTO A 522888893215,
7,2026-08-02 23:11:19,199557250064521@lid,Você,🚨 PROBANDO MENSAJE TEXTO A 5212888893215,
7,2026-08-02 23:11:38,199557250064521@lid,Você,"🚨 *ALERTA OPERATIVA INDIVIDUAL — TURNO ACTIVO DE HOY* 🚨
━━━━━━━━━━━━━━━━━━━━━━━━━━━━
🛡️ *Guardia:* Guardia A (24 Hrs)

📋 *Folio:* REP-0165
⚠️ *Tipo:* ⛽ FUGA DE GAS
🔶 *Prioridad:* 🔴 ALTA
👤 *Encargado:* ⚠️ *SIN PERSONAL A CARGO (PENDIENTE)*

📍 *Ubicación:* Costa de canistel 57, Col. Fraccionamiento Arboledas San Ramón, Fraccionamiento Arboledas San Ramón
📝 *Descripción:* se esta fugando un gas
👤 *Reportó:* Josue Jaziel Delgado Burela (2888893215)
🕐 *Fecha:* 22/Jul/2026 23:56

━━━━━━━━━━━━━━━━━━━━━━━━━━━━
📌 *Notificación directa por pertenecer al turno activo del día.*",
7,2026-08-02 23:13:33,199557250064521@lid,Você,"🚨 *ALERTA OPERATIVA INDIVIDUAL — TURNO ACTIVO DE HOY* 🚨
━━━━━━━━━━━━━━━━━━━━━━━━━━━━
🛡️ *Guardia:* Guardia A (24 Hrs)

📋 *Folio:* REP-0165
⚠️ *Tipo:* ⛽ FUGA DE GAS
🔶 *Prioridad:* 🔴 ALTA
👤 *Encargado:* ⚠️ *SIN PERSONAL A CARGO (PENDIENTE)*

📍 *Ubicación:* Costa de canistel 57, Col. Fraccionamiento Arboledas San Ramón, Fraccionamiento Arboledas San Ramón
📝 *Descripción:* se esta fugando un gas
👤 *Reportó:* Josue Jaziel Delgado Burela (2888893215)
🕐 *Fecha:* 22/Jul/2026 23:56

━━━━━━━━━━━━━━━━━━━━━━━━━━━━
📌 *Toca la opción de abajo en el siguiente mensaje para responder si puedes atender.*",
7,2026-08-02 23:13:49,199557250064521@lid,Você,"🚨 *ALERTA OPERATIVA INDIVIDUAL — TURNO ACTIVO DE HOY* 🚨
━━━━━━━━━━━━━━━━━━━━━━━━━━━━
🛡️ *Guardia:* Guardia A (24 Hrs)

📋 *Folio:* REP-0165
⚠️ *Tipo:* ⛽ FUGA DE GAS
🔶 *Prioridad:* 🔴 ALTA
👤 *Encargado:* ⚠️ *SIN PERSONAL A CARGO (PENDIENTE)*

📍 *Ubicación:* Costa de canistel 57, Col. Fraccionamiento Arboledas San Ramón, Fraccionamiento Arboledas San Ramón
📝 *Descripción:* se esta fugando un gas
👤 *Reportó:* Josue Jaziel Delgado Burela (2888893215)
🕐 *Fecha:* 22/Jul/2026 23:56

━━━━━━━━━━━━━━━━━━━━━━━━━━━━
📌 *Toca la opción de abajo en el siguiente mensaje para responder si puedes atender.*",
7,2026-08-02 23:26:18,199557250064521@lid,Você,"🚨 *ALERTA OPERATIVA INDIVIDUAL — TURNO ACTIVO DE HOY* 🚨
━━━━━━━━━━━━━━━━━━━━━━━━━━━━
🛡️ *Guardia:* Guardia A (24 Hrs)

📋 *Folio:* REP-0001
⚠️ *Tipo:* 🌳 CAÍDA DE ÁRBOL
🔶 *Prioridad:* LOW
👤 *Encargado:* ⚠️ *SIN PERSONAL A CARGO (PENDIENTE)*

📍 *Ubicación:* Costa de Canistel 48, Col. Fraccionamiento Arboledas San Ramón, Fraccionamiento Arboledas San Ramón
📝 *Descripción:* un árbol se cayo y estorba el paso de los peatones
👤 *Reportó:* Josue Jaziel Delgado Burela (2888893215)
🕐 *Fecha:* 02/Aug/2026 23:26

━━━━━━━━━━━━━━━━━━━━━━━━━━━━
📌 *Toca la opción de abajo en el siguiente mensaje para responder si puedes atender.*",
7,2026-08-02 23:32:42,199557250064521@lid,Você,"🚨 *ALERTA OPERATIVA INDIVIDUAL — TURNO ACTIVO DE HOY* 🚨
━━━━━━━━━━━━━━━━━━━━━━━━━━━━
🛡️ *Guardia:* Guardia A (24 Hrs)

📋 *Folio:* REP-0001
⚠️ *Tipo:* 🌳 CAÍDA DE ÁRBOL
🔶 *Prioridad:* 🔴 ALTA
👤 *Encargado:* ⚠️ *SIN PERSONAL A CARGO (PENDIENTE)*

📍 *Ubicación:* Costa de Canistel 48, Col. Arboledas San Ramón, Medellín de Bravo
📝 *Descripción:* Árbol caído de gran tamaño obstruyendo el paso vehicular.
👤 *Reportó:* Josue Jaziel Delgado Burela (2888893215)
🕐 *Fecha:* 02/Aug/2026 23:32

━━━━━━━━━━━━━━━━━━━━━━━━━━━━
📌 *Toca la opción de abajo en el siguiente mensaje para responder si puedes atender.*",
7,2026-08-02 23:34:47,199557250064521@lid,Você,"✅ *¡HAS SIDO SELECCIONADO PARA ATENDER EL REPORTE REP-0001!*
━━━━━━━━━━━━━━━━━━━━━━━━━━━━

Hola *Josue Jaziel Delgado Burela*, para completar el despacho y notificar al grupo de alertas, responde las siguientes 2 preguntas:

1️⃣ *¿En qué unidad o vehículo acudirás a la emergencia?*
_(Escribe el nombre o número de unidad, ej: Ambulancia 02, PC-01, Pick-up Rescate, etc.)_",
7,2026-08-02 23:35:22,199557250064521@lid,Você,"🚨 *ALERTA OPERATIVA INDIVIDUAL — TURNO ACTIVO DE HOY* 🚨
━━━━━━━━━━━━━━━━━━━━━━━━━━━━
🛡️ *Guardia:* Guardia A (24 Hrs)

📋 *Folio:* REP-0001
⚠️ *Tipo:* 🌳 CAÍDA DE ÁRBOL
🔶 *Prioridad:* 🔴 ALTA
👤 *Encargado:* ⚠️ *SIN PERSONAL A CARGO (PENDIENTE)*

📍 *Ubicación:* Costa de Canistel 48, Col. Arboledas San Ramón, Medellín de Bravo
📝 *Descripción:* Árbol caído de gran tamaño obstruyendo la avenida principal.
👤 *Reportó:* Josue Jaziel Delgado Burela (2888893215)
🕐 *Fecha:* 02/Aug/2026 23:35

━━━━━━━━━━━━━━━━━━━━━━━━━━━━
📌 *Toca la opción de abajo en el siguiente mensaje para responder si puedes atender.*",
7,2026-08-02 23:35:39,199557250064521@lid,Você,"✅ *¡HAS SIDO SELECCIONADO PARA ATENDER EL REPORTE REP-0001!*
━━━━━━━━━━━━━━━━━━━━━━━━━━━━

Hola *Josue Jaziel Delgado Burela*, para completar el despacho y notificar al grupo de alertas, responde las siguientes 2 preguntas:

1️⃣ *¿En qué unidad o vehículo acudirás a la emergencia?*
_(Escribe el nombre o número de unidad, ej: Ambulancia 02, PC-01, Pick-up Rescate, etc.)_",
7,2026-08-02 23:36:06,199557250064521@lid,Você,"👍 *Unidad registrada:* 204

2️⃣ *¿Cuál es tu Tiempo Estimado de Arribo / Atención al punto?*
_(Escribe el tiempo estimado, ej: 10 minutos, 15 min, etc.)_",
7,2026-08-02 23:36:06,199557250064521@lid,199557250064521,204,
7,2026-08-02 23:36:13,199557250064521@lid,Você,"🚀 *¡DESPACHO COMPLETADO Y REGISTRADO!* 🚀
━━━━━━━━━━━━━━━━━━━━━━━━━━━━

📋 *Folio:* REP-0001
👷 *Encargado:* Josue Jaziel Delgado Burela
🚑 *Unidad:* 204
⏱️ *Tiempo Estimado:* 4

📌 *Estatus Actualizado:* 🚑 EN CAMINO

¡Procede con precaución! Puedes enviar avances a la bitácora escribiendo:
_Bitacora REP-0001: Arribando al punto_",
7,2026-08-02 23:36:13,199557250064521@lid,199557250064521,4,
7,2026-08-02 23:36:53,199557250064521@lid,199557250064521,Llegando al punto en breve 👍,
7,2026-08-02 23:46:36,199557250064521@lid,199557250064521,Arribando el área y visualizando el estado del problema,
7,2026-08-02 23:47:23,199557250064521@lid,199557250064521,ALERTA FINALIZADA CON EXITO,
7,2026-08-02 23:49:20,199557250064521@lid,Você,"🎉 *¡ALERTA FINALIZADA CON ÉXITO!* 🎉
━━━━━━━━━━━━━━━━━━━━━━━━━━━━

📋 *Folio:* REP-0169
👷 *Atendido por:* Josue Jaziel Delgado Burela
⏱️ *Tiempo de Atención:* 0 min

📌 *Estatus:* ✅ RESUELTO Y CERRADO
¡Excelente trabajo operativa!",
7,2026-08-02 23:49:38,199557250064521@lid,Você,"🚨 *ALERTA OPERATIVA INDIVIDUAL — TURNO ACTIVO DE HOY* 🚨
━━━━━━━━━━━━━━━━━━━━━━━━━━━━
🛡️ *Guardia:* Guardia A (24 Hrs)

📋 *Folio:* REP-0001
⚠️ *Tipo:* 🌳 CAÍDA DE ÁRBOL
🔶 *Prioridad:* 🔴 ALTA
👤 *Encargado:* ⚠️ *SIN PERSONAL A CARGO (PENDIENTE)*

📍 *Ubicación:* Costa de Canistel 48, Col. Arboledas San Ramón, Medellín de Bravo
📝 *Descripción:* Árbol caído obstruyendo el tránsito vehicular.
👤 *Reportó:* Josue Jaziel Delgado Burela (2888893215)
🕐 *Fecha:* 02/Aug/2026 23:49

━━━━━━━━━━━━━━━━━━━━━━━━━━━━
📌 *Toca la opción de abajo en el siguiente mensaje para responder si puedes atender.*",
7,2026-08-02 23:49:51,199557250064521@lid,Você,"✅ *¡HAS SIDO SELECCIONADO PARA ATENDER EL REPORTE REP-0001!*
━━━━━━━━━━━━━━━━━━━━━━━━━━━━

Hola *Josue Jaziel Delgado Burela*, para completar el despacho y notificar al grupo de alertas, responde las siguientes 2 preguntas:

1️⃣ *¿En qué unidad o vehículo acudirás a la emergencia?*
_(Escribe el nombre o número de unidad, ej: Ambulancia 02, PC-01, Pick-up Rescate, etc.)_",
7,2026-08-02 23:50:00,199557250064521@lid,Você,"👍 *Unidad registrada:* 204

2️⃣ *¿Cuál es tu Tiempo Estimado de Arribo / Atención al punto?*
_(Escribe el tiempo estimado, ej: 10 minutos, 15 min, etc.)_",
7,2026-08-02 23:50:00,199557250064521@lid,199557250064521,204,
7,2026-08-02 23:50:04,199557250064521@lid,199557250064521,3,
7,2026-08-02 23:50:05,199557250064521@lid,Você,"🚀 *¡DESPACHO COMPLETADO Y REGISTRADO!* 🚀
━━━━━━━━━━━━━━━━━━━━━━━━━━━━

📋 *Folio:* REP-0001
👷 *Encargado:* Josue Jaziel Delgado Burela
🚑 *Unidad:* 204
⏱️ *Tiempo Estimado:* 3

📌 *Estatus Actualizado:* 🚑 EN CAMINO

¡Procede con precaución! Puedes enviar avances a la bitácora escribiendo:
_Bitacora REP-0001: Arribando al punto_",
7,2026-08-02 23:50:35,199557250064521@lid,199557250064521,Arribando el punto del problema,
7,2026-08-02 23:52:46,199557250064521@lid,Você,"📝 *Bitácora Actualizada (REP-0001)*

Se añadió a la bitácora:
_""Arribando el punto del problema""_",
7,2026-08-02 23:53:29,199557250064521@lid,199557250064521,Actualización de bitácora prueba 2,
7,2026-08-02 23:53:30,199557250064521@lid,Você,"📝 *Bitácora Actualizada (REP-0001)*

Se añadió a la bitácora:
_""Actualización de bitácora prueba 2""_",
7,2026-08-02 23:53:57,199557250064521@lid,Você,"🎉 *¡ALERTA FINALIZADA CON ÉXITO!* 🎉
━━━━━━━━━━━━━━━━━━━━━━━━━━━━

📋 *Folio:* REP-0001
👷 *Atendido por:* Josue Jaziel Delgado Burela
⏱️ *Tiempo de Atención:* 4 min

📌 *Estatus:* ✅ RESUELTO Y CERRADO
¡Excelente trabajo operativa!",
7,2026-08-02 23:53:57,199557250064521@lid,199557250064521,ALERTA FINALIZADA CON EXITO,
8,2026-08-03 19:54:16,67440029520080@lid,67440029520080,hola buenas tardes,
8,2026-08-03 19:54:24,67440029520080@lid,67440029520080,para solicitar un traslado de la esperanza,
8,2026-08-03 19:54:27,67440029520080@lid,67440029520080,a la cruz roja,
8,2026-08-03 19:54:52,67440029520080@lid,67440029520080,"ya que mi abuela está muy grave le dio una embolia, y no puede caminar",
8,2026-08-03 19:55:00,67440029520080@lid,67440029520080,ni moverse,
8,2026-08-03 19:56:48,67440029520080@lid,67440029520080,🙏🏻🙏🏻,
9,2026-08-03 22:43:47,126040127086630@lid,126040127086630,buenas tardes de hatzalah,
9,2026-08-03 22:44:44,126040127086630@lid,126040127086630,5636940335,
9,2026-08-03 22:56:22,126040127086630@lid,126040127086630,compañero me podrias avisar cuando llegue la ambulancia al lugar del accdiente,
9,2026-08-04 00:08:01,126040127086630@lid,Você,Una disculpa compañero no escuché el teléfono llegaron al lugar la unidad 208 al mandó del director y solo se encontraba el papá y tres menores uno más y la mamá se trasladaron por sus medios al hospital más cercano,3EB0265E107437C3E5D0A9
9,2026-08-04 00:09:34,126040127086630@lid,Você,Exactamente a las 16:57 estaban en el punto,3EB0265E107437C3E5D0A9
9,2026-08-04 01:16:30,126040127086630@lid,126040127086630,muchas gracias por la atencion,
12,2026-08-04 17:26:20,216359027896444@lid,Você,Servicio,
12,2026-08-04 18:11:53,216359027896444@lid,Você,5657647256,
12,2026-08-04 18:59:14,216359027896444@lid,Você,229 210 4676,
12,2026-08-04 19:10:27,216359027896444@lid,Você,2293063355,
12,2026-08-04 20:32:44,216359027896444@lid,Você,2297738566,
12,2026-08-04 21:03:03,216359027896444@lid,Você,Alta de la paciente Irene Linares Zapot,
12,2026-08-04 22:08:36,216359027896444@lid,216359027896444,"Unidad 098 traslada a masculino a la clinica #61 del IMSS.
Posterior datos.",
12,2026-08-04 22:08:36,216359027896444@lid,216359027896444,"Guardia Nacional unidad GN-23865
A cargo de Teniente Dionisio Abelino Martinez con 3 más de fuerza",
14,2026-08-04 18:18:01,120363042493725288@g.us,213554649145471,U 208 en general de boca del Rio,
14,2026-08-04 18:56:14,120363042493725288@g.us,213554649145471,Unidad 208 en base,
14,2026-08-04 19:09:30,120363042493725288@g.us,214482211094536,Enterado con precaución,
14,2026-08-04 19:32:08,120363042493725288@g.us,170179606609930,Estamos pintando las poeterias,
14,2026-08-04 19:32:09,120363042493725288@g.us,170179606609930,"Todo listo.  @170179606609930 5 pm puntuales, inauguramos el torneo..",
14,2026-08-04 19:32:09,120363042493725288@g.us,170179606609930,"Buenos días, también irá un árbitro. Es de suma importancia que lleguen en sus horarios que les corresponde para no atrasar los demás partidos",
14,2026-08-04 19:48:30,120363042493725288@g.us,194171226824727,Unidad 072 sale del grupo más y retornamos a base,
14,2026-08-04 20:05:50,120363042493725288@g.us,170188213383234,Unidad 072 en base,
14,2026-08-04 20:24:10,120363042493725288@g.us,223488774266954,Sale U 208 de apoyo a traslado de Floresta a hospital de Cuauhtémoc,
14,2026-08-04 20:30:50,120363042493725288@g.us,135450517885035,"si correcto, familiar de persona del monitoreo y apoyo a pc medellin del C5 zona conurbada, pidio ayuda .",
14,2026-08-04 20:40:17,120363042493725288@g.us,214482211094536,Enterado sale unidad 098,ACCFEFDE0FE949740FFA6A60E1CBDE4E
14,2026-08-04 20:49:53,120363042493725288@g.us,214482211094536,Unidad 098 en el punto,ACCFEFDE0FE949740FFA6A60E1CBDE4E
14,2026-08-04 21:01:51,120363042493725288@g.us,Você,"U-098 terminando ese servicio, por favor atender esta solicitud de traslado del HGBV, para trasladar a su domicilio",
14,2026-08-04 21:22:33,120363042493725288@g.us,213554649145471,Unidad 098 en el hospital general de boca del rio,
14,2026-08-04 21:27:19,120363042493725288@g.us,170179606609930,Enterado!,ACD6776BD5E35E650B963DA61C2D21F2
14,2026-08-04 22:03:03,120363042493725288@g.us,213554649145471,Negativo,3A53F03726483C1772A4
14,2026-08-04 22:52:32,120363042493725288@g.us,213554649145471,Unidad 098 a base,
14,2026-08-04 22:54:57,120363042493725288@g.us,213554649145471,Unidad 098 en base,
14,2026-08-04 23:03:19,120363042493725288@g.us,170188213383234,Se retira tanque de gas 20kg,
14,2026-08-04 23:03:35,120363042493725288@g.us,170188213383234,Por seguridad del propietario,
14,2026-08-04 23:06:55,120363042493725288@g.us,170188213383234,Unidad 095 retorna a base,
15,2026-08-04 19:24:32,173692957004010@lid,173692957004010,Ya le enviaron la ubicación y Foto,
15,2026-08-04 19:24:54,173692957004010@lid,173692957004010,En espera de que hagan favor de ir gracias,
15,2026-08-04 19:29:56,173692957004010@lid,Você,enterada y gracias,
16,2026-08-04 20:21:00,66121122222226@lid,66121122222226,Ya me dieron el Alta de la paciente Irene Linares Zapot,
16,2026-08-04 20:21:17,66121122222226@lid,66121122222226,Le envío la hoja del Alta,
16,2026-08-04 20:34:50,66121122222226@lid,66121122222226,Siii muchas gracias,
16,2026-08-04 20:34:58,66121122222226@lid,66121122222226,Si aquí estoy con ella,
16,2026-08-04 20:38:16,66121122222226@lid,Você,Oki para servirle,
16,2026-08-04 20:38:23,66121122222226@lid,Você,En cuanto se desocupe una unidad pasan,
16,2026-08-04 20:38:27,66121122222226@lid,Você,Le aviso previamente,
16,2026-08-04 20:39:20,66121122222226@lid,66121122222226,Sii muchas gracias,
16,2026-08-04 21:26:26,66121122222226@lid,Você,"Ya esta la ambulancia ahi, llevaron a un paciente",
16,2026-08-04 21:26:34,66121122222226@lid,Você,para que esten pendientes,
16,2026-08-04 21:30:26,66121122222226@lid,66121122222226,Siii ya tengo lista a mi mamá,3EB0CFDB026D2FD7668E7C
16,2026-08-04 21:30:58,66121122222226@lid,66121122222226,Ya estoy en espera que suban,
16,2026-08-04 21:37:36,66121122222226@lid,66121122222226,Estamos en espera de la ambulancia,
16,2026-08-04 21:37:50,66121122222226@lid,66121122222226,Para el traslado a casa por favor,
16,2026-08-04 21:47:54,66121122222226@lid,Você,sobre el,
16,2026-08-04 21:48:01,66121122222226@lid,Você,requerimiento para el lunes,
16,2026-08-04 21:48:23,66121122222226@lid,Você,leo que la vuelven a internar???,
16,2026-08-04 21:53:42,66121122222226@lid,66121122222226,Siii otra vez y el martes la dan de alta,3EB0BA04B3132989570EFD
16,2026-08-04 21:54:23,66121122222226@lid,Você,en que horario tiene que estar en el hospital el lunes???,
16,2026-08-04 22:22:39,66121122222226@lid,66121122222226,A las 10 de la mañana en la hoja esta escrito,
16,2026-08-04 22:26:07,66121122222226@lid,66121122222226,En la parte de abajo,
16,2026-08-04 22:26:38,66121122222226@lid,66121122222226,Cita el lunes 10 debo estar acá en Hospital de boca del río,
17,2026-08-04 20:33:02,233453719150672@lid,Você,2297738566,
17,2026-08-04 20:47:27,233453719150672@lid,Você,56695490325,
17,2026-08-04 20:47:34,233453719150672@lid,Você,5669549032,
17,2026-08-04 20:48:43,233453719150672@lid,Você,5669549032,
17,2026-08-04 21:08:13,233453719150672@lid,Você,2294628047,
18,2026-08-04 20:34:20,257328754512027@lid,257328754512027,Esta consiente,
18,2026-08-04 20:34:33,257328754512027@lid,Você,Me comparte foto por favor de la persona que se cayó,
18,2026-08-04 20:34:44,257328754512027@lid,Você,Se pegó en su cabeza?,
18,2026-08-04 20:35:03,257328754512027@lid,257328754512027,Le sale un liquido un tanto amarillo por la nariz,
18,2026-08-04 20:35:09,257328754512027@lid,Você,Ok subo el servicio de ambulancia 🚑,
18,2026-08-04 20:35:17,257328754512027@lid,Você,Su nombre?,
18,2026-08-04 20:35:24,257328754512027@lid,257328754512027,Tiene afectado el hombro,
18,2026-08-04 20:35:38,257328754512027@lid,257328754512027,Raul perez conde,
18,2026-08-04 20:48:57,257328754512027@lid,257328754512027,Disculpe ya esta en camino,
18,2026-08-04 20:48:59,257328754512027@lid,257328754512027,??,
18,2026-08-04 20:49:04,257328754512027@lid,257328754512027,La ambulancia,
18,2026-08-04 20:49:14,257328754512027@lid,257328754512027,Ah ya llego,
19,2026-08-04 20:48:50,53975558688922@lid,Você,Pc,
19,2026-08-04 20:54:01,53975558688922@lid,53975558688922,La vez pasada no fue ansiedad  estaba arrojando sangre y evacuando sangre y orinando sangre,
19,2026-08-04 20:54:41,53975558688922@lid,53975558688922,En el hospital tienen el registro de el,
19,2026-08-04 20:54:49,53975558688922@lid,53975558688922,No es de ansiedad,
19,2026-08-04 20:56:03,53975558688922@lid,53975558688922,Su compañero que vino a revisarlo lo vio como arrojaba   sangre,
19,2026-08-04 20:57:03,53975558688922@lid,Você,Y si lo trasladó?,AC99FCFEBBF450799D3C9C30E9AC6144
19,2026-08-04 20:57:20,53975558688922@lid,53975558688922,La vez pasada cuando llame,
19,2026-08-04 20:57:39,53975558688922@lid,53975558688922,Si lo lleve al hospital,ACD765DFF9ECC9D3034A4EDCAF8C84FB
19,2026-08-04 20:57:46,53975558688922@lid,Você,Si mira ahorita tengo las 2 ambulancia 🚑 en servicio en cuanto se desocupe del servicio mandó al personal para que valore a tu familiar y se realice el traslado,
19,2026-08-04 20:57:52,53975558688922@lid,53975558688922,Ahorita otra vez se puso mal,
19,2026-08-04 20:59:47,53975558688922@lid,Você,Si ya se tiene canalizado tu reporte en cuánto se desocupe la unidad se mueve estamos contactando con c5 para ver si nos pueden apoyar con una unidad de bomberos conurbados,
19,2026-08-04 20:59:53,53975558688922@lid,53975558688922,Por eso solicito sus apoyos la verdad yo no cuento con recursos soy viuda falleció mi esposo 😭 hijo de de mi suegro,
19,2026-08-04 21:02:12,53975558688922@lid,Você,Si señora no se preocupe cuente con el servicio,ACE66AEB723F071737FF22E76FBCD7CA
19,2026-08-04 21:02:36,53975558688922@lid,Você,En cuanto la unidad se desocupe se envia.,ACD0F96C716EFC8ED5BBBD1B81E6C613
19,2026-08-04 21:02:37,53975558688922@lid,53975558688922,Gracias Dios los bendiga,
19,2026-08-04 21:02:41,53975558688922@lid,Você,Para servirle,
19,2026-08-04 21:02:53,53975558688922@lid,53975558688922,Si gracias por su comprensión,
19,2026-08-04 21:09:07,53975558688922@lid,Você,se atendera a la brevedad posible en cuanto este disponible una unidad,
19,2026-08-04 21:09:28,53975558688922@lid,53975558688922,Por favor gracias,
19,2026-08-04 21:29:31,53975558688922@lid,Você,ACUDE LA UNIDAD 01 DE SOPORTE VITAL,
19,2026-08-04 21:29:35,53975558688922@lid,Você,van en camino,
19,2026-08-04 21:30:18,53975558688922@lid,53975558688922,Disculpe tiene costo,
19,2026-08-04 21:30:49,53975558688922@lid,53975558688922,El traslado,
19,2026-08-04 21:32:55,53975558688922@lid,53975558688922,Por que un compañero de su equipo me hablo  me contacto con otra persona me cobra el servicio yo la verdad le comento no cuento con recursos para pagar el traslado 😔😭,
19,2026-08-04 21:34:46,53975558688922@lid,53975558688922,Por favor me puede confirmar si me van apoyar,
19,2026-08-04 21:36:29,53975558688922@lid,Você,"por parte de nosotros no tiene costo, pero dada la prioridad que tenemos de servicios de emergenci, canalice su atencion con C5",
19,2026-08-04 21:37:02,53975558688922@lid,Você,"pero, tendra que esperarnos a que tengamos ambulancia disponible",
19,2026-08-04 21:37:24,53975558688922@lid,53975558688922,Le agradezco muchísimo pero no tengo $ dinero para pagar la ambulancia,
19,2026-08-04 21:37:43,53975558688922@lid,Você,"si ese servicio que va, checa al señor Evaristo y lo canaliza como una ur5gencia, no tiene costo, pero si es traslado que no amerite la urgencia, si le cobran",
19,2026-08-04 21:39:05,53975558688922@lid,Você,"de lo contrario de no querer ese apoyo de ambulancia, nos tendra que esperar por favor",
19,2026-08-04 21:39:13,53975558688922@lid,53975558688922,Entonces me esta diciendo que no es una  urgencia,
19,2026-08-04 21:39:19,53975558688922@lid,Você,con nosotros es sin costo,
19,2026-08-04 21:39:47,53975558688922@lid,Você,....,ACCC7D35849214C59FA4A0D60067BA26
19,2026-08-04 21:42:29,53975558688922@lid,Você,EStoy viendo todos los medios para darle atencion a su familiar...,
19,2026-08-04 21:45:26,53975558688922@lid,53975558688922,Que solo estoy jugando con ustedes y su salud  con todo respeto que se merece  discúlpame por solicitar su apoyo  voy a buscar otro medios para llevarlo  con esta van 2 veces que solicito su apoyo  y solo me dices que es por ansiedad cuando no es cierto  pero  en fin  Dios ve y la sabe la enfermedad y la situación de mi suegro gracias,
20,2026-08-04 21:08:33,214774235267138@lid,Você,Buenas Tardes aquí Anel de PC Medellín,
20,2026-08-04 21:09:56,214774235267138@lid,214774235267138,"*Reporte al 9-1-1 (PRELIMINAR)*
Fecha y Hora: *04/08/2026 14:14:29*
Asunto: *PERSONA(S) LESIONADA(S) POR SUSPENSIÓN*
Colonia: *BENITO JUAREZ*
Calle: *GUTIERREZ ZAMORA *
Entre calles: *VIRGILIO URIBE*
Referencia: *EN EL JARDIN DE NIÑOS ANGELA PERALTA*
Localidad: *NO ESPECIFICADO*
Municipio: *MEDELLIN DE BRAVO*
*Ubicación:*https://www.google.com/maps/place/19.080040795367,-96.163576651183
*Resumen de evento*
     REQUIERE APOYO DE AMBULANCIA
INDICA QUE UN JOVEN QUE ESTABA HACIENDO UN TRABAJO DE ALBAÑILERIA SE CAYO DE UN ANDAMIOY SE GOLPEO LA CABEZA
SE CAYO DE APROX METRO Y MEDIO
ESTA CONSCIENTE",
20,2026-08-04 21:10:48,214774235267138@lid,Você,"Nos solicitó CRUM el apoyo de atender este servicio, pero hago de su conocimiento que tengo  las unidades en servicio. Es un Masculino que presenta disficultad respiratoria de  80 años, refieren que se cayo hace 3 dias y no lo llevaron al medico. lo solicita su nuera la Sra Alicia Cervantes 5669549032",
20,2026-08-04 21:11:09,214774235267138@lid,Você,podrian apoyarnos para atender esto? ya que en este momento no contamos con unidad disponible,
20,2026-08-04 21:11:28,214774235267138@lid,Você,se esta atendiendo U-098 traslada a Masculino a HGBV,3EB0BC9969580878C5BE0D
20,2026-08-04 21:28:33,214774235267138@lid,214774235267138,ACUDE LA UNIDAD 01 DE SOPORTE VITAL,
20,2026-08-04 21:29:19,214774235267138@lid,Você,muchas gracias,
20,2026-08-04 21:30:10,214774235267138@lid,214774235267138,MANDO PERO SOLICITANTE NO DESEA LA AMBULANCIA DE SOPORTE VITAL YA QUE NO CUENTA CON RECURSOS,
20,2026-08-04 21:30:25,214774235267138@lid,214774235267138,INDICA QUE ACUDE AL AYUNTAMIENTO,
20,2026-08-04 21:32:46,214774235267138@lid,Você,"Gracias por el apoyo, tendra que esperarnos la ciudadana. entonces no es una URGENCIA. 😶",
20,2026-08-04 21:39:41,214774235267138@lid,214774235267138,SI PORQUE CONURBADOS LO ESTA CHECANDO CON SU SUPERIOR PARA SALIR DE SU AREA,
20,2026-08-04 21:40:05,214774235267138@lid,Você,ok muchas gracias,
20,2026-08-04 21:40:17,214774235267138@lid,Você,la persona dice no tener dinero ni para un taxi,
20,2026-08-04 21:42:06,214774235267138@lid,214774235267138,"CRUZ ROJA ESTA AL PENDIENTE DE LO QUE RESPONDA BOMBEROS, NO SÉ SI MA VA A APOYAR, PERO ME DIJO QUE CUALQUIER COSA LE AVISE",
20,2026-08-04 21:42:15,214774235267138@lid,Você,muchisimas gracias,
20,2026-08-04 21:51:27,214774235267138@lid,214774235267138,BOMBEROS NO ACUDE,
20,2026-08-04 21:51:36,214774235267138@lid,214774235267138,CRUZ ROJA LO VA A VERIFICAR,
20,2026-08-04 21:56:54,214774235267138@lid,214774235267138,"MANDO DEL CHOQUE DE PUENTE MORENO, CUENTA CON NOVEDAD ?",
20,2026-08-04 21:57:37,214774235267138@lid,Você,No tengo ningun reporte,3EB04E21F9DDFF2B1806A0
20,2026-08-04 21:59:03,214774235267138@lid,Você,me refiero que no tengo datos que nos hayan hecho ese reporte,
20,2026-08-04 21:59:15,214774235267138@lid,214774235267138,COMPRENDO,
20,2026-08-04 22:08:50,214774235267138@lid,Você,"Unidad 098 traslada a masculino a la clinica #61 del IMSS.
Posterior datos.",
20,2026-08-04 22:08:50,214774235267138@lid,Você,"Guardia Nacional unidad GN-23865
A cargo de Teniente Dionisio Abelino Martinez con 3 más de fuerza",
20,2026-08-04 22:09:00,214774235267138@lid,Você,Estos datos tengo de un accidente que fue en mañana,
21,2026-08-04 21:24:38,120363409447790752@g.us,Você,"🚨 *NUEVA ALERTA DE EMERGENCIA - PROTECCIÓN CIVIL* 🚨
━━━━━━━━━━━━━━━━━━━━━━━━━━━━

📋 *Folio:* REP-0173
⚠️ *Tipo:* ⛽ FUGA DE GAS
🔶 *Prioridad:* 🔴 ALTA
👤 *Encargado:* ⚠️ *SIN PERSONAL A CARGO (PENDIENTE)*

📍 *Ubicación:*
   prueba
   Col. Fraccionamiento Arboledas San Ramón, Fraccionamiento Arboledas San Ramón

📝 *Descripción:*
   pruebas1

👤 *Reportó:* prueba
📞 *Teléfono:* 2888893215
🕐 *Fecha:* 04/Aug/2026 21:24

━━━━━━━━━━━━━━━━━━━━━━━━━━━━
📌 *Estatus:* ⏳ PENDIENTE
🆔 Para actualizar bitácora:
_Bitacora REP-0173: [tu actualización]_",
21,2026-08-04 21:28:07,120363409447790752@g.us,Você,"📢 *ACTUALIZACIÓN DE REPORTE*
━━━━━━━━━━━━━━━━━━━━━━━━━

📋 *Folio:* REP-0173
🔄 *Estatus:* 🚑 EN CAMINO
🚑 *Unidad:* sdfdsf
⏱️ *Tiempo estimado:* 2

📝 *Cambios:*
• Cambió estatus de 'Leído / Evaluando' a 'En Camino / Atendiendo'
• Asignó unidad: 'sdfdsf'

━━━━━━━━━━━━━━━━━━━━━━━━━
📍 prueba, Col. Fraccionamiento Arboledas San Ramón",
21,2026-08-04 21:28:12,120363409447790752@g.us,Você,"📢 *ACTUALIZACIÓN DE REPORTE*
━━━━━━━━━━━━━━━━━━━━━━━━━

📋 *Folio:* REP-0173
🔄 *Estatus:* ✅ RESUELTO
🚑 *Unidad:* sdfdsf
⏱️ *Tiempo estimado:* 2

📝 *Cambios:*
• Cambió estatus de 'En Camino / Atendiendo' a 'Finalizado / Resuelto'

━━━━━━━━━━━━━━━━━━━━━━━━━
📍 prueba, Col. Fraccionamiento Arboledas San Ramón",
21,2026-08-04 21:29:17,120363409447790752@g.us,Você,"🚨 *NUEVA ALERTA DE EMERGENCIA - PROTECCIÓN CIVIL* 🚨
━━━━━━━━━━━━━━━━━━━━━━━━━━━━

📋 *Folio:* REP-0174
⚠️ *Tipo:* ⛽ FUGA DE GAS
🔶 *Prioridad:* 🔴 ALTA
👤 *Encargado:* ⚠️ *SIN PERSONAL A CARGO (PENDIENTE)*

📍 *Ubicación:*
   1
   Col. Fraccionamiento Puente Moreno, Fraccionamiento Puente Moreno

📝 *Descripción:*
   purebas2

👤 *Reportó:* 1
📞 *Teléfono:* 2888893215
🕐 *Fecha:* 04/Aug/2026 21:29

━━━━━━━━━━━━━━━━━━━━━━━━━━━━
📌 *Estatus:* ⏳ PENDIENTE
🆔 Para actualizar bitácora:
_Bitacora REP-0174: [tu actualización]_",
21,2026-08-04 21:30:56,120363409447790752@g.us,Você,"📢 *ACTUALIZACIÓN DE REPORTE*
━━━━━━━━━━━━━━━━━━━━━━━━━

📋 *Folio:* REP-0174
🔄 *Estatus:* 🚑 EN CAMINO
🚑 *Unidad:* wewe
⏱️ *Tiempo estimado:* we

📝 *Cambios:*
• Cambió estatus de 'Leído / Evaluando' a 'En Camino / Atendiendo'
• Asignó unidad: 'wewe'

━━━━━━━━━━━━━━━━━━━━━━━━━
📍 1, Col. Fraccionamiento Puente Moreno",
21,2026-08-04 21:31:00,120363409447790752@g.us,Você,"📢 *ACTUALIZACIÓN DE REPORTE*
━━━━━━━━━━━━━━━━━━━━━━━━━

📋 *Folio:* REP-0174
🔄 *Estatus:* ✅ RESUELTO
🚑 *Unidad:* wewe
⏱️ *Tiempo estimado:* we

📝 *Cambios:*
• Cambió estatus de 'En Camino / Atendiendo' a 'Finalizado / Resuelto'

━━━━━━━━━━━━━━━━━━━━━━━━━
📍 1, Col. Fraccionamiento Puente Moreno",
21,2026-08-04 21:36:11,120363409447790752@g.us,Você,"🚨 *NUEVA ALERTA DE EMERGENCIA - PROTECCIÓN CIVIL* 🚨
━━━━━━━━━━━━━━━━━━━━━━━━━━━━

📋 *Folio:* REP-0175
⚠️ *Tipo:* ⛽ FUGA DE GAS
🔶 *Prioridad:* 🔴 ALTA
👤 *Encargado:* ⚠️ *SIN PERSONAL A CARGO (PENDIENTE)*

📍 *Ubicación:*
   Costa de Canistel 58
   Col. Fraccionamiento Arboledas San Ramón, Fraccionamiento Arboledas San Ramón

📝 *Descripción:*
   se esta fugando un gas

👤 *Reportó:* Josue Jaziel Delgado Burela
📞 *Teléfono:* 2888893215
🕐 *Fecha:* 04/Aug/2026 21:36

━━━━━━━━━━━━━━━━━━━━━━━━━━━━
📌 *Estatus:* ⏳ PENDIENTE
🆔 Para actualizar bitácora:
_Bitacora REP-0175: [tu actualización]_",
21,2026-08-04 21:42:36,120363409447790752@g.us,Você,"📢 *ACTUALIZACIÓN DE REPORTE*
━━━━━━━━━━━━━━━━━━━━━━━━━

📋 *Folio:* REP-0175
🔄 *Estatus:* ✅ RESUELTO
🚑 *Unidad:* 205
⏱️ *Tiempo estimado:* 5

📝 *Cambios:*
• Cambió estatus de 'En Camino / Atendiendo' a 'Finalizado / Resuelto'

━━━━━━━━━━━━━━━━━━━━━━━━━
📍 Costa de Canistel 58, Col. Fraccionamiento Arboledas San Ramón",
21,2026-08-04 21:52:10,120363409447790752@g.us,Você,"🚨 *NUEVA ALERTA DE EMERGENCIA - PROTECCIÓN CIVIL* 🚨
━━━━━━━━━━━━━━━━━━━━━━━━━━━━

📋 *Folio:* REP-0176
⚠️ *Tipo:* ⛽ FUGA DE GAS
🔶 *Prioridad:* 🔴 ALTA
👤 *Encargado:* ⚠️ *SIN PERSONAL A CARGO (PENDIENTE)*

📍 *Ubicación:*
   1
   Col. El Recuerdo (Kilómetro 14), El Recuerdo (Kilómetro 14)

📝 *Descripción:*
   1

👤 *Reportó:* 1
📞 *Teléfono:* 1
🕐 *Fecha:* 04/Aug/2026 21:52

━━━━━━━━━━━━━━━━━━━━━━━━━━━━
📌 *Estatus:* ⏳ PENDIENTE
🆔 Para actualizar bitácora:
_Bitacora REP-0176: [tu actualización]_",
21,2026-08-04 21:55:22,120363409447790752@g.us,Você,🧪 Prueba de mensaje al grupo de alertas,
21,2026-08-04 21:55:37,120363409447790752@g.us,Você,❌ No se encontró ningún reporte activo con el folio *REP-0178*.,
21,2026-08-04 21:56:51,120363409447790752@g.us,Você,"🚨 *NUEVA ALERTA DE EMERGENCIA - PROTECCIÓN CIVIL* 🚨
━━━━━━━━━━━━━━━━━━━━━━━━━━━━

📋 *Folio:* REP-0177
⚠️ *Tipo:* ⛽ FUGA DE GAS
🔶 *Prioridad:* 🔴 ALTA
👤 *Encargado:* ⚠️ *SIN PERSONAL A CARGO (PENDIENTE)*

📍 *Ubicación:*
   1
   Col. El Recuerdo (Kilómetro 14), El Recuerdo (Kilómetro 14)

📝 *Descripción:*
   1

👤 *Reportó:* q
📞 *Teléfono:* 1
🕐 *Fecha:* 04/Aug/2026 21:56

━━━━━━━━━━━━━━━━━━━━━━━━━━━━
📌 *Estatus:* ⏳ PENDIENTE
🆔 Para actualizar bitácora:
_Bitacora REP-0177: [tu actualización]_",
21,2026-08-04 21:57:07,120363409447790752@g.us,Você,"✅ *¡HAS SIDO SELECCIONADO PARA ATENDER EL REPORTE REP-0177!*
━━━━━━━━━━━━━━━━━━━━━━━━━━━━

Hola *Burela*, para completar el despacho y notificar al grupo de alertas, responde las siguientes 2 preguntas:

1️⃣ *¿En qué unidad o vehículo acudirás a la emergencia?*
_(Escribe el nombre o número de unidad, ej: Ambulancia 02, PC-01, Pick-up Rescate, etc.)_",
21,2026-08-04 21:59:00,120363409447790752@g.us,199557250064521,205,
21,2026-08-04 22:01:50,120363409447790752@g.us,Você,"👍 *Unidad registrada:* 205

2️⃣ *¿Cuál es tu Tiempo Estimado de Arribo / Atención al punto?*
_(Escribe el tiempo estimado, ej: 10 minutos, 15 min, etc.)_",
21,2026-08-04 22:10:04,120363409447790752@g.us,Você,"🚨 *NUEVA ALERTA DE EMERGENCIA - PROTECCIÓN CIVIL* 🚨
━━━━━━━━━━━━━━━━━━━━━━━━━━━━

📋 *Folio:* REP-0178
⚠️ *Tipo:* 📋 INUNDACION
🔶 *Prioridad:* 🔴 ALTA
👤 *Encargado:* ⚠️ *SIN PERSONAL A CARGO (PENDIENTE)*

📍 *Ubicación:*
   Av. Revolución #45
   Col. Centro, Alberto Lara Rivera

📝 *Descripción:*
   Prueba de despacho operativo en vivo

👤 *Reportó:* Prueba Sistema Digital
📞 *Teléfono:* 2299554774
🕐 *Fecha:* 04/Aug/2026 22:09

━━━━━━━━━━━━━━━━━━━━━━━━━━━━
📌 *Estatus:* ⏳ PENDIENTE
🆔 Para actualizar bitácora:
_Bitacora REP-0178: [tu actualización]_",
21,2026-08-04 22:11:15,120363409447790752@g.us,Você,"📢 *ALERTA EN CAMINO — UNIDAD Y PERSONAL ASIGNADO* 📢
━━━━━━━━━━━━━━━━━━━━━━━━━━━━

📋 *Folio:* REP-0177
⚠️ *Tipo:* Fuga de Gas / Material Peligroso
📍 *Ubicación:* 1, Col. El Recuerdo (Kilómetro 14)

👷 *Encargado a Cargo:* *Burela*
🚑 *Unidad Despachada:* *205*
⏱️ *Tiempo Estimado de Arribo:* *✋ Aceptar Atender (REP-0178)*

━━━━━━━━━━━━━━━━━━━━━━━━━━━━
🔄 *Estatus:* 🚑 EN CAMINO",
21,2026-08-04 22:11:15,120363409447790752@g.us,Você,"🚀 *¡DESPACHO COMPLETADO Y REGISTRADO!* 🚀
━━━━━━━━━━━━━━━━━━━━━━━━━━━━

📋 *Folio:* REP-0177
👷 *Encargado:* Burela
🚑 *Unidad:* 205
⏱️ *Tiempo Estimado:* ✋ Aceptar Atender (REP-0178)

📌 *Estatus Actualizado:* 🚑 EN CAMINO

¡Procede con precaución! Puedes enviar avances a la bitácora escribiendo:
_Bitacora REP-0177: Arribando al punto_",
21,2026-08-04 22:16:02,120363409447790752@g.us,Você,"🚨 *NUEVA ALERTA DE EMERGENCIA - PROTECCIÓN CIVIL* 🚨
━━━━━━━━━━━━━━━━━━━━━━━━━━━━

📋 *Folio:* REP-0178
⚠️ *Tipo:* 📋 INUNDACION
🔶 *Prioridad:* 🔴 ALTA
👤 *Encargado:* ⚠️ *SIN PERSONAL A CARGO (PENDIENTE)*

📍 *Ubicación:*
   Av. Revolución #45
   Col. Centro, Alberto Lara Rivera

📝 *Descripción:*
   Prueba de despacho operativo en vivo

👤 *Reportó:* Prueba Sistema Digital
📞 *Teléfono:* 2299554774
🕐 *Fecha:* 04/Aug/2026 22:09

━━━━━━━━━━━━━━━━━━━━━━━━━━━━
📌 *Estatus:* ⏳ PENDIENTE
🆔 Para actualizar bitácora:
_Bitacora REP-0178: [tu actualización]_",
23,2026-08-05 01:38:47,120363042493725288@g.us,170179606609930,Para conocimiento ya quedó autorizado este servicio,
23,2026-08-05 01:38:51,120363042493725288@g.us,170179606609930,Para que se acuda,
23,2026-08-05 01:39:37,120363042493725288@g.us,135450517885035,"correcto Director Daniel, atento a los traslados.",
23,2026-08-05 01:53:33,120363042493725288@g.us,226585563119766,Enterada,ACFD4BCF97909F949214E5FDFE01BFB7
23,2026-08-05 01:55:09,120363042493725288@g.us,214482211094536,Sale unidad U_208 @265639449067682 y @223488774266954 con precaución,3A5A6BB91A4C6068B7C2
23,2026-08-05 02:25:30,120363042493725288@g.us,265639449067682,Unidad 208 comienza traslado de la clínica 71 al hospital de María,
23,2026-08-05 02:25:48,120363042493725288@g.us,214482211094536,Enterado en base,
23,2026-08-05 02:28:21,120363042493725288@g.us,213554649145471,"*FECHA*  04/ 08/2026
*AMBULANCIA*  U-208
*OPERADOR* Luis Alberto Vique 
*PARAMEDICO* Jorge Luna 
*TERCERO ABORDO*
Emily Janeth
*DIRECCIÓN DEL SERVICIO*  calle paso colorado / Revolución y 20 de noviembre 
*TIPO DE SERVICIO* 
Urgencia 
*NOMBRE DEL PACIENTE* 
José Omar Gonzales Fuentes 
*FECHA DE NACIMIENTO:*
21/07/1966
Veracruz ver 
*T/A* 90/60
*F/C* 114
*F/R*  19
 *Spo2*  95%
 *TEMPERATURA* 35.7
*GLUC/OPCIONAL* 
*EDAD* 60 años 
*Glasgow* 12
*ORIGINARIO ( A)* Veracruz 
*DESCRIPCIÓN DE LO OCURRIDO*  El ciudadano Refiere sentir Mareo y posterior sufre una caída del nivel de sustentación, y se golpea la cabeza originando una contusión en la región parietal sin herida visible,  refiere que sus vecinos lo ayudan a levantarse, al arribo de la unidad se encuentra paciente en posición sedente 
Consciente y desorientado.
*DIAGNÓSTICO* Probable IAM + TCE level 
*HOSPITAL  DE TRASLADO* Hospital General de boca del rio 
 *RECIBE* Dra. Sánchez 
*CÓDIGO* Rojo 
*OBSERVACIONES* 
px  con Glasgow 12
Contusion en región parietal, 
Edema 
Astenia y adinamia
Pálido diaforetico 
Pulso radial intensidad 2/2
Llenado capilar 2/2
*ANTECEDENTES PATOLOGICOS*
Diabetes (2)
*ANTECEDENTES  NO PATOLOGICOS*
Negados 

*ALERGIAS* Negadas 

 *MEDICAMENTOS* 
 Gilbenclamida y metformina sin especificar gramaje
*AUTORIDAD EN EL LUGAR*  N/a
*SEGURO*  No 
*DESPACHA* Dirección de protección civil",AC951E24907F7BD3020A5878815CA322
23,2026-08-05 02:39:31,120363042493725288@g.us,265639449067682,U-208 en el hospital D'maria,
23,2026-08-05 02:39:58,120363042493725288@g.us,Você,Enterado base,
23,2026-08-05 03:04:32,120363042493725288@g.us,213554649145471,"*FECHA*  04/ 08/2026
*AMBULANCIA*  U-098
*OPERADOR* José Luis Prieto 
*PARAMEDICO* Jorge Luna 
*TERCERO ABORDO*
Emily Janeth
*DIRECCIÓN DEL SERVICIO*  Gral. Gtz Zamora, Benito Juárez, 94273 El Tejar, Ver.
*TIPO DE SERVICIO* 
Urgencia 
*NOMBRE DEL PACIENTE* 
Raul Pérez Conde 
*FECHA DE NACIMIENTO:*
21 de Junio de 1998
Veracruz ver 
*T/A* 130/90
*F/C* 89
*F/R*  18
 *Spo2*  97%
 *TEMPERATURA* 36.5
*GLUC/OPCIONAL* 
*EDAD* 28 años 
*Glasgow* 15
*ORIGINARIO ( A)* Veracruz 
*DESCRIPCIÓN DE LO OCURRIDO*  El ciudadano Refiere hacer un mal movimiento sin contra peso en altura lo que original la caída de aproximadamente  2.5m refiere caer sobre su lado izquierdo y se golpea la cabeza, una contusión en la región parietal sin herida visible,  presenta deformidad Eva de 8 al la palpacion, crepita clavícula izquierda, al arribo de la unidad se encuentra paciente en posición fetal  consciente Alerta y Orientado 
*DIAGNÓSTICO* Probable Fx de clavícula izquierda+ TCE leve 
*HOSPITAL  DE TRASLADO* Hospital General de boca del rio 
 *RECIBE* ( no aporta datos ) 
*CÓDIGO* Verde 
*OBSERVACIONES* 
px  con Glasgow 15
Contusion en región parietal, 
Edema
Llenado capilar 2/2
*ANTECEDENTES PATOLOGICOS*
Negados 
*ANTECEDENTES  NO PATOLOGICOS*
Negados 

*ALERGIAS* Negadas 

 *MEDICAMENTOS* 
 Negados 
*AUTORIDAD EN EL LUGAR*  N/a
*SEGURO*  No 
*DESPACHA* Dirección de protección civil",ACD6776BD5E35E650B963DA61C2D21F2
23,2026-08-05 03:05:34,120363042493725288@g.us,170179606609930,Enterado gracias,AC713A38A542199567498FD6E726B725
23,2026-08-05 03:12:09,120363042493725288@g.us,72104464666678,Circuito laguna ll,
23,2026-08-05 03:16:47,120363042493725288@g.us,265639449067682,U-208 se dirige a carga de combustible,
23,2026-08-05 03:17:07,120363042493725288@g.us,214482211094536,Enterado pendientes,
23,2026-08-05 03:25:08,120363042493725288@g.us,214482211094536,"*Reporte al 9-1-1 (PRELIMINAR)*
Fecha y Hora: *04/08/2026 21:17:10*
Asunto: *CHOQUE VEHICULAR CON  PERSONA LESIONADA*
Colonia: *LAGOS DE PUENTE MORENO*
Calle: *LOS LAGOS S/N*
Entre calles: *CIRCUITO ALEMANIA Y LAGUNA DE CAIREL*
Referencia: *FRENTE AL OXXO*
Localidad: *MDE*
Municipio: *MEDELLIN DE BRAVO*
*Ubicación:*https://www.google.com/maps/place/19.099368745444,-96.166775394489
*Resumen de evento*",
23,2026-08-05 03:25:24,120363042493725288@g.us,214482211094536,Sale unidad 098 a el punto indicado,
23,2026-08-05 03:31:38,120363042493725288@g.us,170179606609930,Enterado!,AC0423E89DB2F1C6406F555F8EE3BF74
23,2026-08-05 03:36:11,120363042493725288@g.us,214482211094536,Unidad 098 en el punto,AC97A8FF255D28F405044450274BCE1B
23,2026-08-05 03:36:35,120363042493725288@g.us,194171226824727,Enterado base,AC272B1B6CCB2A75498A61BF3197757C
23,2026-08-05 03:41:38,120363042493725288@g.us,170179606609930,Enterado gracias,AC74284466476162536C1FDCF5C7AEC1
23,2026-08-05 03:45:36,120363042493725288@g.us,194171226824727,Enterado base,
23,2026-08-05 03:45:39,120363042493725288@g.us,194171226824727,Con precaución,
23,2026-08-05 03:53:59,120363042493725288@g.us,265639449067682,U-208 en base,
23,2026-08-05 03:59:48,120363042493725288@g.us,214482211094536,Unidad 098 en HG boca del río en espera de equipo,
23,2026-08-05 04:09:20,120363042493725288@g.us,214482211094536,"Mando estatal Reynaldo Hernández Juan 
2 más 
En la sp-4466",
23,2026-08-05 04:10:20,120363042493725288@g.us,214482211094536,"*Reporte al 9-1-1 (PRELIMINAR)*
Fecha y Hora: *04/08/2026 22:02:24*
Asunto: *CHOQUE VEHICULAR CON  PERSONA LESIONADA*
Colonia: *ARBOLEDA SAN RAMON*
Calle: *VERGEL  SANPEDRO S/N*
Entre calles: *SAN BARTOLOME Y   TORRES*
Referencia: *CERCA DEL  DOMO*
Localidad: *MEDELLIN DE BRAVO*
Municipio: *MEDELLIN DE BRAVO*
*Ubicación:*https://www.google.com/maps/place/19.092374435612,-96.156871318817
*Resumen de evento*",
23,2026-08-05 04:10:54,120363042493725288@g.us,214482211094536,@265639449067682 y @223488774266954 apóyame en ese  tema de favor,
23,2026-08-05 04:11:54,120363042493725288@g.us,265639449067682,Enterado sale u208,
23,2026-08-05 04:14:17,120363042493725288@g.us,265639449067682,En el punto,
23,2026-08-05 04:14:31,120363042493725288@g.us,194171226824727,Enterado base,
23,2026-08-05 04:42:04,120363042493725288@g.us,71803431043257,"Juan de Dios Vazquez Nieto 
Ribera de la laguna 2 casa 30 sur",
23,2026-08-05 04:42:51,120363042493725288@g.us,71803431043257,"Juan de Dios Vazquez Nieto 
Ribera de la laguna 2 casa 30 sur",
23,2026-08-05 04:45:52,120363042493725288@g.us,265639449067682,"Perito -Jesús Hernández 
Te01-588
Tránsito estatal",
23,2026-08-05 04:48:30,120363042493725288@g.us,213554649145471,Unidad 098 en base,
23,2026-08-05 04:50:31,120363042493725288@g.us,72104464666678,Anecso unidad 096 en base,
23,2026-08-05 04:51:31,120363042493725288@g.us,265639449067682,"Encargado Juan Carlos Benítez 
Unidad ssp -4465
Con 3 de fuerza",
23,2026-08-05 04:53:16,120363042493725288@g.us,265639449067682,Se valo masculino 15 años Andru  eloi García Silva no requiere traslado solo daños materiales u-208 retorna a base,
24,2026-08-05 15:18:56,120363042493725288@g.us,97878764691675,"U-072 con niveles correctos de aceite de motor aceite hidráulico 
Observación:
el aceite de motor ya está muy quemado requiere el mantenimiento",
24,2026-08-05 15:21:44,120363042493725288@g.us,128733256110143,https://maps.app.goo.gl/fS8d8LWUxHYCRmf48,
24,2026-08-05 15:21:47,120363042493725288@g.us,128733256110143,Favor de acudir unidad 096 a ese punto para levantar un perrito atropellado,
24,2026-08-05 15:33:27,120363042493725288@g.us,170188213383234,Sale 096 a este reporte,ACB8C149FC777639B692FB1DA37D6963
24,2026-08-05 15:40:30,120363042493725288@g.us,170188213383234,Unidad en el punto,
24,2026-08-05 15:45:58,120363042493725288@g.us,170188213383234,Nos dirigimos asia la. Veterinaria manchitas,
24,2026-08-05 15:46:26,120363042493725288@g.us,128733256110143,Enterado con precaución,AC2DE690D082597DD7D5971B465FB79C
24,2026-08-05 15:56:16,120363042493725288@g.us,170179606609930,Muchas gracias!,AC3E8E4F95604EF6B3C47CDA01382DBC
24,2026-08-05 16:17:12,120363042493725288@g.us,170179606609930,Ya si puede venir Pau,
24,2026-08-05 16:17:14,120363042493725288@g.us,170179606609930,Aquí al DIF,
24,2026-08-05 16:17:22,120363042493725288@g.us,170179606609930,Y por ahí se trae,
24,2026-08-05 16:17:29,120363042493725288@g.us,170179606609930,A luz para que la valore al médico,
24,2026-08-05 16:17:40,120363042493725288@g.us,170179606609930,Estoy esperando autorización para un traslado,
24,2026-08-05 16:17:58,120363042493725288@g.us,170179606609930,Porfas!,
24,2026-08-05 16:27:37,120363042493725288@g.us,170188213383234,Unidad 096 retorna a base,
24,2026-08-05 16:31:54,120363042493725288@g.us,170188213383234,Unidad 096 en base,
24,2026-08-05 17:04:07,120363042493725288@g.us,128733256110143,Favor de acudir unidad 208 a este traslado Giovanni y don Carlos,AC55D785F225749DF318B7E62D693A3D
27,2026-08-05 18:42:36,120363042493725288@g.us,97878764691675,U-096 sale a tomar foto alos ríos,
27,2026-08-05 18:43:40,120363042493725288@g.us,128733256110143,Enterado en base con precaución,AC1E899AF948348573F4FA2073BA24DB
27,2026-08-05 19:51:53,120363042493725288@g.us,97878764691675,U-096 en base,
27,2026-08-05 19:52:11,120363042493725288@g.us,170179606609930,Cómo van?,ACFB4C2C3E46293241B6B52825911755
27,2026-08-05 19:53:11,120363042493725288@g.us,128733256110143,Ahorita los checo jefe deme un minuto y le informo eske andan sin señal,3A2940F938EF9FCFF0DB
27,2026-08-05 19:56:46,120363042493725288@g.us,128733256110143,Ya vienen para base jefe tiene 20 k salieron del hospital de cuauhtémoc,3A2940F938EF9FCFF0DB
27,2026-08-05 21:05:30,120363042493725288@g.us,170179606609930,31 porfavo,AC2892D73A805975E939D359F09B63D7
27,2026-08-05 21:05:47,120363042493725288@g.us,Você,Nos mandan sin firma la solicitud,
27,2026-08-05 21:05:53,120363042493725288@g.us,128733256110143,Favor de acudir unidad 096 Miguel y Carlos llevar la bomba aspersora y palas para checar ese conato de pastizal es pasando arboledas San Miguel antes de subir el puente,AC630AC350C849F51127A79AC82AC3C6
27,2026-08-05 21:07:19,120363042493725288@g.us,Você,Pedí al ciudadano que nos manden la solicitud firmada,AC2471F7BFD3F3F0992FF7F8A3C23DAC
27,2026-08-05 21:13:38,120363042493725288@g.us,128733256110143,Se toman tres litros de gasolina para la bomba aspersora,ACE7A2A3245F0500155A18D53A8EDCC4
27,2026-08-05 21:13:49,120363042493725288@g.us,170179606609930,Enterada,
27,2026-08-05 21:15:00,120363042493725288@g.us,97878764691675,Sale U-096 al reporte,ACE7A2A3245F0500155A18D53A8EDCC4
27,2026-08-05 21:18:33,120363042493725288@g.us,128733256110143,Con precaución gracias,AC2E19EACB824BA22541060F82D8F7FE
27,2026-08-05 21:27:47,120363042493725288@g.us,Você,.,AC8DC0B8A778A28860DF137080AD4D78
27,2026-08-05 21:35:28,120363042493725288@g.us,Você,Para que ya no muevan la ambulancia,
27,2026-08-05 21:35:28,120363042493725288@g.us,Você,Ya el médico le dijo que ya no lo recibe,
27,2026-08-05 21:36:54,120363042493725288@g.us,128733256110143,Enterado gracias,AC77B38F9042DB386A53F7F71048319A
27,2026-08-05 21:38:34,120363042493725288@g.us,97878764691675,Ya quedó enfriado retornamos a base ya sin riesgo alguno,
27,2026-08-05 21:38:55,120363042493725288@g.us,128733256110143,Enterado Miguel gracias,AC49B43BA7F98E7530715C850798C780
27,2026-08-05 22:07:56,120363042493725288@g.us,97878764691675,U-096 llegando a base,
27,2026-08-05 22:45:44,120363042493725288@g.us,28067678416994,"Serpiente en un domicilio.
Circuito África oeste #143
Lagos De Puente Moreno 
Reporta:Alejandro Arteaga 
2291547587
El señor no se encuentra en el domicilio pero su vecina Bere estara al pendiente.",
27,2026-08-05 22:46:52,120363042493725288@g.us,128733256110143,Favor de acudir unidad 096 Miguel y Aurelio,ACDE441605010868247A2B454C0F2AB1
27,2026-08-05 23:00:55,120363042493725288@g.us,128733256110143,Ahi para conocimiento solo se ocupó un poco de los tres litros de gasolina para la bomba aspersora se procede a regresar a la garrafa el sobrante,
27,2026-08-05 23:04:35,120363042493725288@g.us,97878764691675,U-096 en el punto,
27,2026-08-05 23:04:52,120363042493725288@g.us,128733256110143,Enterado en base,AC86640B5496B6A7FE09E3BCA2A1B543
27,2026-08-05 23:08:31,120363042493725288@g.us,97878764691675,"Claudia Santiago Espinoza Sele retira serpiente 
En domicilio circuito África oeste lagos de puente moreno",
27,2026-08-05 23:08:57,120363042493725288@g.us,170179606609930,Gracias!,
27,2026-08-05 23:15:34,120363042493725288@g.us,170179606609930,Se levanta el ponche de la unidad,
27,2026-08-05 23:27:27,120363042493725288@g.us,97878764691675,U-096 llegando a basé,
27,2026-08-05 23:46:22,120363042493725288@g.us,135450517885035,Ahí está la ubicacion,
27,2026-08-05 23:46:59,120363042493725288@g.us,135450517885035,"para Yeyo, ubicación de los panales de abejas.",
27,2026-08-06 00:13:51,120363042493725288@g.us,60877587898595,Me puede pasar por favor el número de protección civil,
27,2026-08-06 00:14:38,120363042493725288@g.us,28067678416994,2299554774,
27,2026-08-06 00:18:22,120363042493725288@g.us,128733256110143,Circuito indonesia lagos de puente moreno están reportando k un albañil se callo de un andamio reporta el señor Ricardo Aldama  guardia de seguridad  favor de acudir unidad 098,
27,2026-08-06 00:18:56,120363042493725288@g.us,28067678416994,Enterada,
27,2026-08-06 00:21:55,120363042493725288@g.us,28067678416994,Sale unidad 098,
27,2026-08-06 00:22:08,120363042493725288@g.us,128733256110143,Enterado con precaución,ACD082E624D530A8266087758C9C6525
27,2026-08-06 00:33:29,120363042493725288@g.us,28067678416994,Unidad 098 en el punto,
27,2026-08-06 00:38:00,120363042493725288@g.us,28067678416994,Unidad 098 se dirige al Hospital Solferino,
27,2026-08-06 00:38:22,120363042493725288@g.us,128733256110143,Enterado con precaución,AC842EEC4508A845F28FD4210E378387
27,2026-08-06 00:44:34,120363042493725288@g.us,128733256110143,Sale la unidad 096 a checar las medidas de seguridad donde fue el accidente,ACFD1890B364DFAA10F645D80607D945
27,2026-08-06 01:04:08,120363042493725288@g.us,97878764691675,U-098 llegando a cruz roja de Veracruz,
27,2026-08-06 01:14:58,120363042493725288@g.us,28067678416994,Unidad 098 sale del Hospital Solferino  hacemos 10 a 58.,
27,2026-08-06 01:22:31,120363042493725288@g.us,170179606609930,Pon diagnóstico del px,ACEFA4A24DD479A70B21CD61CE6E9A01
27,2026-08-06 01:26:50,120363042493725288@g.us,128733256110143,Unidad 096 retorna a base,AC30C6157D7B295D625872438EDDCFEF
27,2026-08-06 01:30:10,120363042493725288@g.us,128733256110143,096 en base,AC3A3B46CCAEAB7418E7578677C982CA
27,2026-08-06 01:30:34,120363042493725288@g.us,170179606609930,Dónde ?,
27,2026-08-06 01:30:36,120363042493725288@g.us,138276522463346,Choque de Ulua en paseo del mar sin lesionados,
27,2026-08-06 01:30:59,120363042493725288@g.us,170179606609930,096 acércate andas en campo,
27,2026-08-06 01:31:17,120363042493725288@g.us,170179606609930,Para tomar datos porfavor,
27,2026-08-06 01:31:28,120363042493725288@g.us,128733256110143,Llegando a base nos aproximamos,3A681E011014EF364B3E
27,2026-08-06 01:31:59,120363042493725288@g.us,170179606609930,Gracias!,
27,2026-08-06 01:32:50,120363042493725288@g.us,28067678416994,"Paciente: Andres Palafox Reyes.
Edad: 40 años.
Antecedentes: Negado.
Medicamentos: Negado.
TA: 100/80 mmHg
SpO²: 97%
FC: 77 LPM
FR: 18 RPM.
Glucosa Capilar...
Temperatura: 36.7°
Alergias: Negado.
Dx: Pb. Lesión Raquimedular.
Hx Lacerante en extremidad superior izquierda y rodilla derecha.",3A8FB853D89916501174
27,2026-08-06 01:33:03,120363042493725288@g.us,128733256110143,Dame la ubicación de favor Jesús,3A1AC81B2B52CB50C3E8
27,2026-08-06 01:42:09,120363042493725288@g.us,128733256110143,Unidad 096 en el punto,ACD1647AE8E418F0E8934FDE8AAFDDB1
27,2026-08-06 01:42:46,120363042493725288@g.us,28067678416994,Unidad 098 próximos al punto.,
27,2026-08-06 01:49:48,120363042493725288@g.us,28067678416994,Unidad 098 ya en 58.,
27,2026-08-06 01:50:31,120363042493725288@g.us,128733256110143,Enterado pendiente,ACCBF2623217F51675B9ACBDADE00410
27,2026-08-06 01:51:20,120363042493725288@g.us,97878764691675,U-098 en base,
27,2026-08-06 02:15:00,120363042493725288@g.us,128733256110143,096 retorna a base,
27,2026-08-06 02:38:29,120363042493725288@g.us,128733256110143,Enterado con precaución,ACDB0ECA700AED115BF5BE25233225BF
27,2026-08-06 02:57:31,120363042493725288@g.us,128733256110143,Enterado en base con precaución,AC2A947C3CA48EEF5B5DF7B254CD33C7
27,2026-08-06 03:00:08,120363042493725288@g.us,128733256110143,Con precaución,AC3BE2048870F25592B4345866FAA74C
27,2026-08-06 03:55:18,120363042493725288@g.us,128733256110143,Enterado en base,ACF98F6E2D3FB5AD6CC2B1815143E033
27,2026-08-06 03:58:25,120363042493725288@g.us,128733256110143,Enterado con precaución,ACDE9627E6D28493615DBD7F8D382E4A
27,2026-08-06 03:59:33,120363042493725288@g.us,170179606609930,Buenas noches Paco ya está autorizado el traslado solo esperemos la alta del paciente,
27,2026-08-06 04:00:07,120363042493725288@g.us,170179606609930,Enterado! Gracias yeyo,
27,2026-08-06 04:00:36,120363042493725288@g.us,135450517885035,chequen si se lo dan hoy o hasta mañana por la hora.,
27,2026-08-06 04:00:37,120363042493725288@g.us,128733256110143,Enterado jefe  estamos pendientes para cuando la den y salir a hacer el traslado,3ABDE40A4F86A81CBD62
27,2026-08-06 04:01:53,120363042493725288@g.us,128733256110143,La ciudadana está en comunicación con el director lic pastor ahorita el nos informa para salir,AC14D2C9EDF00749A335214139C2EFE5
27,2026-08-06 04:04:48,120363042493725288@g.us,128733256110143,Enterado entonces procedemos ya por la paciente,AC61801A235C2335EF15A10110D4E858
27,2026-08-06 04:12:17,120363042493725288@g.us,170179606609930,@128733256110143,
27,2026-08-06 04:12:26,120363042493725288@g.us,170179606609930,Ahí está el alta,
27,2026-08-06 04:13:02,120363042493725288@g.us,128733256110143,Enterado gracias ahorita procedemos,3A5963F117F2DC5C8DBE
27,2026-08-06 04:16:28,120363042493725288@g.us,170179606609930,"Buenas noches, equipo.
A partir de mañana iniciaremos el uso de este formato de manera obligatoria. Todos los vehículos deberán contar con su bitácora y llenarla correctamente en cada servicio, registrando la hora de salida, odómetro, descripción del servicio, hora de llegada y odómetro final.

Agradezco su apoyo y compromiso para cumplir con este nuevo procedimiento.",
27,2026-08-06 04:45:30,120363042493725288@g.us,128733256110143,Sale unidad 208 a realizar traslado de la 71 a domicilio en la esperanza,3A58356EEC3004A16B66
27,2026-08-06 04:47:47,120363042493725288@g.us,97878764691675,Sale U-208 a clínica 71,
27,2026-08-06 04:49:16,120363042493725288@g.us,128733256110143,Enterado con precaución,AC97C1E3C77A8080041F438A88136D68
27,2026-08-06 05:06:16,120363042493725288@g.us,97878764691675,U-208 en clínica 71,
27,2026-08-06 05:06:33,120363042493725288@g.us,128733256110143,Enterado en base,AC2ED67DF31BD08394539E5B6CDC1D48
27,2026-08-06 05:26:43,120363042493725288@g.us,97878764691675,U-208 sale de clínica 71 a traslado,
27,2026-08-06 05:27:13,120363042493725288@g.us,128733256110143,Enterado con precaución gracias,AC477F8EAE8A6E5B99CDD6B4D94682AD
27,2026-08-06 05:36:16,120363042493725288@g.us,135450517885035,correcto.,
27,2026-08-06 06:31:42,120363042493725288@g.us,97878764691675,U-208 llegando a base,
27,2026-08-06 06:32:22,120363042493725288@g.us,128733256110143,Enterado en base,ACCEF739B164C3B79030264E699211E2
28,2026-08-05 19:37:44,170179606609930@lid,Você,ESPERO QUE TE SIRVA ASI,
28,2026-08-05 19:38:22,170179606609930@lid,170179606609930,Excelente,
28,2026-08-05 19:38:42,170179606609930@lid,170179606609930,Ahí es donde la gente hace actividades recreativas,
28,2026-08-05 19:38:45,170179606609930@lid,170179606609930,?,
28,2026-08-05 19:38:46,170179606609930@lid,Você,Lo unico que encontre en cifras de rios es que es una afluencia de 4000 personas minimo,
28,2026-08-05 19:39:11,170179606609930@lid,170179606609930,Enterado!,
28,2026-08-05 19:39:19,170179606609930@lid,Você,minimo entre los 4 rios son 4000 visitantes,
28,2026-08-05 19:39:30,170179606609930@lid,Você,"solo ponen musica, llevan comida, y hacen deportes",
28,2026-08-05 19:39:47,170179606609930@lid,170179606609930,Pero ahorita no hay anda,
28,2026-08-05 19:40:03,170179606609930@lid,Você,nop,
28,2026-08-05 19:40:36,170179606609930@lid,Você,"En esta temporada de Semana Santa los ríos y balnearios de Medellín de Bravo se llenan de personas que acuden a estos lugares a pasar un rato en familia. el horario en el que estarán los guardavidas será de 10:00 de la mañana a las 6:00 de la tarde, por lo que después de ese horario se pedirá a la gente que se retire del lugar.",
28,2026-08-05 19:41:12,170179606609930@lid,170179606609930,Ni vacaciones de verano,3EB01A30CA167180280DF4
28,2026-08-05 19:43:54,170179606609930@lid,Você,en estas temporadas de lluvias no,
28,2026-08-05 19:44:03,170179606609930@lid,Você,el fuerte es el 1ro de mayo y semana santa,
28,2026-08-05 19:44:55,170179606609930@lid,Você,ahorita casi no asisten por que el agua esta mas revuelta,
28,2026-08-05 19:45:10,170179606609930@lid,170179606609930,Si eso note en las fotos,
28,2026-08-05 19:45:29,170179606609930@lid,Você,semana santa,
28,2026-08-05 19:45:41,170179606609930@lid,Você,asi es,
28,2026-08-05 19:45:53,170179606609930@lid,Você,esta enmontadisimo en un punto,
28,2026-08-05 19:46:03,170179606609930@lid,170179606609930,Pues si,
28,2026-08-05 19:46:05,170179606609930@lid,170179606609930,Okey,
28,2026-08-05 19:47:31,170179606609930@lid,Você,mucho exito Dani en la entrevista,
28,2026-08-05 19:49:28,170179606609930@lid,Você,perfecto,
28,2026-08-05 19:49:30,170179606609930@lid,Você,oye dani,
28,2026-08-05 19:49:36,170179606609930@lid,170179606609930,Dime,
28,2026-08-05 19:49:40,170179606609930@lid,Você,me piden de adquisiciones la lista actualizada de uniformes,
28,2026-08-05 19:49:44,170179606609930@lid,Você,ahorita lo estoy haciendo,
28,2026-08-05 19:49:47,170179606609930@lid,170179606609930,Si alcanzo pambazos,
28,2026-08-05 19:49:49,170179606609930@lid,Você,"pero, necesito me digas que tipo de tela",
28,2026-08-05 19:49:50,170179606609930@lid,170179606609930,Ya vamos para base,
28,2026-08-05 19:49:54,170179606609930@lid,Você,siiiii,3AD98E34C0D93FB3EE7D
28,2026-08-05 19:49:57,170179606609930@lid,170179606609930,Teo,
28,2026-08-05 19:50:00,170179606609930@lid,Você,ah bueno aca te espero,
28,2026-08-05 19:50:05,170179606609930@lid,170179606609930,Ya velos haciendo estoy a 5 minutos,
28,2026-08-05 19:50:07,170179606609930@lid,170179606609930,Poco,
28,2026-08-05 19:50:10,170179606609930@lid,170179606609930,Porfas,
28,2026-08-05 19:50:13,170179606609930@lid,170179606609930,Si puedes,
28,2026-08-05 19:50:18,170179606609930@lid,170179606609930,Morimos de hambre,
28,2026-08-05 19:52:13,170179606609930@lid,Você,ya estan hechos los guarde aqui,
29,2026-08-05 20:47:40,233453719150672@lid,Você,2299305618,
29,2026-08-05 20:53:33,233453719150672@lid,Você,2293097918,
29,2026-08-05 21:44:09,233453719150672@lid,Você,2295319835,
30,2026-08-05 20:47:45,259562238128166@lid,Você,Pc,
30,2026-08-05 20:52:05,259562238128166@lid,259562238128166,Acompañante,ACEB65694DFE1CE2FC8CE0CD46043256
30,2026-08-05 20:52:10,259562238128166@lid,259562238128166,Paciente,ACD06A47AEFAFB52E0B532501D65BB46
30,2026-08-05 20:52:19,259562238128166@lid,Você,Ok gracias,
30,2026-08-05 20:52:34,259562238128166@lid,Você,Me comparte la ubicación del domicilio por favor,
30,2026-08-05 21:36:33,259562238128166@lid,259562238128166,Bna tarde srita,
30,2026-08-05 21:37:13,259562238128166@lid,Você,Buenas tardes sra,
30,2026-08-05 21:37:17,259562238128166@lid,259562238128166,M reagendaron la cita para mañana a las 2:00 pm estar a esa hora aquí en el seguro de cuauhtemoc,
30,2026-08-05 21:37:48,259562238128166@lid,Você,A las 2pm en el seguro verdad?,AC2EB4C397493157B10C6AE20BA243E9
30,2026-08-05 21:38:23,259562238128166@lid,259562238128166,X la hora ya no lo atendían hoy ya ve q apenas iban x el paciente x la cuestión del oficio,
30,2026-08-05 21:38:53,259562238128166@lid,Você,"Si, por eso se debe preveer con tiempo las solicitudes",AC483D83058D33B8FA7B0E2C6657AAAD
30,2026-08-05 21:39:02,259562238128166@lid,259562238128166,Serian mañana 2 servicios,
30,2026-08-05 21:39:10,259562238128166@lid,Você,Es una instrucción directa .no pueden salir las unidades sin solicitud,
30,2026-08-05 21:39:35,259562238128166@lid,Você,Se refiere al regreso?,AC97E09BFC6331058BDBE8871EFD5B10
30,2026-08-05 21:40:50,259562238128166@lid,259562238128166,Asi es Srita,
30,2026-08-05 21:41:22,259562238128166@lid,259562238128166,Tenemos q estar aquí media hora antes de cada consulta,
31,2026-08-05 20:53:42,135081083572338@lid,Você,Pc medellín,
31,2026-08-05 20:54:30,135081083572338@lid,Você,Fotos del árbol,
31,2026-08-05 20:54:31,135081083572338@lid,Você,Ine,
31,2026-08-05 20:54:37,135081083572338@lid,Você,Ubicación del domicilio,
31,2026-08-05 20:54:42,135081083572338@lid,Você,Solicitud por escrito,
31,2026-08-05 20:59:10,135081083572338@lid,Você,Ing. Samuel Acosta Martinez alcalde ccp Lic Daniel Eduardo Romero Pilar director de Protección Civil,
31,2026-08-05 21:36:51,135081083572338@lid,Você,Es con cfe el trámite sra,ACB9B0B9E82395BDEA45C4F3C2E1486F
31,2026-08-05 21:37:06,135081083572338@lid,Você,Exponemos al 100% a nuestro elemento,
32,2026-08-05 21:25:52,53214711910547@lid,53214711910547,"Buenas tardes, le envío el oficio",
32,2026-08-05 21:26:10,53214711910547@lid,Você,Buenas tardes srita,
32,2026-08-05 21:26:21,53214711910547@lid,Você,Muchas gracias 😊,
32,2026-08-05 21:26:34,53214711910547@lid,53214711910547,"Si gracias, me indica si hace falta algo",
32,2026-08-05 21:26:35,53214711910547@lid,Você,Sale la unidad a su atención,
32,2026-08-05 21:26:43,53214711910547@lid,Você,Solo eso necesitabamos,
32,2026-08-05 21:26:46,53214711910547@lid,Você,Muy amable,
32,2026-08-05 21:34:50,53214711910547@lid,53214711910547,Mi mamá se adelantó porque la cita era a las 3,
32,2026-08-05 21:34:58,53214711910547@lid,53214711910547,Ya el médico le dijo que ya no lo recibe,
32,2026-08-05 21:35:09,53214711910547@lid,53214711910547,Para que ya no muevan la ambulancia,
32,2026-08-05 21:35:37,53214711910547@lid,53214711910547,Muchas gracias,
32,2026-08-05 21:36:02,53214711910547@lid,Você,Para servirle srita,
36,2026-08-06 03:17:01,67440029520080@lid,67440029520080,"Buena noche, disculpe la molestia soy la familiar de la paciente que trasladaron de la esperanza (Medellín) a la cruz roja. 
Quisiera saber si pueden hacerme el favor de apoyarme con un traslado de el hospital IMSS 71 a mi domicilio por favor",
36,2026-08-06 03:19:17,67440029520080@lid,Você,Buenas noches mire ese es el número del director podría comunicarse con el y explicarle el apoyo k refiere para k el autorice,
36,2026-08-06 03:19:26,67440029520080@lid,67440029520080,muchas gracias,
37,2026-08-06 13:05:11,214774235267138@lid,214774235267138,"*Reporte al 9-1-1 (PRELIMINAR)*
Fecha y Hora: *06/08/2026 06:56:41*
Asunto: *ACCIDENTE DE MOTOCICLISTA*
Colonia: *LA ESPERANZA*
Calle: *CARRETERA PRINCIPAL  VEREDA DE CELAYA *
Entre calles: *NO ESPECIFICADO*
Referencia: *ANTES DE LA TIENDA COLOR ROJA*
Localidad: *MEDELLIN DE BRAVO*
Municipio: *MEDELLIN DE BRAVO*
*Ubicación:*https://www.google.com/maps/place/19.02686,-96.15548
*Resumen de evento*
     HAY UN LESIONADO
ES UN MASCULINO
ESTA CONSCIENTE
ESTA SANGRANDO DEL CODO Y LE DUELE LA PIERNA IZQUIERDA .
TIENE UNOS 20 A 25 AÑOS DE EDAD .
LA MOTO ES DE COLOR AZUL, NO SABE SI TIENE PLACAS",
37,2026-08-06 14:20:18,214774235267138@lid,Você,.,
37,2026-08-06 14:21:22,214774235267138@lid,Você,Buen día m podria mandar el reporte de la persona inconciente de puente moreno,
37,2026-08-06 14:23:07,214774235267138@lid,214774235267138,Buen día,
37,2026-08-06 14:23:12,214774235267138@lid,214774235267138,"*Reporte al 9-1-1 (PRELIMINAR)*
Fecha y Hora: *06/08/2026 08:14:09*
Asunto: *URGENCIA POR ENFERMEDAD GENERAL*
Colonia: *LAGOS DE PUENTE MORENO*
Calle: *CIRCUITO BELICE SN*
Entre calles: *AMERICAS*
Referencia: *FRENTE DE LA CARNICERIA PAPACEN*
Localidad: *MEDELLIN DE BRAVO*
Municipio: *MEDELLIN DE BRAVO*
*Ubicación:*https://www.google.com/maps/place/19.091836771445,-96.16428543426",
38,2026-08-06 13:06:00,120363042493725288@g.us,Você,"*Reporte al 9-1-1 (PRELIMINAR)*
Fecha y Hora: *06/08/2026 06:56:41*
Asunto: *ACCIDENTE DE MOTOCICLISTA*
Colonia: *LA ESPERANZA*
Calle: *CARRETERA PRINCIPAL  VEREDA DE CELAYA *
Entre calles: *NO ESPECIFICADO*
Referencia: *ANTES DE LA TIENDA COLOR ROJA*
Localidad: *MEDELLIN DE BRAVO*
Municipio: *MEDELLIN DE BRAVO*
*Ubicación:*https://www.google.com/maps/place/19.02686,-96.15548
*Resumen de evento*
     HAY UN LESIONADO
ES UN MASCULINO
ESTA CONSCIENTE
ESTA SANGRANDO DEL CODO Y LE DUELE LA PIERNA IZQUIERDA .
TIENE UNOS 20 A 25 AÑOS DE EDAD .
LA MOTO ES DE COLOR AZUL, NO SABE SI TIENE PLACAS",
38,2026-08-06 13:06:41,120363042493725288@g.us,28067678416994,"18, se dirige la U-098",ACFAAAD6CE42A7B6A0E5A399083A9FEE
38,2026-08-06 13:06:59,120363042493725288@g.us,128733256110143,Enterado en base,AC6DC8AB1508C028884BA2126732E83A
38,2026-08-06 13:29:15,120363042493725288@g.us,28067678416994,Unidad en el punto,
38,2026-08-06 13:30:02,120363042493725288@g.us,128733256110143,Enterado en base,AC885694B255EA950AA6C7FBBEFE49BA
38,2026-08-06 13:41:47,120363042493725288@g.us,28067678416994,"Unidad 098 traslada a masculino a la clinica #61 del IMSS, posterior datos.",
38,2026-08-06 14:03:42,120363042493725288@g.us,28067678416994,Unidad 098 en el IMSS #61,
38,2026-08-06 14:18:19,120363042493725288@g.us,244006101479643,Unidad 208 sale al traslado,
38,2026-08-06 14:19:19,120363042493725288@g.us,Você,Enterado en base con precaución,3A987FCE4516097BB509
38,2026-08-06 14:29:53,120363042493725288@g.us,Você,"*Reporte al 9-1-1 (PRELIMINAR)*
Fecha y Hora: *06/08/2026 08:14:09*
Asunto: *URGENCIA POR ENFERMEDAD GENERAL*
Colonia: *LAGOS DE PUENTE MORENO*
Calle: *CIRCUITO BELICE SN*
Entre calles: *AMERICAS*
Referencia: *FRENTE DE LA CARNICERIA PAPACEN*
Localidad: *MEDELLIN DE BRAVO*
Municipio: *MEDELLIN DE BRAVO*
*Ubicación:*https://www.google.com/maps/place/19.091836771445,-96.16428543426",
38,2026-08-06 14:30:13,120363042493725288@g.us,Você,Favor de acudir a este reporte unidad 098,ACC9C4BAA5587828489F6D947DC733F0
38,2026-08-06 14:30:54,120363042493725288@g.us,28067678416994,Enterada,ACC9C4BAA5587828489F6D947DC733F0
38,2026-08-06 14:31:06,120363042493725288@g.us,28067678416994,Nos dirigimos,
38,2026-08-06 14:31:10,120363042493725288@g.us,Você,Gracias con precaución,ACCCCBE3A0816E3A7C4BCB4466E36BA1
38,2026-08-06 14:39:43,120363042493725288@g.us,128733256110143,"Buen día novedades del día 05/08/26 PC Medellín guardia (1)

09:33 sale unidad 096 a atender reporte de un perrito atropellado enfrente del parke del tejar se procede a trasladarlo a la veterinaria del ayuntamiento en puente moreno 10:31 retorna a base 

11:04 sale unidad 208 a traslado programado del hospital de María a el hospital de cuauhtémoc IMSS 14:40 retornan a base 

12:42 sale unidad 096 a checar ríos niveles y tomar fotos al mando de Aurelio y Miguel 13:52 retorna a base 

15:14 sale unidad 096 a checar conato de pastizal en la carretera tejar moralillo a la altura de el puente de la federal 16:07 retornan a base 

16:46 sale unidad 096 a reporte de serpiente en lagos de puente moreno en el circuito África se captura y se procede a liberar en su avita 17:27 retornan a base 

18:18 sale unidad 098 a atender reporte de un masculino k se callo de un andamio en lagos de puente moreno en el circuito indonesia se llega al lugar y se traslada a la cruz roja de días mirón para su atención 19:14 retorna a base 

18:44 sale unidad 096 a checar las medidas de seguridad en donde se callo la persona del andamio en puente moreno en el circuito indonesia 19:30 retornan a base 

19:32 sale unidad 096 a checar un choke sin lecionados en puente moreno en la avenida paseo del mar eskina robalo se llega al lugar y se apoya con vialidad en lo k llegaba tránsito 20:14 retornan a base 

20:38 sale unidad 096 a atender emjanbres de abejas en casa blanca y la Herón proal 21:57 retornan a base 

22:45 sale unidad 208 a traslado programado del hospital 71 de días mirón a domicilio en la localidad de la esperanza 24:31 retorna a base 

07:05 sale unidad 098 a atender reporte de un derrape de moto en la localidad de la esperanza se llega al lugar y se procede a trasladar a un masculino al hospital 61 de días mirón para su atención 08:30 retornan a base 

08:18 sale unidad 208 a traslado programado del domicilio k está en el floresta a hospital 61 de días mirón 

08:31 sale unidad 098 del hospital 61 a reporte de una persona inconsciente en lagos de puente moreno en el circuito belice",
38,2026-08-06 14:40:17,120363042493725288@g.us,128733256110143,"06/08/2026
Atención población de #Veracruz.
Próximas 24-48 horas.

🔴 Ambiente caluroso a muy caluroso al mediodía y parte de la tarde; templado a fresco por las noches y madrugadas.
🔴 Probabilidad de lluvias y tormentas eléctricas aisladas con los máximos acumulados sobre cuencas del sur. Nieblas y neblinas eventuales. 
🔴 Viento dominante del Noreste, Este y Sureste de 20 a 35 km/h en costas. Variable con rachas en las zonas de tormentas.
🔴 Olas de 0.5 a 1.0  metros cerca de costas.

👉 Se espera que la probabilidad de lluvias y tormentas eléctricas disminuya ligeramente hacia el fin de semana. Además, durante este periodo se prevén valores elevados de temperatura, con un descenso poco perceptible a partir de hoy.",
38,2026-08-06 14:43:54,120363042493725288@g.us,97878764691675,U-098 en el punto,
38,2026-08-06 14:44:18,120363042493725288@g.us,128733256110143,Enterado en base,AC6D306ACF6992E62A2EB797A292223E
38,2026-08-06 15:03:55,120363042493725288@g.us,28067678416994,"Unidad 098 hace 10 a 58, NO AMERITA TRASLADO. 
Dx: Crisis de Anciedad.",
38,2026-08-06 15:04:13,120363042493725288@g.us,128733256110143,Enterado en base,AC9C299D6FDCDCEC505AADFA6F4EA396
38,2026-08-06 15:08:52,120363042493725288@g.us,28067678416994,"Paciente: Fermina Lara Cortes.
Edad: 57 años.
Antecedentes: HTA, Taquiarritmia.
Medicamentos: Desde hace 1 mes por decisión propia dejo de tomar su tratamiento de Losartan de 50 mg.
TA: 100/80 mmHg
SpO²: 98%
FC: 75-89 LPM.
FR: 18 RPM.
Glucosa Capilar: ...
Temperatura: 36.7° 
Alergias: Negado. 
Dx: Leve crisis de Hipotensión y probable Crisis de Anciedad.",
38,2026-08-06 15:09:02,120363042493725288@g.us,28067678416994,Unidad 098 ya en base.,
38,2026-08-06 15:13:10,120363042493725288@g.us,170188213383234,Se apoya a rellenar los tambos de la base,
38,2026-08-06 15:24:03,120363042493725288@g.us,28067678416994,"Paciente: Omar Lagunes Gomez.
Edad: 31 años.
Antecedentes: Negado.
Medicamentos: Negado.
TA: 115/85 mmHg
SpO²: 98%
FC: 86 LPM.
FR: 20 RPM.
Glucosa Capilar: ...
Temperatura: 36.5°
Alergias: Negado.
Dx: Policontundido, laceraciones en codo izquierdo y rodilla izquierda. 
Pb. Fisura en Rotula izquierda.",ACFAAAD6CE42A7B6A0E5A399083A9FEE
38,2026-08-06 15:40:45,120363042493725288@g.us,194171226824727,Sale la unidad 072 cargar agua en grupo más y posterior a base,
38,2026-08-06 16:27:10,120363042493725288@g.us,170188213383234,Unidad 072 en base,
38,2026-08-06 16:35:54,120363042493725288@g.us,244006101479643,Unidad 208 en base,
38,2026-08-06 17:44:23,120363042493725288@g.us,170179606609930,Para conocimiento equipo cuiden lo que se hace para todos es importante que siempre laven las cosas que se ocupen y se limpien,
38,2026-08-06 17:53:34,120363042493725288@g.us,128733256110143,Enterado gracias 🙋🏻‍♂️,3AD0D47F1F21828BF2BA
38,2026-08-06 19:09:26,120363042493725288@g.us,216359027896444,"Sale la U096 a atender a esta ubicación un reporte de abejas que estan picando a varias personas 

A cargo de don Aurelio",AC27F5884CD683CF6767F9DD05E2EDB6
38,2026-08-06 19:10:39,120363042493725288@g.us,216359027896444,Por favor U096 posterior pasar a checar 👉 a esta ubicación este reporte de arboles. Solicita el Lic Pastor,
38,2026-08-06 19:57:17,120363042493725288@g.us,265639449067682,En el punto u096,AC3E8AD2B1442309BD3C383D2F673BA2
41,2026-08-06 18:14:44,214774235267138@lid,214774235267138,Mando ¿Tendrá la novedad de Circuito Belice?,
41,2026-08-06 19:02:34,214774235267138@lid,214774235267138,Muchas gracias,
41,2026-08-06 19:14:14,214774235267138@lid,Você,Para servirles,
41,2026-08-06 20:39:09,214774235267138@lid,214774235267138,MANDO TENDRA LA NOVEDAD DE LA PERSONA LESIONADA POR CHOQUE VEHICULAR DE LA ESPERANZA,
41,2026-08-06 20:45:10,214774235267138@lid,Você,"Paciente: Omar Lagunes Gomez.
Edad: 31 años.
Antecedentes: Negado.
Medicamentos: Negado.
TA: 115/85 mmHg
SpO²: 98%
FC: 86 LPM.
FR: 20 RPM.
Glucosa Capilar: ...
Temperatura: 36.5°
Alergias: Negado.
Dx: Policontundido, laceraciones en codo izquierdo y rodilla izquierda. 
Pb. Fisura en Rotula izquierda.",
42,2026-08-06 18:26:56,258359580188891@lid,Você,Pepe pásame la ubicación,
42,2026-08-06 19:17:15,258359580188891@lid,258359580188891,Disculpa Anel no estoy en casa de mi mamá alrato que vaya te mando la ubicación,
42,2026-08-06 19:19:43,258359580188891@lid,258359580188891,https://maps.app.goo.gl/VYs4PGT9jV967eRE7?g_st=aw,
42,2026-08-06 19:20:16,258359580188891@lid,258359580188891,Mira Anel esa es la casa,
44,2026-08-06 19:26:18,231507427909852@lid,Você,Pc,
44,2026-08-06 19:29:57,231507427909852@lid,231507427909852,Sol Marina Torralba García,
44,2026-08-06 19:35:25,231507427909852@lid,Você,ya se mando su reporte al coordinador y se canalizara con Alumbrado Público,
44,2026-08-06 19:36:18,231507427909852@lid,231507427909852,Ok muchísimas gracias ojalá y si nos den el apoyo porque si he pedido ayuda pero nadie nos hace caso,
44,2026-08-06 19:36:38,231507427909852@lid,231507427909852,Cómo le digo hay niños en el domicilio y si nos da miedo,
44,2026-08-06 19:36:38,231507427909852@lid,Você,esperemos se resuelva a la brevedad. ya se canalizo al area correcta,
44,2026-08-06 19:36:50,231507427909852@lid,231507427909852,Muchas gracias que tenga linda tarde,
44,2026-08-06 19:37:00,231507427909852@lid,Você,"igualmente, para servirle",
46,2026-08-06 20:29:17,66121122222226@lid,Você,una duda,
46,2026-08-06 20:29:23,66121122222226@lid,Você,el dia 11 la dan de alta'?,
46,2026-08-06 20:29:33,66121122222226@lid,Você,O Se interna el dia 10 nadamas==??,
46,2026-08-06 20:31:58,66121122222226@lid,66121122222226,"Buenas tardes se interna el día lunes 10 de agosto a las 10 am se queda internada, al día siguiente pasa a quirofano para cambio se sistema Vac por una úlcera sacra y ya después la dan de Alta y regresamos a casa acá en Croacia Sur#57",3EB012FA56980BB607AAA6
46,2026-08-06 20:32:43,66121122222226@lid,66121122222226,Regresamos a casa al día siguiente 11 de agosto,
46,2026-08-06 20:44:39,66121122222226@lid,Você,voy a anotar su servicio porque tengo otro para ese dia,
46,2026-08-06 20:47:28,66121122222226@lid,Você,le pido por favor me haga un escrito libre para solicitar el servicio del lunes por favor y del alta,
46,2026-08-06 20:50:08,66121122222226@lid,Você,puede usar esta información como ejemplo:,
46,2026-08-06 20:54:44,66121122222226@lid,Você,"C. ING. SAMUEL ACOSTA RIVERA
PRESIDENTE MUNICIPAL CONSTITUCIONAL
H AYUNTAMIENTO DE MEDELLIN DE BRAVO, VER.

ASUNTO: SOLICITUD DE APOYO PARA TRASLADO DE AMBULANCIA

Por medio de la presente, me permito solicitar de la manera mas atenta su valioso apoyo para el traslado en ambulancia de ____________________________ y no es posible moverl@ en automóvil particular y tiene cita el __________del presente a las ______________ en _______________ para _________________.

Sin otro particular, agradezco de antemano su valiosa atención y esperando contar con su apoyo. Quedo a sus apreciables órdenes.

Atentamente 

Nombre del Solicitante
Teléfono",
46,2026-08-06 21:00:51,66121122222226@lid,66121122222226,Yo hago esto a mano no cuento con maquina de escribir o lo puedo realizar en una papeleria,
46,2026-08-06 21:05:35,66121122222226@lid,Você,sin problema,
46,2026-08-06 21:05:44,66121122222226@lid,Você,me lo manda por favor para poder agendar su peticion,
46,2026-08-06 21:05:53,66121122222226@lid,66121122222226,Hoy?,
46,2026-08-06 21:06:07,66121122222226@lid,66121122222226,Ahora voy a darle de comer a mi mamá,
46,2026-08-06 21:06:17,66121122222226@lid,66121122222226,Creo mejor lo realizo a mano,
46,2026-08-06 21:06:24,66121122222226@lid,Você,con calma,
46,2026-08-06 21:06:26,66121122222226@lid,Você,mandemelo mañana,
46,2026-08-06 21:06:39,66121122222226@lid,66121122222226,Ahhh bueno sin falta muchas gracias,
46,2026-08-06 21:07:19,66121122222226@lid,Você,para servirle,
46,2026-08-06 21:10:53,66121122222226@lid,Você,para servirle,
49,2026-08-06 21:43:55,120363042493725288@g.us,265639449067682,U096 en base,
49,2026-08-06 22:43:37,120363042493725288@g.us,Você,"*Reporte al 9-1-1 (PRELIMINAR)*
Fecha y Hora: *06/08/2026 16:36:16*
Asunto: *TLM-INCONSCIENTE*
Colonia: *LAGOS DE PUENTE MORENO*
Calle: *CIRCUITO EUROPA 9*
Entre calles: *CIRCUITO AMERICAS*
Referencia: *FRENTE A UN PARQUE, CASA COLOR AZUL FUERTE*
Localidad: *MEDELLIN DE BRAVO*
Municipio: *MEDELLIN DE BRAVO*
*Ubicación:*https://www.google.com/maps/place/19.108601205547,-96.16661276143
*Resumen de evento*
Es aquí mando, tiene 3 años la afectada",
49,2026-08-06 22:50:37,120363042493725288@g.us,194171226824727,Sale la unidad 098,AC245AC8DA626E3956905DB09184C43A
49,2026-08-06 23:08:41,120363042493725288@g.us,170188213383234,Patrulla sp-4465 al mando policía Rodrigo Durán Sánchez con 3 más,
49,2026-08-06 23:19:09,120363042493725288@g.us,213554649145471,Enterado en base,ACC2CB2E5E6EF3F012AA34F3139BC3C3
49,2026-08-06 23:19:13,120363042493725288@g.us,213554649145471,Con precaución,
49,2026-08-06 23:36:29,120363042493725288@g.us,170188213383234,Unidad 098 en Hospital naval posterior datos,
49,2026-08-06 23:36:52,120363042493725288@g.us,Você,Enterado base,ACDA9447A1439A99DF76BCC579C4FE25
49,2026-08-07 00:23:21,120363042493725288@g.us,194171226824727,Nos reporta un ciudadano de un tlacuache en esa ubicación,
49,2026-08-07 00:24:42,120363042493725288@g.us,194171226824727,Por favor acudir la unidad 096,
49,2026-08-07 00:24:51,120363042493725288@g.us,194171226824727,A ese reporte,
49,2026-08-07 00:27:34,120363042493725288@g.us,223488774266954,U098 retorna a base,
49,2026-08-07 00:35:57,120363042493725288@g.us,194171226824727,Enterado base,
49,2026-08-07 00:36:53,120363042493725288@g.us,265639449067682,Sale u096 al servicio,ACA89AB3D922FB52DF8A0C87DCDE9E5B
49,2026-08-07 00:48:43,120363042493725288@g.us,265639449067682,Reportante Dixie linette flores fuentes  se captura marsupial y se lleva a su hábitat natural a liberar,
54,2026-08-07 03:19:19,259562238128166@lid,259562238128166,Bna noche,
54,2026-08-07 03:22:37,259562238128166@lid,Você,Hola buenas noches,
54,2026-08-07 03:25:10,259562238128166@lid,259562238128166,Para confirmar el apoyo de la ambulancia  de mañana,
54,2026-08-07 03:25:59,259562238128166@lid,Você,Eso love con mi compañera que le atendió,
54,2026-08-07 03:26:45,259562238128166@lid,259562238128166,Le mando msje mañana entonces,
54,2026-08-07 03:26:54,259562238128166@lid,Você,Si por favor,
54,2026-08-07 03:50:14,259562238128166@lid,259562238128166,Ah ok si lo q pasa q mandamos un oficio solicitandola,
54,2026-08-07 03:50:33,259562238128166@lid,259562238128166,Ya nada mas para recordarle,
54,2026-08-07 03:50:43,259562238128166@lid,259562238128166,Pero mañana la mando un msje temprano,
55,2026-08-07 07:21:26,120363042493725288@g.us,194171226824727,"*Reporte al 9-1-1 (PRELIMINAR)*
Fecha y Hora: *07/08/2026 01:11:12*
Asunto: *ACCIDENTE DE MOTOCICLISTA*
Colonia: *PASO DEL TORO*
Calle: *CARRETERA FEDERAL PASO DEL TORO ALVARADO S/N*
Entre calles: *SIN*
Referencia: *SUBIENDO EL PUENTE CERCA DE LA Y ANTES DE LLEGAR A LA GLORIA*
Localidad: *PASO DEL TORO*
Municipio: *MEDELLIN DE BRAVO*
*Ubicación:*https://www.google.com/maps/place/19.01955,-96.13045
*Resumen de evento*
      *ACCIDENTE DE MOTOCICLISTA*    INDICA  QUE  UN VEHICULO  IMPACTO A UN MOTOCICLISTA  LA PERSONA SE ENCUENTRA  GRAVE",
55,2026-08-07 07:22:28,120363042493725288@g.us,213554649145471,Unidad 098 acude,
55,2026-08-07 07:38:13,120363042493725288@g.us,135450517885035,Donde fue el accidente del motociclista,
55,2026-08-07 07:40:47,120363042493725288@g.us,170179606609930,La ubicación que manda c5 en casi subiendo el puente como referencia donde se pretende hacer la sub estación,ACBB75B0AE25CB07A3DE186C3574EC9F
55,2026-08-07 07:54:46,120363042493725288@g.us,213554649145471,Codigo negro!,
55,2026-08-07 08:06:25,120363042493725288@g.us,170179606609930,Enterado se canalizó con fiscalía,ACBF9EF0381F088072D9BD3890F47D39
55,2026-08-07 08:06:44,120363042493725288@g.us,170179606609930,Alguna autoridad de policía,
55,2026-08-07 08:12:28,120363042493725288@g.us,213554649145471,"Unidad de policía estatal de caminos 
Sp4732
Al mando de Adriana López Santos + 3 de apoyo",
55,2026-08-07 08:13:22,120363042493725288@g.us,170179606609930,Ya se canalizó a c5,
55,2026-08-07 08:13:29,120363042493725288@g.us,170179606609930,Para el apoyo de fiscalía,
55,2026-08-07 08:13:32,120363042493725288@g.us,213554649145471,"El masculino está comenzando a presentar signos postmortem  el primero detectado, rigor mortis",
55,2026-08-07 08:13:33,120363042493725288@g.us,135450517885035,den aviso a C5 canalice a fiscalia el asuntom,
55,2026-08-07 08:13:51,120363042493725288@g.us,170179606609930,gracias comando,
55,2026-08-07 08:13:51,120363042493725288@g.us,170179606609930,se canalizan los correspondientes,
55,2026-08-07 08:15:20,120363042493725288@g.us,213554649145471,Unidad 098 retorna a base,
55,2026-08-07 08:15:52,120363042493725288@g.us,213554649145471,En breve más datos con la media filial del masculino,
55,2026-08-07 08:47:49,120363042493725288@g.us,213554649145471,Unidad 098  en base,
55,2026-08-07 09:39:52,120363042493725288@g.us,213554649145471,"*FECHA*  07/ 08/2026
*AMBULANCIA*  U-098
*OPERADOR* Carlos Peña 
*PARAMEDICO* Jorge Luna 
*TERCERO ABORDO*

*DIRECCIÓN DEL SERVICIO* Carretera Federal Paso del toro Alvarado s/n 
Referencia: subiendo el puente cerca de la Y  antes de llegar a la gloria.
Localidad paso del toro 
Municipio de: Medellín de bravo 
*TIPO DE SERVICIO* 
Urgencia 
*NOMBRE DEL PACIENTE* 
*MEDIA FILIAL*
Masculino de aproximadamente 30 años de edad, tez morena clara, cabello lacio castaño oscuro 
Ojos color café oscuro, sin barba ni bigote,  estatura aproximada de 1.65
Complexión física media 
Vestía playera de algodón manga larga color blanca con azul, pantalón de mezclilla color azul claro, cinturón de tela color café y botas de trabajo color caqui. 
*FECHA DE NACIMIENTO:*
N/a
*T/A* No perceptible 
*F/C* No perceptible 
*F/R*  No perceptible 
 *Spo2*  No perceptible 
 *TEMPERATURA* 
*GLUC/OPCIONAL* 
*EDAD* años 
*Glasgow* 3
*ORIGINARIO ( A)* N/a
*DESCRIPCIÓN DE LO OCURRIDO*  Al arribo de la unidad se valora al paciente se encuentra en posición decúbito supino, sin respuesta ocular verbal ni motora, quien no cuenta con pulso central ni periférico, no se observa expansión torácica, pupilas no reactivas a la luz, se percibe olor a alcohol, y se observa pálido, frío, el inicio de signos postmortem 
( Rigor mortis ) 
Se infiere según la cinemática de trauma que probablemente pudo haber recibido un impacto por alcance en su moto, posterior salir proyectado aproximadamente 15 a 20 metros y caer sobre la carpeta asfáltica, provocando una herida en la región  occipital del craneo.

*DIAGNÓSTICO* 
Px sin signos vitales  codigo negro 
TCE severo.
*HOSPITAL  DE TRASLADO* N/a
 *RECIBE* N/a
*CÓDIGO* Negro 
*OBSERVACIONES* 
px  con Glasgow 3
Sin respuesta ocular 
Pupilas no reactivas a la luz 
Sin respuesta verbal 
Sin respuesta motora 
Sin pulso central ni periférico 
Ausencia de ruidos cardíacos y pulmonares. 
Contusion en región occipital del craneo,
Se observa charco hematico debajo de la cabeza 
Rinorragia  de origen traumático.
Inicio de signos post mortem ( Rigor mortis).
Se da parte inmediato a la direccion de protección civil y fiscalía. 

*ANTECEDENTES PATOLOGICOS*
N/a
*ANTECEDENTES  NO PATOLOGICOS*
N/a

*ALERGIAS* N/a

 *MEDICAMENTOS* 
 N/a
*AUTORIDAD EN EL LUGAR*  Unidad de policía estatal de caminos 
Sp-4732
Al mando de Adriana López Santos + 3 de apoyo
*SEGURO*  N/a 
*DESPACHA* C5 911",ACBF9EF0381F088072D9BD3890F47D39
57,2026-08-07 14:03:29,120363042493725288@g.us,265639449067682,Inpertenso,
57,2026-08-07 14:03:30,120363042493725288@g.us,265639449067682,Por favor manden me la ambulancia,
57,2026-08-07 14:03:30,120363042493725288@g.us,265639449067682,Y no puede casi respirar,
57,2026-08-07 14:03:56,120363042493725288@g.us,265639449067682,Sale u098 al punto,
57,2026-08-07 14:39:37,120363042493725288@g.us,170188213383234,Se inicia traslado al HG de boca del Río,
57,2026-08-07 14:45:18,120363042493725288@g.us,213554649145471,"Masculino de 43 años consciente alerta orientado, Glasgow 15
T/a 170/120",
57,2026-08-07 14:46:34,120363042493725288@g.us,213554649145471,"Crisis nerviosa, refiere problemas familiares aparente discusión, diabético hipertenso",
57,2026-08-07 14:46:42,120363042493725288@g.us,213554649145471,Sin apego a tratamiento,
57,2026-08-07 14:47:07,120363042493725288@g.us,213554649145471,Codigo amarillo,
57,2026-08-07 14:47:17,120363042493725288@g.us,135450517885035,"que paso con esa persona hipertensa , porque un pipero la atendio primero. a alberto lo tengo como pipero",
57,2026-08-07 14:59:46,120363042493725288@g.us,97878764691675,U-072 con niveles correctos de aceite de motor aceite hidráulico y aceite de bomba de agua,
57,2026-08-07 15:14:14,120363042493725288@g.us,213554649145471,Unidad 098 en el general de boca del rio,
57,2026-08-07 15:16:18,120363042493725288@g.us,97878764691675,U-208 con niveles correctos de aceite de motor aceite hidráulico y liquido de frenos,
57,2026-08-07 15:49:40,120363042493725288@g.us,213554649145471,Unidad 098 retorna a base,
57,2026-08-07 15:49:43,120363042493725288@g.us,213554649145471,En breve datos,
57,2026-08-07 15:51:50,120363042493725288@g.us,28067678416994,"Acude a base una ciudadana con malestar general, se le valoran los signos vitales y se encuentran en valores normales, se dan recomendaciones.
Michelle Vazquez Morales, 35 años.",
57,2026-08-07 16:01:04,120363042493725288@g.us,213554649145471,Unidad 098 en base,
57,2026-08-07 16:36:38,120363042493725288@g.us,97878764691675,U-096 le ace falta 1/2 litro de aceite de motor de los demás niveles de aceite hidráulico y liquido de frenos están correctos,
57,2026-08-07 16:40:59,120363042493725288@g.us,97878764691675,U-098 con niveles correctos de aceite de motor aceite hidráulico y liquido de frenos correctos,
57,2026-08-07 16:46:10,120363042493725288@g.us,97878764691675,"U-097 con niveles de aceite de motor aceite hidráulico y liquido de frenos correctos 
Observación;
El aceite de la caja de velocidades está contaminado con agua y liqueo de aceite",
57,2026-08-07 16:48:52,120363042493725288@g.us,97878764691675,Odómetro de moto,
57,2026-08-07 17:02:26,120363042493725288@g.us,128733256110143,Se pone a nivel unidad 096 de aceite,
57,2026-08-07 17:34:59,120363042493725288@g.us,170188213383234,Unidad 073 sale a cargar agua a grupo más,
57,2026-08-07 17:53:55,120363042493725288@g.us,128733256110143,Enterado en base,ACA3E27CB50A38EC3D9A2DA88C892A8E
57,2026-08-07 17:58:54,120363042493725288@g.us,71803431043257,Se procede a seccionar un arbol,
57,2026-08-07 17:59:21,120363042493725288@g.us,128733256110143,Enterado en base,AC54F017C6B0F12E07546ED377F29A41
57,2026-08-07 18:43:27,120363042493725288@g.us,97878764691675,Llegando en moto a dejarle el vale ala unidad UR-073 para levantar el ponche,
57,2026-08-07 18:44:45,120363042493725288@g.us,97878764691675,Retorno a base,
57,2026-08-07 18:45:27,120363042493725288@g.us,128733256110143,Enterado gracias,AC3BAF0C89F0365B06AACAC092C242C7
57,2026-08-07 18:51:08,120363042493725288@g.us,170179606609930,"El contacto del ingeniero Michel para que le llames ya que él lleva al
Paciente",
57,2026-08-07 18:53:45,120363042493725288@g.us,28067678416994,Enterada vamos en camino,
57,2026-08-07 18:54:14,120363042493725288@g.us,Você,"*Reporte al 9-1-1 (PRELIMINAR)*
Fecha y Hora: *07/08/2026 12:43:06*
Asunto: *URGENCIA POR ENFERMEDAD GENERAL*
Colonia: *FRACC. PUENTE MORENO*
Calle: *AV PASEO DEL MAR 20*
Entre calles: *DELFIN / ARENQUE*
Referencia: *EN EL GIMNACIO SUNRISE GYM*
Localidad: *EL TEJAR*
Municipio: *MEDELLIN DE BRAVO*
*Ubicación:*https://www.google.com/maps/place/19.106638952928,-96.156615953392
*Resumen de evento*",
57,2026-08-07 18:54:57,120363042493725288@g.us,170179606609930,En Palácio los esperan el director de alumbrado,3A5C78D98DBADFC57B6F
57,2026-08-07 18:54:58,120363042493725288@g.us,128733256110143,Sale la unidad 208 a ese servicio la compañera Luz y don Carlos,3EB005C7B2EC76456362B4
57,2026-08-07 18:55:07,120363042493725288@g.us,170179606609930,Gracias!,AC4BACDA41E6F09833EDCB55459B3AAD
57,2026-08-07 18:55:26,120363042493725288@g.us,226585563119766,Pendientes datos al arribo de la unidad,AC4BACDA41E6F09833EDCB55459B3AAD
57,2026-08-07 18:55:28,120363042493725288@g.us,97878764691675,U- Motorizada llegando a basé,
57,2026-08-07 18:59:09,120363042493725288@g.us,28067678416994,"Unidad en el punto, estamos en el DIF.",
57,2026-08-07 18:59:37,120363042493725288@g.us,128733256110143,Enterado en base,AC0AF6009486251D6F8457CBFA9AE116
57,2026-08-07 19:03:01,120363042493725288@g.us,170179606609930,A que hospital lo llevan,AC0AF6009486251D6F8457CBFA9AE116
57,2026-08-07 19:03:06,120363042493725288@g.us,170179606609930,@28067678416994,
57,2026-08-07 19:03:10,120363042493725288@g.us,170179606609930,Porfavor,
57,2026-08-07 19:06:51,120363042493725288@g.us,170179606609930,Enterado!,ACE92CD1F413AA27014988BD54CD2A85
57,2026-08-07 19:07:52,120363042493725288@g.us,Você,"284 551 1064 Lorena vique está con la compañera Martha (Catalina)

Tuvo fuerte dolor en el pecho y se desvaneció.

Comentan que está inconsciente",
57,2026-08-07 19:08:28,120363042493725288@g.us,170179606609930,.@213554649145471,ACDEED515236AD54ADACF272742B7007
57,2026-08-07 19:12:06,120363042493725288@g.us,170188213383234,Ya se levanto ella ponche a la unidad 073,
57,2026-08-07 19:12:37,120363042493725288@g.us,170188213383234,Unidad 073 procede  retorno a base,
57,2026-08-07 19:13:21,120363042493725288@g.us,128733256110143,Enterado con precaución,ACBD2312C01CBD3C8A77BBD675B84F14
57,2026-08-07 19:14:29,120363042493725288@g.us,226585563119766,Para conocimiento unidad 208 se dirige al hospital general con femenina de 48 años con posible EVC haber si enterada en base,3AFF02236A9C3AB45BFB
57,2026-08-07 19:15:08,120363042493725288@g.us,128733256110143,Enterado con precaución,A5A1E6FB4857DCE9E592EFB359A9ED07
57,2026-08-07 19:16:27,120363042493725288@g.us,213554649145471,"En ruta @170179606609930 
Pendiente a apoyo",ACDEED515236AD54ADACF272742B7007
57,2026-08-07 19:16:55,120363042493725288@g.us,170179606609930,Si me avisas ya bomberos conurbado tiene conocimiento solo espero tu arribo,ACF6D1CC521BD4CB7284D7DA614CC5F2
57,2026-08-07 19:24:36,120363042493725288@g.us,18241313366191,Ya en el punto,
57,2026-08-07 19:29:18,120363042493725288@g.us,170188213383234,Unidad 073 en base,
57,2026-08-07 19:29:30,120363042493725288@g.us,128733256110143,Enterado en base,
57,2026-08-07 19:36:22,120363042493725288@g.us,Você,La trasladan al DIF para revisión,3A27719CB38A3FC0CCD3
57,2026-08-07 19:47:06,120363042493725288@g.us,28067678416994,U-098 en hospital Naval,
57,2026-08-07 19:47:15,120363042493725288@g.us,128733256110143,Enterado en base,AC69F9E5561E17D66524E37146D13074
57,2026-08-07 19:52:29,120363042493725288@g.us,226585563119766,Unidad 208 de retorno a base,
57,2026-08-07 20:04:41,120363042493725288@g.us,28067678416994,Unidad 098 sale del Hospital Naval hacemos 10 a 58.,
57,2026-08-07 20:05:15,120363042493725288@g.us,128733256110143,Enterado con precaución,AC397CB85200363235FF22CD71A44E91
57,2026-08-07 20:06:30,120363042493725288@g.us,97878764691675,Sale U-096 a cargar combustible ⛽,
57,2026-08-07 20:06:50,120363042493725288@g.us,128733256110143,Con precaución gracias,ACCD754BFABEF996D232970B08DCB5A5
57,2026-08-07 20:13:45,120363042493725288@g.us,226585563119766,Unidad 208 en base,
57,2026-08-07 20:14:01,120363042493725288@g.us,128733256110143,Enterado base,A52E3F66B7EF0250BAC9935FCB089A82
57,2026-08-07 20:17:16,120363042493725288@g.us,128733256110143,"*Reporte al 9-1-1 (PRELIMINAR)*
Fecha y Hora: *07/08/2026 14:11:02*
Asunto: *INCENDIO DE CASA HABITACIÓN*
Colonia: *ALAVARADITO*
Calle: *FERROCARRILES S/N*
Entre calles: *NO ESPECIFICADO*
Referencia: *FRENTE A  FABRICA SAN ANTONIO*
Localidad: *NO ESPECIFICADO*
Municipio: *MEDELLIN DE BRAVO*
*Ubicación:*https://www.google.com/maps/place/19.03207,-96.13355
*Resumen de evento*",
57,2026-08-07 20:17:45,120363042493725288@g.us,128733256110143,Favor de acudir unidad 072,AC4C905BC7725E4113534CAEC8FD9AB2
57,2026-08-07 20:17:59,120363042493725288@g.us,97878764691675,U-096 en gasolinera,
57,2026-08-07 20:18:35,120363042493725288@g.us,226585563119766,Sale unidad 208 y unidad 072 al punto,AC4C905BC7725E4113534CAEC8FD9AB2
57,2026-08-07 20:20:23,120363042493725288@g.us,170179606609930,Enterado!,AC4C905BC7725E4113534CAEC8FD9AB2
57,2026-08-07 20:29:19,120363042493725288@g.us,97878764691675,U-096 carga gasolina no se llenó era ya todo lo que quedaba de saldo para cargar,
57,2026-08-07 20:32:50,120363042493725288@g.us,128733256110143,Enterado en base,AC1A4A1E91C38290DECB29FB91F8FFBE
57,2026-08-07 20:39:47,120363042493725288@g.us,97878764691675,U-096 llegando a base,
57,2026-08-07 20:47:26,120363042493725288@g.us,128733256110143,Unidad 098 favor de acudir al palacio municipal para checar a la compañera Katalina k está convulsionando vallan en uno aver si enterado,
57,2026-08-07 20:48:01,120363042493725288@g.us,28067678416994,Enterada,AC8BB2396E1659DAD5C1A9CEBF22BE06
57,2026-08-07 20:48:04,120363042493725288@g.us,28067678416994,Nos dirigimos,
57,2026-08-07 20:53:09,120363042493725288@g.us,170188213383234,En el punto,
57,2026-08-07 21:00:43,120363042493725288@g.us,28067678416994,Unidad 098 en el punto.,
57,2026-08-07 21:01:12,120363042493725288@g.us,226585563119766,"Se atiende a Femenina de 48 años de edad
PX: Veronica Aldama Mtz
En puente moreno se encontraba en los consultorios simililares
DX: posible EVC 
Glasgow valorada en 13
T/A 120/81
Spo2 - 97
Glucosa - 116
Se traslada al hospital.de boca del rio para valoracion medica",3EB005C7B2EC76456362B4
57,2026-08-07 21:03:53,120363042493725288@g.us,97878764691675,U-098 en el punto,
57,2026-08-07 21:06:39,120363042493725288@g.us,128733256110143,Sale unidad 098 con pasiente al HG de boca,
57,2026-08-07 21:10:18,120363042493725288@g.us,128733256110143,Retorna unidad 096 a base,
57,2026-08-07 21:13:00,120363042493725288@g.us,226585563119766,Unidad 208 de retorno a base,
57,2026-08-07 21:13:58,120363042493725288@g.us,170188213383234,U-72.  Retornamos a base,
57,2026-08-07 21:24:59,120363042493725288@g.us,28067678416994,Unidad 098 en HGBR,
57,2026-08-07 21:26:39,120363042493725288@g.us,97878764691675,U-096 en basé,
57,2026-08-07 21:27:24,120363042493725288@g.us,97878764691675,U-096 sale al palacio municipal a dejar a don Aurelio,
57,2026-08-07 21:28:50,120363042493725288@g.us,128733256110143,Enterado con precaución,ACBAA338FB620CA7760A5D9334DBDD39
57,2026-08-07 21:50:54,120363042493725288@g.us,170188213383234,Unidad 072 en base,
57,2026-08-07 22:03:53,120363042493725288@g.us,Você,"Se acude ala localidad de Alvaradito unidad 072 y unidad 208 por reporte de casa en llamas 
Al lugar al lugar indicado nos revive quien dice llamarse y ser propietaria la ciudadana: 
Benita Sánchez Mata de 64 años , la cual nos dió acceso al domicilio procediendo a bajar temperatura de la propiedad de lámina y parte del patio, así mismo se encontraba una estructura colapsada de madera y lámina la cuál seguía prendida de los polines se procede a enfriar y bajar temperatura quedando totalmente sofocado así mismo dejando indicaciones verbales ala propietaria 
Por la parte prehospitalaria se atiende ala propietaria: lo cual presentaba crisis nerviosa 
Se estabiliza en el lugar no amerita traslado",
57,2026-08-07 22:11:20,120363042493725288@g.us,97878764691675,U-096 llegando a basé,
57,2026-08-07 22:11:43,120363042493725288@g.us,128733256110143,Enterado en base,AC59428FCD008EDF49B802C85E4A8BF0
57,2026-08-07 22:21:22,120363042493725288@g.us,28067678416994,Unidad 098 sale del General de Boca Del Río,
57,2026-08-07 23:03:37,120363042493725288@g.us,60877587898595,Buenas tardes alguien sabe de la compañera que se puso mal,
57,2026-08-07 23:06:04,120363042493725288@g.us,60877587898595,Ok muchas gracias,AC0C1C8362C4F5735500F85D4BACFB22
57,2026-08-07 23:08:16,120363042493725288@g.us,28067678416994,"Paciente: Catalina Rivera Barrios.
Edad: 45 años.
Antecedentes: Epilepsia en la infancia. 
Medicamentos: Negado
TA: 90/60.
SpO²: 98%
FC: 110 LPM.
FR: 18 RPM.
Glucosa Capilar:...
Temperatura: 36.3°
Alergias: Negado
Dx: Pb. CRISIS NEUROCONVERSIVA.",
57,2026-08-07 23:09:48,120363042493725288@g.us,170188213383234,Ciudadano quien dijo llamarse Sylvain Matus se presentó en el cuartel de bomberos y protección civil de Medellín para entregar una boa  constrictor la cual encontró en su patio de su propiedad la cual posterior mente se liberara en su hábitat,
59,2026-08-07 15:16:56,259562238128166@lid,259562238128166,Hola buen diiia,
59,2026-08-07 15:17:54,259562238128166@lid,Você,Buen día dígame,
59,2026-08-07 15:18:31,259562238128166@lid,259562238128166,Para recordar el apoyo de la ambulancia hoy xfavor,
59,2026-08-07 16:46:22,259562238128166@lid,259562238128166,??,ACA55C54368D178C2795FBBD1BF42915
59,2026-08-07 16:58:53,259562238128166@lid,Você,Buenos días,
59,2026-08-07 16:59:14,259562238128166@lid,259562238128166,Si digame,
59,2026-08-07 17:00:07,259562238128166@lid,Você,Tengo 2 unidades en temas de mantenimiento,
59,2026-08-07 17:00:19,259562238128166@lid,Você,Y 1 se queda únicamente para emergencias de nuestra jurisdicción,
59,2026-08-07 17:00:39,259562238128166@lid,Você,"No podremos ya, darle el apoyo pues es fuera de nuestro municipio",
59,2026-08-07 17:00:50,259562238128166@lid,Você,Para servirle,
60,2026-08-07 16:14:58,66121122222226@lid,Você,Gracias Sra. Con eso está bien,
60,2026-08-07 16:15:00,66121122222226@lid,Você,Excelente dia,
60,2026-08-07 16:19:46,66121122222226@lid,66121122222226,Que bueno,AC30E0AE05C4109FB26A6C0E2A54FB08
60,2026-08-07 16:19:53,66121122222226@lid,66121122222226,Gracias e igualmente para usted,AC6315409658DA0B5C180A373AF54DEA
62,2026-08-07 18:50:49,214774235267138@lid,Você,pc medellin,
62,2026-08-07 18:51:33,214774235267138@lid,214774235267138,INDIQUE,
62,2026-08-07 18:51:53,214774235267138@lid,214774235267138,"*Reporte al 9-1-1 (PRELIMINAR)*
Fecha y Hora: *07/08/2026 12:43:06*
Asunto: *URGENCIA POR ENFERMEDAD GENERAL*
Colonia: *FRACC. PUENTE MORENO*
Calle: *AV PASEO DEL MAR 20*
Entre calles: *DELFIN / ARENQUE*
Referencia: *EN EL GIMNACIO SUNRISE GYM*
Localidad: *EL TEJAR*
Municipio: *MEDELLIN DE BRAVO*
*Ubicación:*https://www.google.com/maps/place/19.106638952928,-96.156615953392
*Resumen de evento*",
62,2026-08-07 18:52:04,214774235267138@lid,Você,para el preliminar mando gracias,
62,2026-08-07 19:27:24,214774235267138@lid,214774235267138,MANDO TIENE ALGUNA NOVEDAD DE ESTE REPORTE,3EB03508DAC6A29FCBBE46
62,2026-08-07 19:27:43,214774235267138@lid,Você,aun no suben datos compañera,
62,2026-08-07 19:27:48,214774235267138@lid,Você,te comparto en cuanto los tenga,
62,2026-08-07 20:32:41,214774235267138@lid,214774235267138,MANDO TIENE ALGUNA NOVEDAD DE ESTE REPORTE,3EB03508DAC6A29FCBBE46
62,2026-08-07 21:15:08,214774235267138@lid,Você,"Se atiende a Femenina de 48 años de edad
PX: Veronica Aldama Mtz
En puente moreno se encontraba en los consultorios simililares
DX: posible EVC 
Glasgow valorada en 13
T/A 120/81
Spo2 - 97
Glucosa - 116
Se traslada al hospital.de boca del rio para valoracion medica",
62,2026-08-07 21:15:13,214774235267138@lid,Você,Una disculpa por la demora,
62,2026-08-07 22:05:09,214774235267138@lid,Você,"Se acude ala localidad de Alvaradito unidad 072 y unidad 208 por reporte de casa en llamas 
Al lugar al lugar indicado nos revive quien dice llamarse y ser propietaria la ciudadana: 
Benita Sánchez Mata de 64 años , la cual nos dió acceso al domicilio procediendo a bajar temperatura de la propiedad de lámina y parte del patio, así mismo se encontraba una estructura colapsada de madera y lámina la cuál seguía prendida de los polines se procede a enfriar y bajar temperatura quedando totalmente sofocado así mismo dejando indicaciones verbales ala propietaria 
Por la parte prehospitalaria se atiende ala propietaria: lo cual presentaba crisis nerviosa 
Se estabiliza en el lugar no amerita traslado",
62,2026-08-07 22:05:26,214774235267138@lid,Você,El reporte de la casa en llamas de Alvaradito comando,ACF656A889F6B508BAA72EBD8B0F3398
62,2026-08-07 22:21:28,214774235267138@lid,Você,PARA SERVIRTE,
64,2026-08-07 19:08:17,47971177603279@lid,Você,Que estaba haciendo ella?,
64,2026-08-07 19:15:11,47971177603279@lid,Você,Gracias 🫂,
64,2026-08-07 19:21:36,47971177603279@lid,47971177603279,Ok si esta bien,
64,2026-08-07 19:21:45,47971177603279@lid,47971177603279,Yote abiso,
64,2026-08-07 19:23:54,47971177603279@lid,47971177603279,Ya yegaron,
64,2026-08-07 19:25:00,47971177603279@lid,47971177603279,Si mana ya yegaron,
64,2026-08-07 19:25:08,47971177603279@lid,Você,Bendito Dios,
64,2026-08-07 19:28:06,47971177603279@lid,Você,Ya reaccionó?,
66,2026-08-07 20:29:36,86200161448036@lid,86200161448036,Hola buenas tardes,
66,2026-08-07 20:29:40,86200161448036@lid,86200161448036,Le mando el oficio,
66,2026-08-07 20:29:43,86200161448036@lid,86200161448036,Del traslado,
66,2026-08-07 20:34:13,86200161448036@lid,Você,Me.comparte su nombre por favor,
66,2026-08-07 20:34:58,86200161448036@lid,Você,Y en qué horario ocupa el servicio?,
66,2026-08-07 20:35:15,86200161448036@lid,86200161448036,Si una disculpa me llamo Ivan estoy en Área de presidencia,
66,2026-08-07 20:35:19,86200161448036@lid,Você,Necesito también la ubicación del domicilio donde se le va a buscar. Me la puede compartir por favor por maps,
66,2026-08-07 20:35:35,86200161448036@lid,86200161448036,"Eso ya esta autorizado por el alcalde para el dia de hoy Lunes, miércoles y Viernes",
66,2026-08-07 20:35:41,86200161448036@lid,Você,Si gracias Ivan,
66,2026-08-07 20:35:48,86200161448036@lid,86200161448036,El horario se ocupa,AC6638B6230BBB7CE3714C855EC5DFF8
66,2026-08-07 20:35:58,86200161448036@lid,Você,No te preocupes soy Anel Zúñiga a tus órdenes,
66,2026-08-07 20:36:24,86200161448036@lid,86200161448036,A las 3:30 y de regreso se tendría que poner de acuerdo con el ciudadano por que sale a diente hora entre 9 y 11 de la noche,
66,2026-08-07 20:37:06,86200161448036@lid,86200161448036,Mire estoy tratándome de comunicar con el señor pero no me contesta,AC221FDB73DCE5D2169BB7DFA66FDD47
66,2026-08-07 20:37:11,86200161448036@lid,86200161448036,Mucho gusto,AC7F4243EA554D2832940D73395DD39E
66,2026-08-07 20:37:46,86200161448036@lid,Você,Si está bien. Quedó atenta,AC98C3ACBC65C50BF438AD5D28083099
67,2026-08-07 21:57:59,199557250064521@lid,Você,A,
67,2026-08-07 22:31:38,199557250064521@lid,199557250064521,"Arboledas San Miguel, Calle Providencia #19 (entre San Miguel y Paso del Toro). Como referencia, está frente a la iglesia y a un lado de la tienda ""La China"".",
67,2026-08-07 22:31:44,199557250064521@lid,199557250064521,Mariela Montoya acosta,
67,2026-08-07 22:31:48,199557250064521@lid,199557250064521,2291530078,
67,2026-08-07 23:03:26,199557250064521@lid,Burela,20_,
67,2026-08-07 23:03:32,199557250064521@lid,Burela,3,
67,2026-08-07 23:03:53,199557250064521@lid,Burela,Llegue a la ubicación,
67,2026-08-07 23:04:14,199557250064521@lid,Burela,REPORTE FINALIZADO EXITOSAMENTE,
67,2026-08-07 23:05:17,199557250064521@lid,Burela,ALERTA FINALIZADA CON EXITO,
67,2026-08-07 23:07:19,199557250064521@lid,Burela,204,
67,2026-08-07 23:07:27,199557250064521@lid,Burela,10,
67,2026-08-07 23:07:58,199557250064521@lid,Burela,Llegando al punto,
67,2026-08-07 23:08:22,199557250064521@lid,Burela,Panal retirado,
67,2026-08-07 23:08:32,199557250064521@lid,Burela,ALERTA FINALIZADA CON EXITO,
68,2026-08-07 22:43:50,5212888893215@s.whatsapp.net,Você,"🚨 *PROTECCIÓN CIVIL MEDELLÍN* 🚨

✅ ¡Conexión con Evolution API verificada con éxito!

El sistema de alertas por WhatsApp está 100% operativo y listo para recibir y enviar emergencias.",
68,2026-08-07 22:43:54,5212888893215@s.whatsapp.net,Você,Proteccion Civil Medellin - Sistema de alertas WhatsApp reconectado y 100% operativo.,
68,2026-08-07 23:01:30,5212888893215@s.whatsapp.net,Você,"🚨 *ALERTA OPERATIVA DIRECTA — PROTECCIÓN CIVIL* 🚨
━━━━━━━━━━━━━━━━━━━━━━━━━━━━
🛡️ *Asignación:* Guardia A (24 Hrs)

📋 *Folio:* REP-0180
⚠️ *Tipo:* 🐝 ENJAMBRE DE ABEJAS
🔶 *Prioridad:* 🔴 ALTA
👤 *Encargado:* ⚠️ *SIN PERSONAL A CARGO (PENDIENTE)*

📍 *Ubicación:* Calle calle, Col. Arboledas de San Miguel, Fraccionamiento Arboledas de San Miguel
📝 *Descripción:* un panal de abejas
👤 *Reportó:* Maria Montoya (2888893215)
🕐 *Fecha:* 07/Aug/2026 23:01

━━━━━━━━━━━━━━━━━━━━━━━━━━━━
📌 *Responde a este mensaje o selecciona la opción del siguiente mensaje para tomar el reporte.*",
68,2026-08-07 23:01:30,5212888893215@s.whatsapp.net,Você,"🚨 *ALERTA OPERATIVA DIRECTA — PROTECCIÓN CIVIL* 🚨
━━━━━━━━━━━━━━━━━━━━━━━━━━━━
🛡️ *Asignación:* Guardia A (24 Hrs)

📋 *Folio:* REP-0180
⚠️ *Tipo:* 🐝 ENJAMBRE DE ABEJAS
🔶 *Prioridad:* 🔴 ALTA
👤 *Encargado:* ⚠️ *SIN PERSONAL A CARGO (PENDIENTE)*

📍 *Ubicación:* Calle calle, Col. Arboledas de San Miguel, Fraccionamiento Arboledas de San Miguel
📝 *Descripción:* un panal de abejas
👤 *Reportó:* Maria Montoya (2888893215)
🕐 *Fecha:* 07/Aug/2026 23:01

━━━━━━━━━━━━━━━━━━━━━━━━━━━━
📌 *Responde a este mensaje o selecciona la opción del siguiente mensaje para tomar el reporte.*",
68,2026-08-07 23:02:48,5212888893215@s.whatsapp.net,Você,"ℹ️ *Aviso de Disponibilidad*

El reporte *REP-0001* ya fue tomado a cargo previamente por *204*.

¡Muchas gracias por tu rápida respuesta!",
68,2026-08-07 23:02:59,5212888893215@s.whatsapp.net,Você,"ℹ️ *Aviso de Disponibilidad*

El reporte *REP-0001* ya fue tomado a cargo previamente por *204*.

¡Muchas gracias por tu rápida respuesta!",
68,2026-08-07 23:03:01,5212888893215@s.whatsapp.net,Você,"ℹ️ *Aviso de Disponibilidad*

El reporte *REP-0001* ya fue tomado a cargo previamente por *204*.

¡Muchas gracias por tu rápida respuesta!",
68,2026-08-07 23:03:04,5212888893215@s.whatsapp.net,Você,"ℹ️ *Aviso de Disponibilidad*

El reporte *REP-0001* ya fue tomado a cargo previamente por *204*.

¡Muchas gracias por tu rápida respuesta!",
68,2026-08-07 23:03:16,5212888893215@s.whatsapp.net,Você,"✅ *¡HAS SIDO SELECCIONADO PARA ATENDER EL REPORTE REP-0180!*
━━━━━━━━━━━━━━━━━━━━━━━━━━━━

Hola *Josue Jaziel Delgado Burela*, para completar el despacho y notificar al grupo de alertas, responde las siguientes 2 preguntas:

1️⃣ *¿En qué unidad o vehículo acudirás a la emergencia?*
_(Escribe el nombre o número de unidad, ej: Ambulancia 02, PC-01, Pick-up Rescate, etc.)_",
68,2026-08-07 23:03:24,5212888893215@s.whatsapp.net,Você,"👍 *Unidad registrada:* 20_

2️⃣ *¿Cuál es tu Tiempo Estimado de Arribo / Atención al punto?*
_(Escribe el tiempo estimado, ej: 10 minutos, 15 min, etc.)_",
68,2026-08-07 23:03:29,5212888893215@s.whatsapp.net,Você,"🚀 *¡DESPACHO COMPLETADO Y REGISTRADO!* 🚀
━━━━━━━━━━━━━━━━━━━━━━━━━━━━

📋 *Folio:* REP-0180
👷 *Encargado:* Josue Jaziel Delgado Burela
🚑 *Unidad:* 20_
⏱️ *Tiempo Estimado:* 3

📌 *Estatus Actualizado:* 🚑 EN CAMINO

¡Procede con precaución! Puedes enviar avances a la bitácora escribiendo:
_Bitacora REP-0180: Arribando al punto_",
68,2026-08-07 23:03:51,5212888893215@s.whatsapp.net,Você,"📝 *Bitácora Actualizada (REP-0180)*

Se añadió a la bitácora:
_""Llegue a la ubicación""_",
68,2026-08-07 23:04:12,5212888893215@s.whatsapp.net,Você,"📝 *Bitácora Actualizada (REP-0180)*

Se añadió a la bitácora:
_""REPORTE FINALIZADO EXITOSAMENTE""_",
68,2026-08-07 23:05:14,5212888893215@s.whatsapp.net,Você,"🎉 *¡ALERTA FINALIZADA CON ÉXITO!* 🎉
━━━━━━━━━━━━━━━━━━━━━━━━━━━━

📋 *Folio:* REP-0180
👷 *Atendido por:* Josue Jaziel Delgado Burela
⏱️ *Tiempo de Atención:* 3 min

📌 *Estatus:* ✅ RESUELTO Y CERRADO
¡Excelente trabajo operativa!",
68,2026-08-07 23:07:02,5212888893215@s.whatsapp.net,Você,"🚨 *ALERTA OPERATIVA DIRECTA — PROTECCIÓN CIVIL* 🚨
━━━━━━━━━━━━━━━━━━━━━━━━━━━━
🛡️ *Asignación:* Guardia A (24 Hrs)

📋 *Folio:* REP-0181
⚠️ *Tipo:* 🐝 ENJAMBRE DE ABEJAS
🔶 *Prioridad:* 🟡 MEDIA
👤 *Encargado:* ⚠️ *SIN PERSONAL A CARGO (PENDIENTE)*

📍 *Ubicación:* Costa de Canistel, Col. Fraccionamiento Arboledas San Ramón, Fraccionamiento Arboledas San Ramón
📝 *Descripción:* hay abejas aaaaaaa¡
👤 *Reportó:* Maria Montoya (2888893215)
🕐 *Fecha:* 07/Aug/2026 23:07

━━━━━━━━━━━━━━━━━━━━━━━━━━━━
📌 *Responde a este mensaje o selecciona la opción del siguiente mensaje para tomar el reporte.*",
68,2026-08-07 23:07:03,5212888893215@s.whatsapp.net,Você,"🚨 *ALERTA OPERATIVA DIRECTA — PROTECCIÓN CIVIL* 🚨
━━━━━━━━━━━━━━━━━━━━━━━━━━━━
🛡️ *Asignación:* Guardia A (24 Hrs)

📋 *Folio:* REP-0181
⚠️ *Tipo:* 🐝 ENJAMBRE DE ABEJAS
🔶 *Prioridad:* 🟡 MEDIA
👤 *Encargado:* ⚠️ *SIN PERSONAL A CARGO (PENDIENTE)*

📍 *Ubicación:* Costa de Canistel, Col. Fraccionamiento Arboledas San Ramón, Fraccionamiento Arboledas San Ramón
📝 *Descripción:* hay abejas aaaaaaa¡
👤 *Reportó:* Maria Montoya (2888893215)
🕐 *Fecha:* 07/Aug/2026 23:07

━━━━━━━━━━━━━━━━━━━━━━━━━━━━
📌 *Responde a este mensaje o selecciona la opción del siguiente mensaje para tomar el reporte.*",
68,2026-08-07 23:07:07,5212888893215@s.whatsapp.net,Você,"✅ *¡HAS SIDO SELECCIONADO PARA ATENDER EL REPORTE REP-0181!*
━━━━━━━━━━━━━━━━━━━━━━━━━━━━

Hola *Josue Jaziel Delgado Burela*, para completar el despacho y notificar al grupo de alertas, responde las siguientes 2 preguntas:

1️⃣ *¿En qué unidad o vehículo acudirás a la emergencia?*
_(Escribe el nombre o número de unidad, ej: Ambulancia 02, PC-01, Pick-up Rescate, etc.)_",
68,2026-08-07 23:07:17,5212888893215@s.whatsapp.net,Você,"👍 *Unidad registrada:* 204

2️⃣ *¿Cuál es tu Tiempo Estimado de Arribo / Atención al punto?*
_(Escribe el tiempo estimado, ej: 10 minutos, 15 min, etc.)_",
68,2026-08-07 23:07:24,5212888893215@s.whatsapp.net,Você,"🚀 *¡DESPACHO COMPLETADO Y REGISTRADO!* 🚀
━━━━━━━━━━━━━━━━━━━━━━━━━━━━

📋 *Folio:* REP-0181
👷 *Encargado:* Josue Jaziel Delgado Burela
🚑 *Unidad:* 204
⏱️ *Tiempo Estimado:* 10

📌 *Estatus Actualizado:* 🚑 EN CAMINO

¡Procede con precaución! Puedes enviar avances a la bitácora escribiendo:
_Bitacora REP-0181: Arribando al punto_",
68,2026-08-07 23:07:56,5212888893215@s.whatsapp.net,Você,"📝 *Bitácora Actualizada (REP-0181)*

Se añadió a la bitácora:
_""Llegando al punto""_",
68,2026-08-07 23:08:19,5212888893215@s.whatsapp.net,Você,"📝 *Bitácora Actualizada (REP-0181)*

Se añadió a la bitácora:
_""Panal retirado""_",
68,2026-08-07 23:08:30,5212888893215@s.whatsapp.net,Você,"🎉 *¡ALERTA FINALIZADA CON ÉXITO!* 🎉
━━━━━━━━━━━━━━━━━━━━━━━━━━━━

📋 *Folio:* REP-0181
👷 *Atendido por:* Josue Jaziel Delgado Burela
⏱️ *Tiempo de Atención:* 1 min

📌 *Estatus:* ✅ RESUELTO Y CERRADO
¡Excelente trabajo operativa!",
69,2026-08-07 22:47:46,120363409447790752@g.us,Você,"🚨 *PROTECCIÓN CIVIL MEDELLÍN* 🚨

✅ ¡Sistema de alertas reconectado y verificado en este grupo!",
69,2026-08-07 22:58:55,120363409447790752@g.us,Você,"📢 *ACTUALIZACIÓN DE REPORTE*
━━━━━━━━━━━━━━━━━━━━━━━━━

📋 *Folio:* REP-0179
🔄 *Estatus:* 🚑 EN CAMINO
🚑 *Unidad:* DFDF
⏱️ *Tiempo estimado:* DFDF

📝 *Cambios:*
• Cambió estatus de 'Leído / Evaluando' a 'En Camino / Atendiendo'
• Asignó unidad: 'DFDF'

━━━━━━━━━━━━━━━━━━━━━━━━━
📍 wewe, Col. Arboledas San Ramón",
69,2026-08-07 22:59:01,120363409447790752@g.us,Você,"📢 *ACTUALIZACIÓN DE REPORTE*
━━━━━━━━━━━━━━━━━━━━━━━━━

📋 *Folio:* REP-0179
🔄 *Estatus:* ✅ RESUELTO
🚑 *Unidad:* DFDF
⏱️ *Tiempo estimado:* DFDF

📝 *Cambios:*
• Cambió estatus de 'En Camino / Atendiendo' a 'Finalizado / Resuelto'

━━━━━━━━━━━━━━━━━━━━━━━━━
📍 wewe, Col. Arboledas San Ramón",
69,2026-08-07 23:01:29,120363409447790752@g.us,Você,"🚨 *NUEVA ALERTA DE EMERGENCIA - PROTECCIÓN CIVIL* 🚨
━━━━━━━━━━━━━━━━━━━━━━━━━━━━

📋 *Folio:* REP-0180
⚠️ *Tipo:* 🐝 ENJAMBRE DE ABEJAS
🔶 *Prioridad:* 🔴 ALTA
👤 *Encargado:* ⚠️ *SIN PERSONAL A CARGO (PENDIENTE)*

📍 *Ubicación:*
   Calle calle
   Col. Arboledas de San Miguel, Fraccionamiento Arboledas de San Miguel

📝 *Descripción:*
   un panal de abejas

👤 *Reportó:* Maria Montoya
📞 *Teléfono:* 2888893215
🕐 *Fecha:* 07/Aug/2026 23:01

━━━━━━━━━━━━━━━━━━━━━━━━━━━━
📌 *Estatus:* ⏳ PENDIENTE
🆔 Para actualizar bitácora:
_Bitacora REP-0180: [tu actualización]_",
69,2026-08-07 23:03:30,120363409447790752@g.us,Você,"📢 *ALERTA EN CAMINO — UNIDAD Y PERSONAL ASIGNADO* 📢
━━━━━━━━━━━━━━━━━━━━━━━━━━━━

📋 *Folio:* REP-0180
⚠️ *Tipo:* Enjambre de Abejas
📍 *Ubicación:* Calle calle, Col. Arboledas de San Miguel

👷 *Encargado a Cargo:* *Josue Jaziel Delgado Burela*
🚑 *Unidad Despachada:* *20_*
⏱️ *Tiempo Estimado de Arribo:* *3*

━━━━━━━━━━━━━━━━━━━━━━━━━━━━
🔄 *Estatus:* 🚑 EN CAMINO",
69,2026-08-07 23:05:15,120363409447790752@g.us,Você,"✅ *EMERGENCIA FINALIZADA Y CONCLUIDA* ✅
━━━━━━━━━━━━━━━━━━━━━━━━━━━━

📋 *Folio:* REP-0180
⚠️ *Tipo:* Enjambre de Abejas
📍 *Ubicación:* Calle calle, Col. Arboledas de San Miguel

👷 *Responsable a Cargo:* *Josue Jaziel Delgado Burela*
🚑 *Unidad:* *20_*
⏱️ *Tiempo Total de Atención:* *3 min*

━━━━━━━━━━━━━━━━━━━━━━━━━━━━
📌 *Estatus Final:* ✅ RESUELTO / CONCLUIDO",
69,2026-08-07 23:07:01,120363409447790752@g.us,Você,"🚨 *NUEVA ALERTA DE EMERGENCIA - PROTECCIÓN CIVIL* 🚨
━━━━━━━━━━━━━━━━━━━━━━━━━━━━

📋 *Folio:* REP-0181
⚠️ *Tipo:* 🐝 ENJAMBRE DE ABEJAS
🔶 *Prioridad:* 🟡 MEDIA
👤 *Encargado:* ⚠️ *SIN PERSONAL A CARGO (PENDIENTE)*

📍 *Ubicación:*
   Costa de Canistel
   Col. Fraccionamiento Arboledas San Ramón, Fraccionamiento Arboledas San Ramón

📝 *Descripción:*
   hay abejas aaaaaaa¡

👤 *Reportó:* Maria Montoya
📞 *Teléfono:* 2888893215
🕐 *Fecha:* 07/Aug/2026 23:07

━━━━━━━━━━━━━━━━━━━━━━━━━━━━
📌 *Estatus:* ⏳ PENDIENTE
🆔 Para actualizar bitácora:
_Bitacora REP-0181: [tu actualización]_",
69,2026-08-07 23:07:25,120363409447790752@g.us,Você,"📢 *ALERTA EN CAMINO — UNIDAD Y PERSONAL ASIGNADO* 📢
━━━━━━━━━━━━━━━━━━━━━━━━━━━━

📋 *Folio:* REP-0181
⚠️ *Tipo:* Enjambre de Abejas
📍 *Ubicación:* Costa de Canistel, Col. Fraccionamiento Arboledas San Ramón

👷 *Encargado a Cargo:* *Josue Jaziel Delgado Burela*
🚑 *Unidad Despachada:* *204*
⏱️ *Tiempo Estimado de Arribo:* *10*

━━━━━━━━━━━━━━━━━━━━━━━━━━━━
🔄 *Estatus:* 🚑 EN CAMINO",
69,2026-08-07 23:08:30,120363409447790752@g.us,Você,"✅ *EMERGENCIA FINALIZADA Y CONCLUIDA* ✅
━━━━━━━━━━━━━━━━━━━━━━━━━━━━

📋 *Folio:* REP-0181
⚠️ *Tipo:* Enjambre de Abejas
📍 *Ubicación:* Costa de Canistel, Col. Fraccionamiento Arboledas San Ramón

👷 *Responsable a Cargo:* *Josue Jaziel Delgado Burela*
🚑 *Unidad:* *204*
⏱️ *Tiempo Total de Atención:* *1 min*

━━━━━━━━━━━━━━━━━━━━━━━━━━━━
📌 *Estatus Final:* ✅ RESUELTO / CONCLUIDO",
70,2026-08-08 00:56:17,120363042493725288@g.us,128733256110143,Enterado en base gracias,AC3103CD100020DC1C93EA5AA6D815D6
70,2026-08-08 01:38:07,120363042493725288@g.us,170179606609930,Es en Moreno Seco,
70,2026-08-08 01:38:30,120363042493725288@g.us,128733256110143,Enterado jefe salen para el punto,3A2C3A9AFC4C1100BA0B
70,2026-08-08 01:43:28,120363042493725288@g.us,28067678416994,Unidad 208 se dirige al punto.,
70,2026-08-08 01:43:56,120363042493725288@g.us,128733256110143,Con precaución gracias,ACB104B6E5033948125E143B940B39B9
70,2026-08-08 01:49:31,120363042493725288@g.us,170179606609930,Paco che ca tu particular,
70,2026-08-08 01:55:17,120363042493725288@g.us,128733256110143,Sale unidad 098 a carga de combustible en las Vegas,
70,2026-08-08 01:55:34,120363042493725288@g.us,97878764691675,Sale U-098 a cargar combustible ⛽,
70,2026-08-08 01:55:48,120363042493725288@g.us,128733256110143,Con precaución,AC41F2705C68AF5625A589AF702DDA88
70,2026-08-08 02:04:10,120363042493725288@g.us,97878764691675,U-098 en gasolinera para cargar,
70,2026-08-08 02:04:44,120363042493725288@g.us,128733256110143,Enterado en base,
70,2026-08-08 02:13:58,120363042493725288@g.us,28067678416994,Unidad en el punto,
70,2026-08-08 02:14:19,120363042493725288@g.us,128733256110143,Enterado en base,AC5726663F977DF444AD78F40154F4E8
70,2026-08-08 02:14:41,120363042493725288@g.us,28067678416994,Unidad 098 se dirige al general del boca del rio.,
70,2026-08-08 02:14:53,120363042493725288@g.us,128733256110143,Con precaución gracias,ACB34F93F6B3C4DB7C41B20BECDD4AD2
70,2026-08-08 02:25:50,120363042493725288@g.us,97878764691675,Unidad 098 llegando a base,
70,2026-08-08 02:26:04,120363042493725288@g.us,128733256110143,Enterado en base,
70,2026-08-08 02:27:26,120363042493725288@g.us,135450517885035,estado,
70,2026-08-08 02:27:45,120363042493725288@g.us,135450517885035,de Martha,
70,2026-08-08 02:27:59,120363042493725288@g.us,28067678416994,Si Licenciado Pastor,AC37A7D9DE17A1FE17B678D0D4137E4A
70,2026-08-08 02:28:36,120363042493725288@g.us,28067678416994,"Pb. Crisis de anciedad, pero ella refiere dificultad para respirar y dolor precordial.",
70,2026-08-08 02:43:39,120363042493725288@g.us,135450517885035,"pues la chequen bien , porque esa falta de buena respiracion, y el dolor o precordial, es sobre todo del lado izquierdo.",
70,2026-08-08 02:53:11,120363042493725288@g.us,128733256110143,Enterado en base,AC3152D0EA7CF099270C264E4CB16EDB
70,2026-08-08 02:58:03,120363042493725288@g.us,28067678416994,Unidad 208 en HGBR.,
70,2026-08-08 02:58:16,120363042493725288@g.us,128733256110143,Enterado en base,
70,2026-08-08 02:59:05,120363042493725288@g.us,28067678416994,"Unidad 208, me equivoqué.",ACB34F93F6B3C4DB7C41B20BECDD4AD2
70,2026-08-08 03:17:08,120363042493725288@g.us,71803431043257,Se acude a un reoorte de  enjambre de abejas en  arboledas san  miguel,
70,2026-08-08 03:17:23,120363042493725288@g.us,128733256110143,Enterado en base,AC8775CC4318FBA9888B3E6836B13CCA
70,2026-08-08 03:24:25,120363042493725288@g.us,71803431043257,Se procede a retirar un panal de avispas,
70,2026-08-08 03:24:48,120363042493725288@g.us,128733256110143,Enterado en base,AC456C0607DBF6FD2585539E0C461B5E
70,2026-08-08 03:37:25,120363042493725288@g.us,28067678416994,U-208 sale del HGBR hacemos 10 a 58.,
70,2026-08-08 04:00:33,120363042493725288@g.us,28067678416994,"Paciente: Catalina Rivera Barrios.
Edad: 45 años.
Antecedentes: Epilepsia en la infancia. 
Medicamentos: Negado
TA: 118/80 mmHg
SpO²: 98%
FC: 89 LPM.
FR: 13 RPM.
Glucosa Capilar:...
Temperatura: 36.2°
Alergias: Negado.
Dx: Pb. Crisis de anciedad. 
Sintomas: Dolor precordial y disnea.
Signos vitales dentro de los valores normales.",
70,2026-08-08 04:15:40,120363042493725288@g.us,170179606609930,Enterado gracias,AC78A4A04F870BE1A7229A73FA98DC81
70,2026-08-08 04:24:18,120363042493725288@g.us,170179606609930,Se quedó internada,
70,2026-08-08 04:24:29,120363042493725288@g.us,170179606609930,@28067678416994 ?,
70,2026-08-08 04:24:48,120363042493725288@g.us,28067678416994,Asi es director,
70,2026-08-08 04:25:12,120363042493725288@g.us,170179606609930,Gracias!,
71,2026-08-08 06:50:09,214774235267138@lid,Você,.,
71,2026-08-08 06:50:44,214774235267138@lid,214774235267138,"*Reporte al 9-1-1 (PRELIMINAR)*
Fecha y Hora: *08/08/2026 00:41:53*
Asunto: *PERSONA(S) LESIONADA(S) POR GOLPES O AGRESIÓN*
Colonia: *IXCOALCO*
Calle: *CARRETERA MEDELLIN-JAMAPA SNSOICI*
Entre calles: *PINO SUAREZ*
Referencia: *CERCA DE UNA CASA EJIDAL*
Localidad: *IXCOALCO*
Municipio: *MEDELLIN DE BRAVO*
*Ubicación:*https://www.google.com/maps/place/19.05063,-96.16756
*Resumen de evento*
Es este mando",
71,2026-08-08 06:51:04,214774235267138@lid,Você,Enterado sale la unidad 208,3EB01EFC2C25530078A82B
72,2026-08-08 06:52:03,120363042493725288@g.us,Você,"*Reporte al 9-1-1 (PRELIMINAR)*
Fecha y Hora: *08/08/2026 00:41:53*
Asunto: *PERSONA(S) LESIONADA(S) POR GOLPES O AGRESIÓN*
Colonia: *IXCOALCO*
Calle: *CARRETERA MEDELLIN-JAMAPA SNSOICI*
Entre calles: *PINO SUAREZ*
Referencia: *CERCA DE UNA CASA EJIDAL*
Localidad: *IXCOALCO*
Municipio: *MEDELLIN DE BRAVO*
*Ubicación:*https://www.google.com/maps/place/19.05063,-96.16756
*Resumen de evento*
Es este mando",
72,2026-08-08 06:52:24,120363042493725288@g.us,Você,Favor de acudir unidad 208,ACBDE70AB679D33229BEBFD09E9E9C48
72,2026-08-08 06:58:39,120363042493725288@g.us,226585563119766,Sale unidad 208 al punto,
72,2026-08-08 06:59:09,120363042493725288@g.us,128733256110143,Con precaución,A581022B1A365F52791F9EE42D1CEAEC
72,2026-08-08 07:14:25,120363042493725288@g.us,97878764691675,U-208 en el punto,
72,2026-08-08 07:14:46,120363042493725288@g.us,128733256110143,Enterado en base,AC2E38499680D5655AB4DADFE87D5F78
72,2026-08-08 07:26:37,120363042493725288@g.us,97878764691675,U-208 se traslada a HG boca del rio,
72,2026-08-08 07:27:09,120363042493725288@g.us,Você,Enterado con precaución,ACB80E1E3A608128A7D9B0C20FA92E49
72,2026-08-08 08:06:25,120363042493725288@g.us,97878764691675,U-208 en HG boca,
72,2026-08-08 08:07:24,120363042493725288@g.us,128733256110143,Ahí para conocimiento de los mandos pide el compañero Leonardo del departamento de deporte para checar a una persona conocida de el k estaba detenida en la policía estatal pido el apoyo ya k se lo iban a entregar pero pedían k lo checara un paramedico para descartar k no tuviera lesiones de gravedad nos indica el compañero k también fue golpeado en ixcualco en el reporte k atendieron los compañeros de la unidad 208,
72,2026-08-08 08:19:43,120363042493725288@g.us,128733256110143,"Nombre del masculino atendido 
Manuel Báez Marín, 47 años.
Policontundido, laceración en cráneo  de unos 3 cm en la región frontal de lado izquierdo.
Laceración en extremidad superior derecha.",AC00D02FEC8883A97682A1003BE9E903
72,2026-08-08 08:50:08,120363042493725288@g.us,226585563119766,Unidad 208 se dirige a base,
72,2026-08-08 08:50:20,120363042493725288@g.us,128733256110143,Enterado con precaución,A5534DF332E0302E403EBD9DA8F5A619
72,2026-08-08 09:07:50,120363042493725288@g.us,97878764691675,U-208 llegando a basé,
72,2026-08-08 09:17:17,120363042493725288@g.us,226585563119766,"Se acude a la localidad de Ixcoalco por reporte de femenina agredida:
PX: Maria Cristina Serrano Segura 
46 años 
DX : Escala de Glasgow valorada en 15
 FX espuesta de Tabique  Nazal , golpe contuso en el frontal lado izquierdo ,
Hipertensa
T/A 150/ 100
Spo2 - 98
FC - 76
FR- 21
Se traslada al Hospital General de boca del Rio para atencion medica 
PERADOR DE LA UNIDAD: Miguel Martinez Hdz
PARAMEDICO: Luz Elena Hdz Ravelo",AC2E38499680D5655AB4DADFE87D5F78
72,2026-08-08 09:48:43,120363042493725288@g.us,Você,"*Reporte al 9-1-1 (PRELIMINAR)*
Fecha y Hora: *08/08/2026 03:41:14*
Asunto: *ACCIDENTE DE MOTOCICLISTA*
Colonia: *RANCHO  DEL  PADRE*
Calle: *CAMINO A RANCHO  DEL  PADRE S/N*
Entre calles: *NO ESPECIFICADO*
Referencia: *CERCA   DE LA   EMPACADORA  ADROVER*
Localidad: *MEDELLIN  DE  BRAVO*
Municipio: *MEDELLIN DE BRAVO*
*Ubicación:*https://www.google.com/maps/place/19.06998,-96.16619",
72,2026-08-08 09:49:03,120363042493725288@g.us,Você,Favor de acudir unidad 208,AC62605A1747E3B41040C41402E805A5
72,2026-08-08 09:49:19,120363042493725288@g.us,28067678416994,Enterada,AC62605A1747E3B41040C41402E805A5
72,2026-08-08 10:07:23,120363042493725288@g.us,28067678416994,Unidad en el punto,
72,2026-08-08 10:07:53,120363042493725288@g.us,Você,Enterado en base,AC03919CDA356AC825AF0B2335C03042
72,2026-08-08 11:18:21,120363042493725288@g.us,28067678416994,Unidad 208 en HGBR,
72,2026-08-08 11:19:54,120363042493725288@g.us,226585563119766,Enterados en base,
72,2026-08-08 11:23:38,120363042493725288@g.us,28067678416994,"Paciente: Daniel Ruiz Linares
Fecha de Nacimiento: 12 Junio 1992.
Edad: 34 años.
Antecedentes: Desconocido.
Medicamentos: Desconocido.
TA: 80/60 mmHg.
SpO²: 94%
FC: 90 LPM.
FR: 22 RPM.
Glucosa Capilar: ...
Temperatura: 36.1°
Alergias: Desconocido.
Dx: TCE Moderado, pb. Fx de rotula derecha.",
72,2026-08-08 12:34:03,120363042493725288@g.us,28067678416994,U-208 sale del HGBR nos dirigimos a carga de combustible.,
72,2026-08-08 12:34:31,120363042493725288@g.us,128733256110143,Con precaución gracias,AC249F487F24163F9FA1E266F62E92EE
72,2026-08-08 12:52:36,120363042493725288@g.us,244006101479643,Unidad 208 en carga de combustible,
72,2026-08-08 13:06:33,120363042493725288@g.us,244006101479643,Unidad 208 se dirige a base,
72,2026-08-08 13:19:48,120363042493725288@g.us,244006101479643,Unidad 208 en base,
72,2026-08-08 13:19:58,120363042493725288@g.us,28067678416994,U-208 ya en 58 con equipo contaminado.,
72,2026-08-08 13:57:54,120363042493725288@g.us,97878764691675,U-072 con niveles correctos de aceite de motor aceite hidráulico y aceite de motor de bomba,
72,2026-08-08 14:03:15,120363042493725288@g.us,97878764691675,U-208 le falta 1/2 litro de aceite de motor de los demás niveles líquido de frenos y aceite hidráulico está correcto,
72,2026-08-08 14:08:32,120363042493725288@g.us,97878764691675,U-098 con niveles correctos de aceite de motor aceite hidráulico y liquido de frenos,
72,2026-08-08 14:14:36,120363042493725288@g.us,97878764691675,"U-097 Con niveles correctos de aceite de motor aceite hidráulico y liquido de frenos 
Observación:
El aceite de transmisión está contaminado requiere aserle el cambio de aceite",
72,2026-08-08 14:16:23,120363042493725288@g.us,135450517885035,es la 98 o 97 la del problema del Aceite de transmision.,
72,2026-08-08 14:19:45,120363042493725288@g.us,170179606609930,La 97 es la ram licenciado pastor,
72,2026-08-08 14:20:17,120363042493725288@g.us,170179606609930,La 98 Ford ecoline anda con sus niveles óptimos,
72,2026-08-08 14:20:58,120363042493725288@g.us,97878764691675,U-096 con niveles correctos de aceite de motor aceite hidráulico y liquido de frenos,
72,2026-08-08 14:35:56,120363042493725288@g.us,128733256110143,"Buen día novedades del día 07/08/26 PC Medellín guardia (1)

11:35 sale la unidad 073 a cargar agua a grupo más 13:29 retorna a base ya k saliendo de grupo más se poncho y espero al talachero para k le reparará el ponche 

11:58 sale unidad 096 a apoyo de derrame de árbol k estorbaba en la vía pública en dos bocas 13:50 retornan a base 

12:53 sale unidad 098 a atender un reporte de un masculino k se corto la mano en el campo de Medellín se llega al punto y se traslada al hospital naval para su atención 14:04 retornan a base 

 12:55 sale unidad 208 a atender un reporte por enfermedad general en puente moreno en la avenida paseo del mar número 20 se llega al lugar y se traslada a una femenina al hospital 20 de noviembre para su atención 13:52 retornan a base 

13:16 sale el compañero Jorge y Felipe a prestar apoyo a la compañera Marta trabajadora de limpieza k se desmayo y no responde en la localidad de moreno seco llegan al lugar la estabilizan y la trasladan al DIF en carro tida k trae el compañero Felipe 

14:06 sale unidad 096 a carga de combustible 14:39 retorna a base 

14:17 salen las unidades 072 y 208 a atender un reporte de incendio de casa aviación en la localidad de paso de toro llegan al lugar controlan y apagan el fuego de igual manera la unidad 208 atiende a dos personas con crisis nerviosa kedando todo sin novedad y dejando recomendaciones a los propietarios 15:50 retornan a base 

14:48 sale la unidad 098 de entregar paciente en hospital naval al palacio municipal de Medellín para atender a una compañera k se desmayo dentro del inmueble llega al lugar se valora y se procede a llevar al hospital de boca del río para su atención 16:21 retornan a base 

14:40 sale unidad 096 a apoyo al palacio municipal ya k reportaban una compañera desmayada y no despertaba así mismo se pidió a la 098 k llegara al punto para k trasladará a la compañera al HG de boca 15:26 retorna a base 

15:27 sale la unidad 096 al palacio para recoger un vehículo prestado para un traslado 16:11 retorna a base 

19:43 sale unidad 208 a la localidad de San Francisco para atender a la compañera Marta k se puso mal se llega al lugar y se procede a trasladar al hospital de boca para su atención 21:37 retornan a base 

19:55 sale unidad 098 a carga de combustible en las Vegas 20:25 retorna a base 

19:35 sale unidad 096 a atender reporte de abejas en playa de vacas y en arboledas San Miguel 22:25 retornan a base 

24:58 sale unidad 208 a atender reporte de una femenina golpeada en la localidad de ixcualco medellín se llega al lugar y se procede a trasladar al hospital de boca para su atención 03:07 retorna a base 

02:07 viene a base el compañero Leonardo de deporte para pedir apoyo para checar a un familiar k estaba detenida en la policía estatal pero estaba golpeado por una riña familiar se procedió a atender y hacer curaciones menores en las instalaciones de la policía estatal de igual manera se le dieron recomendaciones al compañero no ameritó ser trasladado 

03:49 sale unidad 208 a atender choke de moto en la localidad de el atrancon rancho del padre como referencia por la empacadora de piña se llega al lugar y se traslada al hospital de boca para su atención 07:19 retornan a base",
72,2026-08-08 14:36:11,120363042493725288@g.us,128733256110143,"08/08/2026
Atención población de #Veracruz.
Próximas 24-48 horas.

🔴 Ambiente caluroso al mediodía y parte de la tarde; templado a fresco por las noches y madrugadas.
🔴 Probabilidad de lluvias y tormentas eléctricas aisladas con los máximos acumulados sobre montañas y cuencas del sur. Nieblas y neblinas eventuales. 
🔴 Viento dominante del Noreste, Este y Sureste de 20 a 35 km/h en costas. Variable con rachas en las zonas de tormentas.
🔴 Olas de 0.5 a 1.0  metros cerca de costas.

👉 En los próximos 7 días se esperan lluvias y tormentas eléctricas aisladas con los máximos acumulados sobre montañas y cuencas del sur, aumentando el potencial el siguiente fina de semana. Además, se prevé poco cambio en la temperatura máxima.",
72,2026-08-08 15:05:06,120363042493725288@g.us,97878764691675,U-096 sale apoyo de orden y limpieza,
72,2026-08-08 15:13:05,120363042493725288@g.us,97878764691675,U-096 llegando al punto,
72,2026-08-08 15:13:20,120363042493725288@g.us,214482211094536,Enterado gracias,
72,2026-08-08 15:34:58,120363042493725288@g.us,170179606609930,Francos los francos,
72,2026-08-08 15:54:21,120363042493725288@g.us,226585563119766,🙋🏻‍♀️,
72,2026-08-08 15:55:40,120363042493725288@g.us,213554649145471,Para conocimiento sube el oxímetro pediátrico  de la 097 a la 098  con conocimiento del jefe de turno,
72,2026-08-08 15:56:12,120363042493725288@g.us,226585563119766,Enterada,ACB449F8A8E79C34D416D30AECD463F5
76,2026-08-08 18:04:31,120363042493725288@g.us,97878764691675,U-096 llegando a basé,
76,2026-08-08 18:25:52,120363042493725288@g.us,214482211094536,"*Reporte al 9-1-1 (PRELIMINAR)*
Fecha y Hora: *08/08/2026 12:13:00*
Asunto: *ACCIDENTE VEHICULAR MÚLTIPLE*
Colonia: *TEJAR*
Calle: *CARRETERA AL TEJAR S/N*
Entre calles: *ARBOLEDAS*
Referencia: *POR EL TOPE DESPUES DE SORIANA Y POR DONDE ESTA LA ENTRADA A DOS BOCAS*
Localidad: *MEDELLIN DE BRAVO*
Municipio: *MEDELLIN DE BRAVO*
*Ubicación:*https://www.google.com/maps/place/19.087454,-96.154876
*Resumen de evento*
     NDICA QUE UNA FEMENINA MOTOCICLISTA IMPACTÒ A AUS VEHICULO PRO LA PARTE DE ATRAS, SE METIO AL ARROYO VEHICULAR SIN VER Y DESPUES LES IMPACTO A PROPOSITO",
76,2026-08-08 18:25:57,120363042493725288@g.us,214482211094536,Sale unidad 098,
76,2026-08-08 18:27:47,120363042493725288@g.us,226585563119766,Enterada en base,AC9B0FD86F3106B524870FCA4B9CFCC8
76,2026-08-08 18:29:42,120363042493725288@g.us,214482211094536,Unidad en el punto,ACA4E03F225BAA54E45120AC29C4B3AC
76,2026-08-08 18:42:58,120363042493725288@g.us,213554649145471,El reporte se trató de un percance vial sin lesionados,
76,2026-08-08 18:43:52,120363042493725288@g.us,213554649145471,Se canaliza a la autoridad correspondiente,
76,2026-08-08 18:43:58,120363042493725288@g.us,226585563119766,Enterdos en base,
76,2026-08-08 18:47:06,120363042493725288@g.us,213554649145471,Unidad 098 en base,
77,2026-08-08 19:27:29,214774235267138@lid,Você,...,
77,2026-08-08 19:30:59,214774235267138@lid,214774235267138,"COMANDO , PENDIENTE CON EL REPORTE DE LA ALCANTARILLA, QUEDA SIN EFECTO",
77,2026-08-08 19:33:22,214774235267138@lid,Você,11 mandó,
78,2026-08-08 20:45:10,120363042493725288@g.us,214482211094536,Oye me llamo un transito se llama Jesus Valencia para solicitar apoyo para un accidente de motocicleta,
78,2026-08-08 20:45:11,120363042493725288@g.us,214482211094536,Lagos de puente moreno,
78,2026-08-08 20:45:59,120363042493725288@g.us,214482211094536,@97878764691675 y @226585563119766 me apoyas en ese tema de favor en la unidad U208,
78,2026-08-08 20:49:26,120363042493725288@g.us,226585563119766,Sale unidad 208 al punto,AC1A8B764035CBD67CA36CAA6678CD69
78,2026-08-08 20:49:37,120363042493725288@g.us,Você,Gracias con precaución,
78,2026-08-08 20:49:57,120363042493725288@g.us,226585563119766,Informes al arribo de la unidad,
78,2026-08-08 20:58:33,120363042493725288@g.us,97878764691675,U-208 en el punto,
78,2026-08-08 20:58:51,120363042493725288@g.us,214482211094536,Enterado en base,
78,2026-08-08 21:30:17,120363042493725288@g.us,226585563119766,Unidad 208 de retorno a base trasladaron al paciente por sus medios posterior datos,
78,2026-08-08 21:36:10,120363042493725288@g.us,97878764691675,U-208 llegando a basé,
78,2026-08-08 21:44:15,120363042493725288@g.us,214482211094536,Unidad 098 en clínica 71,
78,2026-08-08 21:50:02,120363042493725288@g.us,226585563119766,"Se acude a llamado de Emergencia en Lagos de puente Moreno por reporte se choque : Moto con Taxi : 
Se atiende a masculino de 24 años 
Px: Jair Carbajal Castro
DX : policontundido
HX de 2cm aproximadamente en la Rotula de Rodilla lado izquierdo con hemorragia activa, signos vitales dentro del parametro normal, se brinda la atencion y se le explica que hay que trasladarlo para valoracion medica 
Negandose al traslado 
Ya que su familiar lo iba a trasladar por sus medios quedando bajo resguardo de su Hermana: Mari Carmen Carvajal
Autoridad Presente:
Perito de transito municipal: Jesus Valencia
Unidad 088
Unidad 208 PC medellin de retorno a base",AC847240B1B41764E4E5197548BC52E0
78,2026-08-08 22:06:59,120363042493725288@g.us,213554649145471,Unidad 098 retorna a domicilio del ciudadano,
78,2026-08-08 22:13:56,120363042493725288@g.us,226585563119766,Enteradoa en base,
78,2026-08-08 22:17:20,120363042493725288@g.us,Você,En el callejón del campesino,
78,2026-08-08 22:19:41,120363042493725288@g.us,Você,El solicitante reporta que ya se está sofocado el incendio de pastizal queda sin efecto,
78,2026-08-08 22:21:15,120363042493725288@g.us,Você,Reporte de la ciudadana : Marichuy Isleño,
78,2026-08-08 23:06:26,120363042493725288@g.us,213554649145471,Unidad 098 en  base,
78,2026-08-08 23:33:53,120363042493725288@g.us,170179606609930,Si puede acudir la 96 este reporte un enjambre solicítale a Ciudadana ahorita mando los datos. Esta es la ubicación si puede ir la 96 a dejar recomendaciones,
78,2026-08-08 23:36:17,120363042493725288@g.us,170179606609930,@233453719150672,
78,2026-08-08 23:36:37,120363042493725288@g.us,170179606609930,Checa el privado,
78,2026-08-08 23:36:38,120363042493725288@g.us,214482211094536,Enterado sale unidad 096,
78,2026-08-08 23:36:45,120363042493725288@g.us,170179606609930,.,ACE408DFD93B57F68D70271436BE1B3F
78,2026-08-08 23:36:54,120363042493725288@g.us,71803431043257,Con cuidado  tomen foto ir   por eyas,
78,2026-08-08 23:43:58,120363042493725288@g.us,194171226824727,Con esta hora sale la unidad 096 por un reporte de abejas,3AF74388800FC76F47F2
78,2026-08-08 23:44:14,120363042493725288@g.us,Você,Enterado en base,
78,2026-08-08 23:55:30,120363042493725288@g.us,194171226824727,Unidad 096 en punto,
78,2026-08-09 00:11:55,120363042493725288@g.us,194171226824727,Sele pasa información preventiva a preotaria que no es recomendable quedarse en su domicilio en la noche vamos a regresar a retirar las abejas,
78,2026-08-09 00:12:10,120363042493725288@g.us,194171226824727,Unidad 096 retorna a base,
78,2026-08-09 00:50:19,120363042493725288@g.us,Você,"*Reporte al 9-1-1 (PRELIMINAR)*
Fecha y Hora: *08/08/2026 18:35:43*
Asunto: *CHOQUE VEHICULAR CON  PERSONA LESIONADA*
Colonia: *ARBOLEDAS SAN RAMON*
Calle: *JARDIN DE SAN MATEO S/N*
Entre calles: *LAS TORRES Y JARDIN DE BARTOLOME*
Referencia: *CERCA DE DOMO DEPORTIVO*
Localidad: *MEDELLIN DE BRAVO*
Municipio: *MEDELLIN DE BRAVO*
*Ubicación:*https://www.google.com/maps/place/19.091681927506,-96.156156770621
*Resumen de evento*
     INDICA QUE HACE UN MINUTOS HUBO UN CHOQUE ENTRE UNA MOTO Y UN VEHICULO, AL PARECER HAY LESIONADOS",
78,2026-08-09 00:51:15,120363042493725288@g.us,214482211094536,Enterado sale unidad 098,
78,2026-08-09 00:51:46,120363042493725288@g.us,Você,Enterado con precaución,
78,2026-08-09 00:57:50,120363042493725288@g.us,214482211094536,Unidad 098 en el punto,AC7807EDF03040A64570930FC87EBFBE
78,2026-08-09 01:21:30,120363042493725288@g.us,226585563119766,Sale unidad 098 a reporte de accidente vehicular con una moto en la localidad san miguel rancho,
78,2026-08-09 01:22:35,120363042493725288@g.us,213554649145471,"Dos lesionados  
Firman negativa de traslado",
78,2026-08-09 01:22:53,120363042493725288@g.us,226585563119766,Enterados en base,AC11E1D50AEFE879C40DC2B5CBBEA041
78,2026-08-09 02:00:57,120363042493725288@g.us,Você,Sale unidad 208 a casa insurgentes en puente moreno por reporte de persona inconsciente,
78,2026-08-09 02:01:19,120363042493725288@g.us,Você,Información al arribo de la unidad,
78,2026-08-09 02:04:49,120363042493725288@g.us,214482211094536,Unidad 098 en el punto,
78,2026-08-09 02:06:50,120363042493725288@g.us,170179606609930,Toma datos,
78,2026-08-09 02:06:54,120363042493725288@g.us,170179606609930,Porfavor,
78,2026-08-09 02:07:01,120363042493725288@g.us,226585563119766,Enterados en base,
78,2026-08-09 02:07:02,120363042493725288@g.us,170179606609930,Y qué fue lo que pasó,
78,2026-08-09 02:07:34,120363042493725288@g.us,170179606609930,Para requirir el lunes si puedes porfavor que fue lo que pasó,
78,2026-08-09 02:12:53,120363042493725288@g.us,223488774266954,Unidad 208 en base,
78,2026-08-09 02:32:00,120363042493725288@g.us,194171226824727,"*Reporte al 9-1-1 (PRELIMINAR)*
Fecha y Hora: *08/08/2026 20:13:14*
Asunto: *PERSONA AGRESIVA*
Colonia: *ARBOLEDA SAN MIGUEL*
Calle: *SAN MIGUEL *
Entre calles: *ESPERANZA*
Referencia: *EN EL OXXO*
Localidad: *NO ESPECIFICADO*
Municipio: *MEDELLIN DE BRAVO*
*Ubicación:*https://www.google.com/maps/place/19.084215774282,-96.176890321094
*Resumen de evento*",
78,2026-08-09 02:33:02,120363042493725288@g.us,214482211094536,Enterado sale unidad 098,AC189009F43B8BA4759E8E2795F4F5EE
78,2026-08-09 02:33:43,120363042493725288@g.us,170179606609930,Espérame,AC189009F43B8BA4759E8E2795F4F5EE
78,2026-08-09 02:33:46,120363042493725288@g.us,170179606609930,Ya llegó la SAP,
78,2026-08-09 02:33:51,120363042493725288@g.us,170179606609930,?,
78,2026-08-09 02:33:56,120363042493725288@g.us,170179606609930,Policía al punto?,
78,2026-08-09 02:34:10,120363042493725288@g.us,170179606609930,No salgan hasta que la escena sea segura,
78,2026-08-09 02:34:16,120363042493725288@g.us,170179606609930,Canalizó con ssp,
78,2026-08-09 02:35:20,120363042493725288@g.us,170179606609930,Deme un momento,
78,2026-08-09 02:37:59,120363042493725288@g.us,194171226824727,Van la unidad en camino SP,
78,2026-08-09 02:38:11,120363042493725288@g.us,170179606609930,Que unidad Arturo?,
78,2026-08-09 02:38:31,120363042493725288@g.us,194171226824727,Estoy esperando que me pase el número de la unidad,
78,2026-08-09 02:38:48,120363042493725288@g.us,170179606609930,Ya se había canalizado con la delegación comando estamos tratando de contactarnos para verificar si ya esta la unidad,
78,2026-08-09 02:40:25,120363042493725288@g.us,194171226824727,La unidad 4465,
78,2026-08-09 02:40:34,120363042493725288@g.us,194171226824727,De la sp,AC8885E9C05436B2341DF0938E98EDAF
78,2026-08-09 02:44:56,120363042493725288@g.us,223488774266954,Unidad 208 sale a servicio en fraccionamiento San Miguel,
78,2026-08-09 02:46:53,120363042493725288@g.us,72104464666678,Se extrajo el panal del domicilio,
78,2026-08-09 02:47:27,120363042493725288@g.us,194171226824727,Enterado base con precaución,AC203AE7F5B4D1424D9AFAAB5B211743
78,2026-08-09 02:47:39,120363042493725288@g.us,194171226824727,Enterado base,ACB6A9E9212EAEA5FF62AF6396BF1DB6
78,2026-08-09 02:54:51,120363042493725288@g.us,97878764691675,U-208 en el punto,
78,2026-08-09 02:56:21,120363042493725288@g.us,214482211094536,Unidad en el punto,AC2F0D84ACC3B90E05BCEFCCE299A6F9
78,2026-08-09 03:00:56,120363042493725288@g.us,194171226824727,"*Reporte al 9-1-1 (PRELIMINAR)*
Fecha y Hora: *08/08/2026 20:52:00*
Asunto: *TLM-INCONSCIENTE*
Colonia: *TEJAR*
Calle: *AV PLAN  DE AYALA 2*
Entre calles: *FERROCARRILES*
Referencia: *CASA DE DOS PISOS COLOR VERDE*
Localidad: *TEJAR*
Municipio: *MEDELLIN DE BRAVO*
*Ubicación:*https://www.google.com/maps/place/19.083908087665,-96.158009107667
*Resumen de evento*",
78,2026-08-09 03:03:13,120363042493725288@g.us,72104464666678,Unidad 096,
78,2026-08-09 03:04:21,120363042493725288@g.us,214482211094536,Salgo a este servicio 098,AC664A07B524272877E6736BD3D0BCF1
78,2026-08-09 03:08:11,120363042493725288@g.us,194171226824727,Enterado base con precaución,AC943D80752B7CC4A14AD640DA9D5832
78,2026-08-09 03:11:23,120363042493725288@g.us,213554649145471,Unidad 098 procede al al tejar reportan persona inconsciente,
78,2026-08-09 03:19:11,120363042493725288@g.us,213554649145471,Para conocimiento llegamos a la 19 y no se ubico al lesionado,
78,2026-08-09 03:22:13,120363042493725288@g.us,194171226824727,Enterado base,
78,2026-08-09 03:23:54,120363042493725288@g.us,214482211094536,En el punto,AC664A07B524272877E6736BD3D0BCF1
78,2026-08-09 03:26:06,120363042493725288@g.us,213554649145471,Codigo negro,
78,2026-08-09 03:26:45,120363042493725288@g.us,170179606609930,Se está convulsionando,
78,2026-08-09 03:26:45,120363042493725288@g.us,170179606609930,Esquina Av europa,
78,2026-08-09 03:26:45,120363042493725288@g.us,170179606609930,Calzada del sol,
78,2026-08-09 03:26:52,120363042493725288@g.us,170179606609930,Ese ya se atendió,
78,2026-08-09 03:27:15,120363042493725288@g.us,214482211094536,Si ya pero se pusieron agresivos,
78,2026-08-09 03:28:07,120363042493725288@g.us,213554649145471,Afirma,
78,2026-08-09 03:28:57,120363042493725288@g.us,213554649145471,El del calzada del sol fue donde se pusieron agresivos,
78,2026-08-09 03:37:38,120363042493725288@g.us,223488774266954,Unidad 208 se mueve a servicio de La Higuera,
78,2026-08-09 03:39:17,120363042493725288@g.us,138276522463346,"*Accidente*
 *Puente* de *paso* del *toro*
En la *Y*",
78,2026-08-09 03:39:37,120363042493725288@g.us,138276522463346,Indican que sin lesionados,
78,2026-08-09 03:40:41,120363042493725288@g.us,97878764691675,U-208 llegando al punto del acidente vehicular del puente dela igriega,
78,2026-08-09 03:41:37,120363042493725288@g.us,Você,Enterado base,AC1335D5D741B6A8BFB2BEFECBBF000F
78,2026-08-09 03:45:07,120363042493725288@g.us,213554649145471,Se procede a retirar a los últimos familiares y se hace el debido acordonamiento para que realicen el protocolo correspondiente,
78,2026-08-09 04:03:21,120363042493725288@g.us,194171226824727,Va para allá la unidad sp 3028,
78,2026-08-09 04:03:46,120363042493725288@g.us,214482211094536,Enterado gracias,
78,2026-08-09 04:13:31,120363042493725288@g.us,97878764691675,U-208 retorna a base,
78,2026-08-09 04:15:54,120363042493725288@g.us,194171226824727,Enterado base,AC45B3C7C0E23E71106FF5558064E6E7
78,2026-08-09 04:25:09,120363042493725288@g.us,194171226824727,Unidades quien está disponible aurita,
78,2026-08-09 04:25:28,120363042493725288@g.us,194171226824727,De las ambulancia 🚑,
78,2026-08-09 04:26:01,120363042493725288@g.us,194171226824727,Tengo otro reporte,
78,2026-08-09 04:27:34,120363042493725288@g.us,223488774266954,"Unidad 208 en ""los carriles"" el Tejar",
78,2026-08-09 04:27:48,120363042493725288@g.us,194171226824727,"*Reporte al 9-1-1 (PRELIMINAR)*
Fecha y Hora: *08/08/2026 22:04:20*
Asunto: *VIOLENCIA FAMILIAR*
Colonia: *ARBOLEDAS  SAN MIGUEL*
Calle: *MEDELLIN S/N*
Entre calles: *CALZADA  SIN MIGUEL*
Referencia: *CERCA DE ABARROTES  TORRE FUERTE*
Localidad: *MEDELLIN DE BRAVO*
Municipio: *MEDELLIN DE BRAVO*
*Ubicación:*https://www.google.com/maps/place/19.08544,-96.17955
*Resumen de evento*",
78,2026-08-09 04:32:19,120363042493725288@g.us,223488774266954,Unidad 208 se dirige al servicio de arboledas San Miguel,
78,2026-08-09 04:33:34,120363042493725288@g.us,194171226824727,Va la unidad sp 4465,
78,2026-08-09 04:33:46,120363042493725288@g.us,194171226824727,En camino,
78,2026-08-09 04:36:45,120363042493725288@g.us,214482211094536,Unidad 098 en base,
78,2026-08-09 04:37:56,120363042493725288@g.us,170179606609930,"EQUIPO MUY IMPORTANTE SIEMPRE QUE SEA VIOLENCIA, ROBO O ALGO QUE LA ESCENA SEA HOSTIL ESPERAR A LA POLICÍA QUE LLEGUE AL PUNTO",
78,2026-08-09 04:38:39,120363042493725288@g.us,194171226824727,YA SE ENCUENTRA AHI LA UNIDAD,
78,2026-08-09 04:42:26,120363042493725288@g.us,213554649145471,Unidad 098 sale a derrape de moto  en la entrada de arboledas san Ramón,
78,2026-08-09 04:53:24,120363042493725288@g.us,97878764691675,Unidad 208 en el punto pero no séve nada ya icimos barrido en toda la zona y sin novedades,
78,2026-08-09 04:59:03,120363042493725288@g.us,223488774266954,Unidad 208 retorna a base,
78,2026-08-09 05:06:41,120363042493725288@g.us,194171226824727,Tránsito estatal te01-88  viene amando Jesús Francisco Valencia con uno más,
78,2026-08-09 05:11:39,120363042493725288@g.us,97878764691675,U-208 llegando a base,
78,2026-08-09 05:13:35,120363042493725288@g.us,170179606609930,Enterado gracias,
78,2026-08-09 05:38:04,120363042493725288@g.us,213554649145471,Unidad  098 en espera de pases médicos.,
78,2026-08-09 05:38:15,120363042493725288@g.us,213554649145471,Puedo esperar 30 minutos más,
78,2026-08-09 06:07:37,120363042493725288@g.us,194171226824727,Enterado base con precaución,ACFA7565E692F2D0F8D3FDA6D467460D
78,2026-08-09 06:19:06,120363042493725288@g.us,214482211094536,Unidad 098 en clínica 71 en espera de equipo,
78,2026-08-09 06:19:22,120363042493725288@g.us,194171226824727,Enterado base,
78,2026-08-09 06:35:13,120363042493725288@g.us,223488774266954,"*FECHA*  08/ 08/2026.
*AMBULANCIA*  U-208.
*OPERADOR* Miguel Martínez.
*PARAMEDICO* Mabel Márquez Ferrer.
*TERCERO ABORDO*
N/A.
*DIRECCIÓN DEL SERVICIO*  Base de protección civil, arboledas San Ramón.
*TIPO DE SERVICIO* 
Urgencia.
*NOMBRE DEL PACIENTE* 
Maria Magdalena Pozos Ramírez.
*T/A* 100/60 mm/Hg
*F/C* 77 x'
*F/R*  18 x' 
 *Spo2*  98%
 *TEMPERATURA* 36 °C
*GLUC/OPCIONAL* -
*EDAD* 17 años.
*Glasgow* 13.
*ORIGINARIO ( A)* Veracruz. 
*DESCRIPCIÓN DE LO OCURRIDO* Paciente femenino, es trasladada en vehículo particular a la base para su valoración por su encargada laboral. Comentan la px se desvaneció por unos minutos, respondiendo al estímulo doloroso, ante la interrogación probable crisis nerviosa, más ayuno prolongado, se le toman signos vitales y se le dan recomendaciones.
*DIAGNÓSTICO* probable crisis nerviosa, más ayuno prolongado.
*HOSPITAL  DE TRASLADO* n/a.
 *RECIBE* n/a.
*CÓDIGO* Amarillo.
*OBSERVACIONES* 
Px letárgico, responde al estímulo doloroso. 

*ANTECEDENTES PATOLOGICOS*
Negados.
*ANTECEDENTES  NO PATOLOGICOS*
Negados.

*ALERGIAS* Negadas.

 *MEDICAMENTOS* 
 Negados. 
*AUTORIDAD EN EL LUGAR*   -
*SEGURO*  no cuenta con servicio médico.
*DESPACHA* Dirección de protección civil.",AC25F2065C844E18558DE7D80828322A
78,2026-08-09 07:33:06,120363042493725288@g.us,213554649145471,Unidad 098 en base,
78,2026-08-09 07:41:09,120363042493725288@g.us,223488774266954,"*FECHA*  08/ 08/2026.
*AMBULANCIA*  U-208.
*OPERADOR* Miguel Martínez.
*PARAMEDICO* Mabel Márquez Ferrer.
*TERCERO ABORDO*
N/A.
*DIRECCIÓN DEL SERVICIO*  Carretera Paso del Toro.
*TIPO DE SERVICIO* 
Urgencia.
*NOMBRE DEL PACIENTE* 
Maria de Jesús Carrillo Chan.
*T/A* 160/100 mm/Hg 
*F/C* 115 x'
*F/R*  18 x' 
 *Spo2*  97%
 *TEMPERATURA* 37. °C
*GLUC/OPCIONAL* -
*EDAD* 66 años.
*Glasgow* 15.
*ORIGINARIO ( A)* Veracruz. 
*DESCRIPCIÓN DE LO OCURRIDO* Paciente femenino, que iba en vehículo particular sentada del lado del copiloto, consciente, orientada en sus cuatro esferas, cooperadora,   con crisis nerviosa leve, refiere dolor en el pecho por perdida de control de vehículo al atorarse una caña entre la 1ra llanta lado izquierdo (piloto), sin compromiso ventilarorio, con elevación de la TA. Se le checan signos vitales y se le dan recomendaciones.
*DIAGNÓSTICO* crisis nerviosa leve, dolor en el pecho sin compromiso ventilarorio y elevación de la TA. 
*HOSPITAL  DE TRASLADO* No amerita traslado.
 *RECIBE* N/A.
*CÓDIGO* Amarillo.
*OBSERVACIONES* 
Paciente consciente, orientada en sus cuatro esferas, cooperadora, presenta crisis nerviosa leve, con alteración de la TA.

*ANTECEDENTES PATOLOGICOS*
Negados.
*ANTECEDENTES  NO PATOLOGICOS*
Negados.

*ALERGIAS* Negadas.

 *MEDICAMENTOS* 
 Negados. 
*AUTORIDAD EN EL LUGAR*   -
*SEGURO*  IMSS.
*DESPACHA* Dirección de protección civil.",AC1335D5D741B6A8BFB2BEFECBBF000F
78,2026-08-09 08:39:15,120363042493725288@g.us,194171226824727,"*Reporte al 9-1-1 (PRELIMINAR)*
Fecha y Hora: *09/08/2026 02:00:01*
Asunto: *VIOLENCIA FAMILIAR*
Colonia: *EL TEJAR*
Calle: *CAMINO ANTIGUO S/N*
Entre calles: *AV PATRIOTISMO*
Referencia: *POR LA GRANJA AVICOLA LA GALLINA FELIZ*
Localidad: *MEDELLIN DE BRAVO*
Municipio: *MEDELLIN DE BRAVO*
*Ubicación:*https://www.google.com/maps/place/19.086379907374,-96.171164741396
*Resumen de evento*

ME AOPOYAS CON LA AMBULANCIA EN ESTA UBICACION UNA FEMENINA FUE AGREDIDA LA UNIDAD YA SE ENCUENTRA EN EL LUGAR",
78,2026-08-09 08:41:25,120363042493725288@g.us,214482211094536,Sale unidad 098,
78,2026-08-09 08:44:42,120363042493725288@g.us,194171226824727,Enterado base con precaución,
78,2026-08-09 08:56:02,120363042493725288@g.us,214482211094536,Unidad 098 en el punto,
78,2026-08-09 08:56:18,120363042493725288@g.us,194171226824727,Enterado base,
78,2026-08-09 09:21:32,120363042493725288@g.us,214482211094536,Policía Enrique romero Zarate con 1 más de fuerza unidad SP _3028,
78,2026-08-09 09:29:31,120363042493725288@g.us,194171226824727,Enterado base,AC5EAC2ACA31CC09BE4D536E69013378
78,2026-08-09 09:54:03,120363042493725288@g.us,214482211094536,Unidad 098 en HG boca del río en espera de equipo,
78,2026-08-09 10:02:39,120363042493725288@g.us,194171226824727,"*Reporte al 9-1-1 (PRELIMINAR)*
Fecha y Hora: *09/08/2026 03:48:53*
Asunto: *CABLES SUSPENDIDOS*
Colonia: *EL TEJAR*
Calle: *AV INDEPENDENCIA 58*
Entre calles: *EMILIANO ZAPATA*
Referencia: *POR LA GASOLINERA EL TEJAR*
Localidad: *MEDELLIN DE BRAVO*
Municipio: *MEDELLIN DE BRAVO*
*Ubicación:*https://www.google.com/maps/place/19.08325,-96.15691
*Resumen de evento*",
78,2026-08-09 10:05:02,120363042493725288@g.us,194171226824727,Sale la unidad 096,ACF415114FCA2289946AF1BBB9808E22
78,2026-08-09 10:05:29,120363042493725288@g.us,214482211094536,Enterado con precaución,
78,2026-08-09 10:18:46,120363042493725288@g.us,194171226824727,Unidad 096 en el lugar,ACF415114FCA2289946AF1BBB9808E22
78,2026-08-09 10:35:46,120363042493725288@g.us,194171226824727,Unidad 096 retorna a base,
78,2026-08-09 10:40:54,120363042493725288@g.us,194171226824727,Unidad 096 ya en base,
78,2026-08-09 11:12:41,120363042493725288@g.us,213554649145471,"*FECHA*  09/ 08/2026
*AMBULANCIA*  U-098
*OPERADOR* Jose Luis prieto 
*PARAMEDICO* Jorge Luna 
*TERCERO ABORDO*
Emily Janeth 
*TIPO DE SERVICIO* 
Urgencia 
*NOMBRE DEL PACIENTE* 
Rubí esmeralda Rivas Quevedo 
*FECHA DE NACIMIENTO:*
02/06/ 2026
*DIRECCIÓN DEL SERVICIO*  
Medellín De Bravo 
Sin número sin nombre 
*TIPO DE SERVICIO* 
Urgencia 
*T/A* 140/90
*F/C* 95
*F/R*  17
 *Spo2*  95%
 *TEMPERATURA* 35.0
*GLUC/OPCIONAL* 
*EDAD* 45 años 
*Glasgow* 15
*ORIGINARIO ( A)* Veracruz 
*DESCRIPCIÓN DE LO OCURRIDO*  El familiar Refiere haber tenido un conflicto familiar en el que refiere aagresion directa 
*DIAGNÓSTICO* 
TCE severo + Contusión en rotula derecha 
*HOSPITAL  DE TRASLADO* Hospital General de boca del rio 
 *RECIBE* ( no aporta datos ) 
*CÓDIGO* rojo 
*OBSERVACIONES* 
px  con Glasgow 3
*ANTECEDENTES PATOLOGICOS*
NEGADOS 
*ANTECEDENTES  NO PATOLOGICOS*
Alcohol Frecuente cada fin de semana 

*ALERGIAS* Negadas

 *MEDICAMENTOS* 
 Negados 
*AUTORIDAD EN EL LUGAR* policía estatal unidad SP 3028 a cargo de Enrique Romero Zárate más uno de apoyo 
*SEGURO*  No 
*DESPACHA* C5",
78,2026-08-09 11:20:31,120363042493725288@g.us,213554649145471,"*FECHA*  08/ 08/2026
*AMBULANCIA*  U-098
*OPERADOR* Jose Luis prieto 
*PARAMEDICO* Jorge Luna 
*TERCERO ABORDO*
Emily Janeth 
*TIPO DE SERVICIO* 
Urgencia 
*NOMBRE DEL PACIENTE* 
Miguel Sarabia 
*FECHA DE NACIMIENTO:*
30/03/1958
*DIRECCIÓN DEL SERVICIO*  
Medellín De Bravo 
Sin especificar 
*TIPO DE SERVICIO* 
Urgencia 
*T/A* 
*F/C* codigo negro 
*F/R*  
 *Spo2*  
 *TEMPERATURA* 
*GLUC/OPCIONAL* 
*EDAD* 69 años 
*Glasgow* 
*ORIGINARIO ( A)* Veracruz 
*DESCRIPCIÓN DE LO OCURRIDO*  refieren familiares el desvanecimiento del señor de la tercera edad quien tenía aproximadamente dos horas en ese estado al parecer se encontraba solo.
*DIAGNÓSTICO* 
probable IAM
*HOSPITAL  DE TRASLADO* N/a 
 *RECIBE* ( no aporta datos ) 
*CÓDIGO* negro 
*OBSERVACIONES* 
Se procede a dar parte seguridad pública y se acordona el área
*ANTECEDENTES PATOLOGICOS*
Hipertensión, diabetes
*ANTECEDENTES  NO PATOLOGICOS*
Negados 
*ALERGIAS* Negadas

 *MEDICAMENTOS* 
 Polifarmacia 
*AUTORIDAD EN EL LUGAR* 1 unidad de seguridad pública municipal 
*SEGURO* 
*DESPACHA* C5",
78,2026-08-09 11:41:09,120363042493725288@g.us,213554649145471,"*FECHA*  08/ 08/2026
*AMBULANCIA*  U-098
*OPERADOR* Jose Luis prieto 
*PARAMEDICO* Jorge Luna 
*TERCERO ABORDO*

*TIPO DE SERVICIO* 
Urgencia 
*NOMBRE DEL PACIENTE* 
Samantha Gissel Aguilar Hernández 
*FECHA DE NACIMIENTO:*
1 julio 1998
*DIRECCIÓN DEL SERVICIO*  
Medellín De Bravo 
Sin especificar 
*TIPO DE SERVICIO* 
Urgencia 
*T/A* 
*F/C* no permite toma de signos 
*F/R*  
 *Spo2*  95%
 *TEMPERATURA* 
*GLUC/OPCIONAL* 
*EDAD* 27 años 
*Glasgow* 
*ORIGINARIO ( A)* Veracruz 
*DESCRIPCIÓN DE LO OCURRIDO*  paciente refiere viajar como pasajero en motocicleta cuando se impactan de manera lateral con un vehículo la paciente no permite la toma de signos vitales solo excede a las curaciones menores firma de deslinde
*DIAGNÓSTICO* 
Policontundido
*HOSPITAL  DE TRASLADO* N/a 
 *RECIBE* N/a 
*CÓDIGO* 
*OBSERVACIONES* 
Niega traslado firma deslinde 
*ANTECEDENTES PATOLOGICOS*
Negados 
*ANTECEDENTES  NO PATOLOGICOS*
Negados 
*ALERGIAS* Negadas

 *MEDICAMENTOS* 
 Negados 
*AUTORIDAD EN EL LUGAR* 1 unidad de seguridad pública municipal
*SEGURO* 
*DESPACHA* C5",
78,2026-08-09 11:51:05,120363042493725288@g.us,213554649145471,"*FECHA*  08/ 08/2026
*AMBULANCIA*  U-098
*OPERADOR* Jose Luis prieto 
*PARAMEDICO* Jorge Luna 
*TERCERO ABORDO*
Emily Janeth
*TIPO DE SERVICIO* 
Urgencia 
*NOMBRE DEL PACIENTE* 
Amayreth Ruiz Molina 
*FECHA DE NACIMIENTO:*
No aporta 
*DIRECCIÓN DEL SERVICIO*  
Medellín De Bravo 
Referencia: entrada de arboledas san Ramón 
*TIPO DE SERVICIO* 
Urgencia 
*T/A* 120/90
*F/C* 89
*F/R*  17
 *Spo2*  95%
 *TEMPERATURA* 35.4
*GLUC/OPCIONAL* 
*EDAD* 20 años 
*Glasgow* 15
*ORIGINARIO ( A)* Veracruz 
*DESCRIPCIÓN DE LO OCURRIDO*  paciente refiere viajar como pasajero en motocicleta cuando se impacta de manera lateral con un vehículo la paciente portaba casco de seguridad refiere ir a una velocidad no mayor a 40km/ hrs 
*DIAGNÓSTICO* 
Fx  expuesta de los 3 tercios de la tibia y el peroné izquierdo 
+ Fx de rotula derecha 
+ Tce leve 
*HOSPITAL  DE TRASLADO* clínica Imss #71
 *RECIBE* Dra. joana 
*CÓDIGO* Amarillo 
*OBSERVACIONES* 
Comienzan signos de estado de choque 
Pálido
Diaforetico.
*ANTECEDENTES PATOLOGICOS*
Negados 
*ANTECEDENTES  NO PATOLOGICOS*
Negados 
*ALERGIAS* penicilina y derivados 

 *MEDICAMENTOS* 
 Negados 
*AUTORIDAD EN EL LUGAR* 1 unidad de transito municipal 
*SEGURO* 
*DESPACHA* C5",
78,2026-08-09 12:43:58,120363042493725288@g.us,194171226824727,"*Reporte al 9-1-1 (PRELIMINAR)*
Fecha y Hora: *09/08/2026 06:34:08*
Asunto: *ACCIDENTE DE MOTOCICLISTA*
Colonia: *LASGOS DE PUENTE MORENO*
Calle: *PASEO  LAS  JOYAS S/N*
Entre calles: *LAPISLAZULI*
Referencia: *CERCA  DE TIENDA NETO*
Localidad: *MEDELLIN DE BRAVO*
Municipio: *MEDELLIN DE BRAVO*
*Ubicación:*https://www.google.com/maps/place/19.0969,-96.16296
*Resumen de evento*",
78,2026-08-09 12:51:17,120363042493725288@g.us,223488774266954,Sale U 208 a servicio,
78,2026-08-09 12:55:16,120363042493725288@g.us,97878764691675,U-208 en el punto,
78,2026-08-09 13:17:05,120363042493725288@g.us,223488774266954,U208 retorna a base,
78,2026-08-09 13:20:34,120363042493725288@g.us,97878764691675,U-208 llegando a basé,
78,2026-08-09 13:40:52,120363042493725288@g.us,223488774266954,"*FECHA*  09/ 08/2026.
*AMBULANCIA*  U-208.
*OPERADOR* Miguel Martínez.
*PARAMEDICO* Mabel Márquez Ferrer.
*TERCERO ABORDO*
N/A.
*DIRECCIÓN DEL SERVICIO*  Paseo de las joyas, fracc. Lagos de Puente Moreno.
*TIPO DE SERVICIO* 
Urgencia.
*NOMBRE DEL PACIENTE* 
Jesús Gabriel Lagunes Viera.
*T/A* 130/70 mm/Hg
*F/C* 58 x'
*F/R* 16 x' 
 *Spo2*  98%
 *TEMPERATURA* 36 °C
*GLUC/OPCIONAL* -
*EDAD* 38 años.
*Glasgow* 15.
*ORIGINARIO ( A)* Veracruz. 
*DESCRIPCIÓN DE LO OCURRIDO*   paciente  masculino es chocado en su moto por una moto, cuando se dirigía rumbo a su trabajo, lo que le provocó abraciones en antebrazo izquierdo y rodilla izquierda, el paciente se encuentra consciente, orientado en sus cuatro esferas, cooperador, sin lesiones que pongan en riesgo su vida, se le toman signos vitales y se le dan recomendaciones.
*DIAGNÓSTICO* 
*HOSPITAL  DE TRASLADO* no amerita traslado.
 *RECIBE* N/A.
*CÓDIGO* Amarillo.
*OBSERVACIONES* 
Paciente ambulante, consciente, orientado en sus cuatro esferas, cooperarador, policontundido por choque de moto.

*ANTECEDENTES PATOLOGICOS*
Negados.
*ANTECEDENTES  NO PATOLOGICOS*
Negados.

*ALERGIAS* Negadas.

 *MEDICAMENTOS* 
 Negados. 
*AUTORIDAD EN EL LUGAR*   -
*SEGURO*  IMSS.
*DESPACHA* Dirección de protección civil.",
78,2026-08-09 14:18:05,120363042493725288@g.us,97878764691675,"U-072 con niveles correctos de aceite de motor aceite hidráulico y aceite de bomba de agua 
Observación:
El aceite de motor ya está muy quemado ya requiere el servicio",
78,2026-08-09 14:21:46,120363042493725288@g.us,97878764691675,U-208 con niveles correctos de aceite de motor aceite hidráulico y liquido de frenos,
78,2026-08-09 14:26:52,120363042493725288@g.us,97878764691675,"U-097 con niveles correctos de aceite de motor aceite hidráulico y liquido de frenos 
Observación:
El aceite de transmisión está contaminado requiere su cambio de aceite dela caja de velocidades",
78,2026-08-09 14:30:32,120363042493725288@g.us,97878764691675,U-096 con niveles correctos de aceite de motor aceite hidráulico y liquido de frenos,
78,2026-08-09 14:47:00,120363042493725288@g.us,97878764691675,U-098 con niveles correctos de aceite de motor aceite hidráulico y liquido de frenos,
78,2026-08-09 15:02:22,120363042493725288@g.us,97878764691675,U-072 a abastecimiento de agua de la base P-C,
78,2026-08-09 15:03:47,120363042493725288@g.us,Você,Enterado gracias,
78,2026-08-09 15:04:30,120363042493725288@g.us,170179606609930,Buen día equipo,
78,2026-08-09 15:30:44,120363042493725288@g.us,97878764691675,U-072 sale a recargar agua a grupo más,
78,2026-08-09 15:34:14,120363042493725288@g.us,Você,Enterado con precaución,AC09B71764D71C55FF3F49EB737FAF37
78,2026-08-09 15:48:20,120363042493725288@g.us,97878764691675,U-072 en Grupo Mas,
78,2026-08-09 15:54:12,120363042493725288@g.us,Você,Enterado en base,AC56194086FF2B4D269032798017904B
78,2026-08-09 16:10:13,120363042493725288@g.us,97878764691675,U-072 llegando a basé,
78,2026-08-09 16:11:19,120363042493725288@g.us,128733256110143,Enterado en base,ACB8B1B33DF1B9C0DECECDCC0E5CA50B
78,2026-08-09 16:31:24,120363042493725288@g.us,226585563119766,"Se baja de la unidad 208 
Tanque de oxigeno ya que se detecto fuga en la valvula",A552FA24FE5D435843C65DB7DCE7CF8E
78,2026-08-09 16:32:09,120363042493725288@g.us,226585563119766,Se sube tanque de oxigeno ala 208,
78,2026-08-09 16:34:43,120363042493725288@g.us,128733256110143,"Se hace entrega de medidor ,cable del servicio preliminar reporte 911 con fecha 09/08/2626 03:48:53 asunto cable suspendido col el tejar , calle Av independencia",
78,2026-08-09 17:22:21,120363042493725288@g.us,138276522463346,"Buenos días, hay un guardia de seguridad desmayado en el circuito ártico",
78,2026-08-09 17:22:29,120363042493725288@g.us,138276522463346,Piden apoyo para valorarlo,
78,2026-08-09 17:22:38,120363042493725288@g.us,138276522463346,Al parecer es diabético,
78,2026-08-09 17:22:56,120363042493725288@g.us,128733256110143,Enterado sale los compañeros para el punto,3A9DBC0DD982340D43A3
78,2026-08-09 17:26:42,120363042493725288@g.us,128733256110143,Regresen compañeros se cancela el servicio,
78,2026-08-09 17:27:04,120363042493725288@g.us,28067678416994,Enterada,
79,2026-08-08 21:22:28,214774235267138@lid,214774235267138,"*Reporte al 9-1-1 (PRELIMINAR)*
Fecha y Hora: *08/08/2026 12:13:00*
Asunto: *ACCIDENTE VEHICULAR MÚLTIPLE*
Colonia: *TEJAR*
Calle: *CARRETERA AL TEJAR S/N*
Entre calles: *ARBOLEDAS*
Referencia: *POR EL TOPE DESPUES DE SORIANA Y POR DONDE ESTA LA ENTRADA A DOS BOCAS*
Localidad: *MEDELLIN DE BRAVO*
Municipio: *MEDELLIN DE BRAVO*
*Ubicación:* https://www.google.com/maps/place/19.087454,-96.154876",
79,2026-08-08 21:22:36,214774235267138@lid,214774235267138,Mando atendieron este repporte?,3EB0349F5F3D2BE068C4D2
79,2026-08-08 22:24:12,214774235267138@lid,Você,"Mandó me acaban de reportar al número de la base incendio de pastizal 
En esta ubicación 
La misma ciudadana me reporto que ya se está sofocando tendra alguna unidad próxima para verificar por favor",
79,2026-08-08 22:24:41,214774235267138@lid,Você,En el callejón del campesino,
79,2026-08-08 22:58:44,214774235267138@lid,Você,No se ven pero están atrás de ese monte,
79,2026-08-08 22:58:44,214774235267138@lid,Você,Ya salieron los trabajadores del químico a apagarlo,
79,2026-08-08 22:59:07,214774235267138@lid,Você,Ya dedicaron el incendio de pastizal,
79,2026-08-08 22:59:14,214774235267138@lid,Você,Mandó,
80,2026-08-08 22:15:11,146325878386885@lid,146325878386885,En el callejón del campesino,
80,2026-08-08 22:16:22,146325878386885@lid,Você,Me puede mandar ubicación en tiempo real por favor,
80,2026-08-08 22:16:50,146325878386885@lid,Você,Y su nombre para mandar la unidad por favor,
80,2026-08-08 22:17:29,146325878386885@lid,146325878386885,Parece que se está apagando quedan esa llamitas,
80,2026-08-08 22:17:45,146325878386885@lid,146325878386885,Marychuy Isleño,AC40450D27BD5F3B170B3EECFA461A49
80,2026-08-08 22:18:02,146325878386885@lid,146325878386885,A usted,AC512D69071959BDD012280126150BF6
80,2026-08-08 22:19:59,146325878386885@lid,Você,Van a mandar la unidad para monitorear,
80,2026-08-08 22:23:34,146325878386885@lid,146325878386885,Okk gracias,
80,2026-08-08 22:55:49,146325878386885@lid,146325878386885,Ya salieron los trabajadores del químico a apagarlo,
80,2026-08-08 22:56:59,146325878386885@lid,146325878386885,No se ven pero están atrás de ese monte,
83,2026-08-09 19:57:00,120363042493725288@g.us,170179606609930,Buena tarde,
83,2026-08-09 19:57:01,120363042493725288@g.us,170179606609930,Para los uniformes,
83,2026-08-09 19:57:01,120363042493725288@g.us,170179606609930,Pásenme las listas de los equipos,
83,2026-08-09 19:57:18,120363042493725288@g.us,170179606609930,"Equipo, necesito las tallas, los dos jefes de guardias, homologuen todas las tallas y mándeme el Chat por favor",
83,2026-08-09 21:05:23,120363042493725288@g.us,170179606609930,"Buen día, equipo:

Se les recuerda que el día de mañana tendremos participación en el Homenaje a la Bandera, por lo que deberemos estar presentes en Palacio Municipal a las 08:05 horas.

La guardia entrante deberá asistir al homenaje.

El personal que se encuentre de turno permanecerá en la base en espera del relevo total, garantizando en todo 
momento la atención de emergencias.

La Unidad 098 se trasladará al homenaje y, al término del evento, acudirá al banderazo de inicio de obra programado.

Favor de mantenerse atentos y confirmar de enterados.

Gracias.",
83,2026-08-09 21:06:18,120363042493725288@g.us,128733256110143,Enterado 🙋🏻‍♂️,3ACF06B5985C045762D8
83,2026-08-09 21:06:34,120363042493725288@g.us,28067678416994,Enterada,3ACF06B5985C045762D8
83,2026-08-09 21:13:15,120363042493725288@g.us,226585563119766,Enterada,3ACF06B5985C045762D8
85,2026-08-09 23:08:27,120363042493725288@g.us,138276522463346,Reportan incendio de casa en Irlanda,
85,2026-08-09 23:08:35,120363042493725288@g.us,138276522463346,Alguien sabe si es efectivo?,
85,2026-08-09 23:09:20,120363042493725288@g.us,Você,Si ya vamos para el punto,3A8FD25BC96618DF9E3F
85,2026-08-09 23:18:19,120363042493725288@g.us,28067678416994,En el punto la unidad 072 y 098.,
85,2026-08-09 23:18:51,120363042493725288@g.us,Você,La ubicación para la ambulancia,
85,2026-08-09 23:18:51,120363042493725288@g.us,Você,Para conocimiento si la 098 no amerita que esté ahí se mueven al punto este @128733256110143,
85,2026-08-09 23:18:51,120363042493725288@g.us,Você,Del niño de 3 años que no reacciona,
85,2026-08-09 23:20:28,120363042493725288@g.us,170179606609930,.,ACB62E6EFABE5EBC94F1CBBDCD986964
85,2026-08-09 23:20:31,120363042493725288@g.us,28067678416994,Enterada,AC9AFF095CC84031E3DE86F2B46BD4BC
85,2026-08-09 23:20:34,120363042493725288@g.us,28067678416994,Nos dirigimos,
85,2026-08-09 23:33:01,120363042493725288@g.us,97878764691675,Al llegar al lugar indicado nos recibió quien dijo ser y llamarse Alejandra Vélez propietaria de dicha casa,
85,2026-08-09 23:37:26,120363042493725288@g.us,28067678416994,Unidad en el punto,
85,2026-08-09 23:38:01,120363042493725288@g.us,128733256110143,098 en el punto,ACB62E6EFABE5EBC94F1CBBDCD986964
85,2026-08-09 23:38:20,120363042493725288@g.us,170179606609930,Gracias!,AC0B3A0C912A88029106F9C1D3E34945
85,2026-08-09 23:56:08,120363042493725288@g.us,97878764691675,U-072 ya en basé,
85,2026-08-10 00:05:35,120363042493725288@g.us,170179606609930,necesito mas datos que fue lo que se vio afectado de la vivienda y cuantas personas habitan para mandar una tarjeta informativa a presidencia por favor equipo,AC2E72D1F307DBAD36FEEF4561BDEF7A
85,2026-08-10 00:07:04,120363042493725288@g.us,128733256110143,098 en torre pediatrica del 20 de noviembre,AC67BBFB407A4B2C88E59DBA340CF9CB
85,2026-08-10 00:13:32,120363042493725288@g.us,97878764691675,"Al llegar a lugar indicado se visualiza un mueble quemado en la parte de la sala de la casa así mismo se visualiza un comedor quemado y una alacena quemado en la parte de la cocina así mismo se inspeccionan los dos cuartos y el  baño también  el patio en visualizando humo y no habiendo daños se procede a abrir ventanas para una ventilación natural 
Así mismo registrándose temperatura en el mismo domicilio a petición de la ciudadana propietaria de la casa que solicita el no bajar la temperatura con agua igual para no dañar artículos diversos que tiene dentro de la propiedad  se le da indicaciones verbales",
85,2026-08-10 00:14:27,120363042493725288@g.us,226585563119766,Gracias enterados en base,ACF014E3D8BC71FB56EC415CE2405578
85,2026-08-10 00:14:58,120363042493725288@g.us,97878764691675,Propietaria del domicilio siniestrado Alejandra Vélez de 47 años de edad,
85,2026-08-10 00:20:36,120363042493725288@g.us,226585563119766,Enterdos en base,
85,2026-08-10 00:25:32,120363042493725288@g.us,135450517885035,que paso con el niño que no reacciona.,
85,2026-08-10 00:27:31,120363042493725288@g.us,28067678416994,"Lo llevamos a el Hospital General Veracruz Torre Pediátrica, estaba conciente, pero tuvo una probable convulsión febril, en unos minutos enviamos mas datos.",ACDE4A5F79E16854EA9811EB57026907
85,2026-08-10 00:42:19,120363042493725288@g.us,28067678416994,"Paciente: Jose Alberto  Garcia Hernandez.
Edad: 3 años.
Antecedentes: Negado.
Medicamentos: Negados. 
TA: ...
SpO²: 70%
FC: 74 LPM.
FR: 33 RPM.
Glucosa Capilar: ...
Temperatura: 38.2°
Alergias: Negado.
Dx: Probable Convulsión Febril con Hipoxemia Grave.",
85,2026-08-10 00:48:17,120363042493725288@g.us,128733256110143,098 en base,
85,2026-08-10 01:01:02,120363042493725288@g.us,170179606609930,"Enterado!
Gracias equipo",ACF5AC0371CF8F024CD63FFFEB9FE741
85,2026-08-10 01:24:30,120363042493725288@g.us,170179606609930,Esperen el arribo de la ssp,
85,2026-08-10 01:24:30,120363042493725288@g.us,170179606609930,"*Reporte al 9-1-1 (PRELIMINAR)*
Fecha y Hora: *09/08/2026 19:13:51*
Asunto: *PERSONA(S) LESIONADA(S) POR PROYECTIL DE ARMA DE FUEGO*
Colonia: *RANCHO DEL PADRE*
Calle: * *
Entre calles: *NO ESPECIFICADO*
Referencia: *EN EL CAMPO DEPORTIVO/ CERCA DE LA TIENDA*
Localidad: *NO ESPECIFICADO*
Municipio: *MEDELLIN DE BRAVO*
*Ubicación:*https://www.google.com/maps/place/19.059858952798,-96.177937324371
*Resumen de evento*
     LESIONADO POR ARMA DE FUEGO E PEGÓ EN LA CABEZA",
85,2026-08-10 02:16:40,120363042493725288@g.us,Você,Ahí para conocimiento de los mandos nos indica c5 k está una unidad de policía en el lugar pero no encuentran al lesionado seguimos 31 en base,3AEF60739715051FDE34
85,2026-08-10 02:16:58,120363042493725288@g.us,Você,SI MANDO LA UNIDAD SP-4465,
85,2026-08-10 02:16:58,120363042493725288@g.us,Você,YA ESTAN EL LUGAR MANDO ESTAN VERIFICANDO EL APOYO YA QUE NO ENCUNTRAN AL LESIONADO,
85,2026-08-10 02:19:48,120363042493725288@g.us,135450517885035,con mucha precaucion,
85,2026-08-10 02:23:11,120363042493725288@g.us,170179606609930,Me cometan que se lo llevaron por sus medios,AC84952F26025F17B632457DBC765809
85,2026-08-10 02:23:49,120363042493725288@g.us,Você,Enterado director seguimos 31 en base,3ACBED46C4194888C2E2
86,2026-08-09 23:16:28,254142559858818@lid,254142559858818,La ubicación para la ambulancia,
86,2026-08-09 23:16:37,254142559858818@lid,254142559858818,Del niño de 3 años que no reacciona,
86,2026-08-09 23:17:11,254142559858818@lid,Você,Enterado en un momento se despacha la unidad,
86,2026-08-09 23:17:50,254142559858818@lid,254142559858818,Muchas gracias,
86,2026-08-09 23:18:09,254142559858818@lid,Você,Para servirle,
86,2026-08-09 23:21:46,254142559858818@lid,254142559858818,Disculpe el niño está muy mal,
86,2026-08-09 23:22:00,254142559858818@lid,254142559858818,Porfavor dence prisa,
86,2026-08-09 23:22:29,254142559858818@lid,Você,"Ya va la unidad en camino 
Mantengan la calma",
86,2026-08-09 23:22:59,254142559858818@lid,Você,Si gusta me puede marcar soy paramédico puedo asesorar mientras llegan los compañeros,
86,2026-08-09 23:23:15,254142559858818@lid,254142559858818,El niño está desvanecido,
86,2026-08-09 23:23:24,254142559858818@lid,254142559858818,Tiene fiebre,
86,2026-08-09 23:23:28,254142559858818@lid,Você,Le puedo marcar por WhatsApp,
86,2026-08-09 23:23:32,254142559858818@lid,254142559858818,Y mucha diarrea,
87,2026-08-10 01:05:31,170179606609930@lid,Você,Dani buenas tardes disculpa la molestia eske el teléfono de base se kedo en tu oficina,
87,2026-08-10 01:06:04,170179606609930@lid,Você,M dice luz k lo pusiste a cargar,
87,2026-08-10 01:22:30,170179606609930@lid,170179606609930,Checa este Paco,
87,2026-08-10 01:23:14,170179606609930@lid,Você,"*Reporte al 9-1-1 (PRELIMINAR)*
Fecha y Hora: *09/08/2026 19:13:51*
Asunto: *PERSONA(S) LESIONADA(S) POR PROYECTIL DE ARMA DE FUEGO*
Colonia: *RANCHO DEL PADRE*
Calle: * *
Entre calles: *NO ESPECIFICADO*
Referencia: *EN EL CAMPO DEPORTIVO/ CERCA DE LA TIENDA*
Localidad: *NO ESPECIFICADO*
Municipio: *MEDELLIN DE BRAVO*
*Ubicación:*https://www.google.com/maps/place/19.059858952798,-96.177937324371
*Resumen de evento*
     LESIONADO POR ARMA DE FUEGO E PEGÓ EN LA CABEZA",
87,2026-08-10 01:23:55,170179606609930@lid,170179606609930,Okey enterado,AC49C117D864E3A3108E5A5A9C970B1B
87,2026-08-10 01:24:44,170179606609930@lid,170179606609930,Voy,AC57A7D0C851C5C59F0C21D415EEE7C5
87,2026-08-10 01:30:08,170179606609930@lid,170179606609930,"No, yo te aviso estoy con c5",AC386D47DBCFF6E08166E4E60243F822
87,2026-08-10 01:30:26,170179606609930@lid,Você,18 gracias,3A825CEECA5DD3258CFA
87,2026-08-10 01:43:23,170179606609930@lid,Você,K paso aún nada con la policía 🚓,
87,2026-08-10 01:44:05,170179606609930@lid,Você,18,3A22CAC4542A45E1B105
87,2026-08-10 01:53:56,170179606609930@lid,170179606609930,Sigue sin llegar la ssp,
87,2026-08-10 01:54:02,170179606609930@lid,170179606609930,Marca a c5,
87,2026-08-10 01:54:16,170179606609930@lid,Você,"*Reporte al 9-1-1 (PRELIMINAR)*
Fecha y Hora: *09/08/2026 19:13:51*
Asunto: *PERSONA(S) LESIONADA(S) POR PROYECTIL DE ARMA DE FUEGO*
Colonia: *RANCHO DEL PADRE*
Calle: *VEREDA MEDELLIN SN*
Entre calles: *NO ESPECIFICADO*
Referencia: *EN EL CAMPO DEPORTIVO/ CERCA DE LA TIENDA*
Localidad: *RANCHO DEL PADRE*
Municipio: *MEDELLIN DE BRAVO*
*Ubicación:*https://www.google.com/maps/place/19.048476448903,-96.212101431415
*Resumen de evento*
     MANDO BUENAS TARDES CORRIGIERON LA GEO PARA EL LESIONADO",
87,2026-08-10 01:57:03,170179606609930@lid,Você,YA ESTAN EL LUGAR MANDO ESTAN VERIFICANDO EL APOYO YA QUE NO ENCUNTRAN AL LESIONADO,
87,2026-08-10 01:57:31,170179606609930@lid,170179606609930,Okey,ACDEC2CC9D97E0FB3B0C533843F14282
87,2026-08-10 01:57:49,170179606609930@lid,Você,SI MANDO LA UNIDAD SP-4465,
87,2026-08-10 01:58:02,170179606609930@lid,Você,K hago m aproximó,
87,2026-08-10 02:12:28,170179606609930@lid,Você,Ok ahorita le digo,
88,2026-08-10 01:06:46,216359027896444@lid,Você,Güera estás en tu casa,
88,2026-08-10 01:08:20,216359027896444@lid,216359027896444,Vengo llegando,
88,2026-08-10 01:09:47,216359027896444@lid,Você,Ok ahorita mando a Miguel,
88,2026-08-10 01:10:07,216359027896444@lid,216359027896444,Campo veinte no 41,
88,2026-08-10 01:25:30,216359027896444@lid,216359027896444,Tengo el.porton abierto,
88,2026-08-10 01:26:17,216359027896444@lid,216359027896444,Ya viene?,
88,2026-08-10 01:26:23,216359027896444@lid,Você,Ya,
88,2026-08-10 01:26:32,216359027896444@lid,216359027896444,Oki,
90,2026-08-10 01:20:28,214774235267138@lid,214774235267138,"*Reporte al 9-1-1 (PRELIMINAR)*
Fecha y Hora: *09/08/2026 19:13:51*
Asunto: *PERSONA(S) LESIONADA(S) POR PROYECTIL DE ARMA DE FUEGO*
Colonia: *RANCHO DEL PADRE*
Calle: * *
Entre calles: *NO ESPECIFICADO*
Referencia: *EN EL CAMPO DEPORTIVO/ CERCA DE LA TIENDA*
Localidad: *NO ESPECIFICADO*
Municipio: *MEDELLIN DE BRAVO*
*Ubicación:*https://www.google.com/maps/place/19.059858952798,-96.177937324371
*Resumen de evento*
     LESIONADO POR ARMA DE FUEGO E PEGÓ EN LA CABEZA",
90,2026-08-10 01:20:56,214774235267138@lid,214774235267138,BUENAS TARDES REQUIRENE APOYO PARA UN LESONADO POR ARMA EN LA CABEZA,
90,2026-08-10 01:21:14,214774235267138@lid,Você,Comando sabrá si está la policía en el lugar,3EB053915CDE17C068296A
90,2026-08-10 01:21:34,214774235267138@lid,214774235267138,YA SE CANALIZO A LA DELEGACION,
90,2026-08-10 01:22:15,214774235267138@lid,Você,Para tener el área segura y no esponer a mis compañeros,3EB02EA184519819D097F2
90,2026-08-10 01:22:45,214774235267138@lid,214774235267138,SI MANDO ACUDE UNIDAD SP-4465,
90,2026-08-10 01:24:13,214774235267138@lid,214774235267138,MANDO SABRA QUE UNIDAD ACUDIRIA,
90,2026-08-10 01:24:42,214774235267138@lid,Você,La 208 cuando m indiken k está la policía en el punto comando,3EB0256741C74E72AC060C
90,2026-08-10 01:24:53,214774235267138@lid,214774235267138,GRACIAS MANDO,
90,2026-08-10 01:48:44,214774235267138@lid,214774235267138,"*Reporte al 9-1-1 (PRELIMINAR)*
Fecha y Hora: *09/08/2026 19:13:51*
Asunto: *PERSONA(S) LESIONADA(S) POR PROYECTIL DE ARMA DE FUEGO*
Colonia: *RANCHO DEL PADRE*
Calle: *VEREDA MEDELLIN SN*
Entre calles: *NO ESPECIFICADO*
Referencia: *EN EL CAMPO DEPORTIVO/ CERCA DE LA TIENDA*
Localidad: *RANCHO DEL PADRE*
Municipio: *MEDELLIN DE BRAVO*
*Ubicación:*https://www.google.com/maps/place/19.048476448903,-96.212101431415
*Resumen de evento*
     MANDO BUENAS TARDES CORRIGIERON LA GEO PARA EL LESIONADO",
90,2026-08-10 01:55:08,214774235267138@lid,Você,Comando sabrá si ya hay unidad de policía en el lugar k sea seguro,
90,2026-08-10 01:56:20,214774235267138@lid,214774235267138,YA ESTAN EL LUGAR MANDO ESTAN VERIFICANDO EL APOYO YA QUE NO ENCUNTRAN AL LESIONADO,
90,2026-08-10 01:56:55,214774235267138@lid,Você,Enterado sabrá k unidad es,3EB07B569AC9577FE6D08F
90,2026-08-10 01:57:30,214774235267138@lid,214774235267138,SI MANDO LA UNIDAD SP-4465,
91,2026-08-10 03:44:05,170179606609930@lid,170179606609930,Ya chiveaste eso Paco,3AE3DEDBBEE353FBDB0D
91,2026-08-10 03:45:10,170179606609930@lid,Você,No contesta la señor ya cele mandó mensaje lo leyó pero aún no responde le explicamos lo k dijiste k sería después de las 8:30,3A0ACA87E217E4AC3499
91,2026-08-10 03:47:12,170179606609930@lid,Você,Ya contesto dice k ya es muy tarde k la esperan hasta las 9 k va a ir a sacar otra cita y ellas nos avisa para ver si la volvemos a apoyar en llevar a su hijo,
91,2026-08-10 03:57:19,170179606609930@lid,170179606609930,A qué horas llega angel mañana?,
91,2026-08-10 03:57:22,170179606609930@lid,170179606609930,Paco,
91,2026-08-10 03:57:35,170179606609930@lid,170179606609930,Que se vaya con Ruth,
91,2026-08-10 03:57:49,170179606609930@lid,Você,8am,3AF73D625E55662974DB
91,2026-08-10 03:57:59,170179606609930@lid,170179606609930,Vamos apoyar a la doña el paciente tiene cuadraplejia,
91,2026-08-10 03:58:14,170179606609930@lid,Você,Así es no se mueve nada,3AA8EEF06F99777C5417
91,2026-08-10 03:59:12,170179606609930@lid,170179606609930,Apóyalo,ACC3D1D725CB0C629D50E42EC88F97B9
91,2026-08-10 03:59:14,170179606609930@lid,170179606609930,Dile que si,
91,2026-08-10 03:59:23,170179606609930@lid,170179606609930,Ponte acuerdo con ángel,
91,2026-08-10 04:00:35,170179606609930@lid,Você,Ok en k unidad lo mandaría en la 208 y la 098 k se valla al palacio el chavo solo le sacan sangre y ya cuando mucho a las 9:30 ya estarían en base los compañeros,3AD9FC1F8DC237B52699
91,2026-08-10 04:02:51,170179606609930@lid,170179606609930,Si dale la atención,AC161C056C702FA42B8FA8FC6F615755
91,2026-08-10 04:06:57,170179606609930@lid,170179606609930,"Sí, el detalle que es muy remiso que ya le digamos a la gente de del turno de mañana güey no o sea sino que vaya a la la guardia en turno y ya vemos bien ese tema total nada más los deja y se regresa me está comentando la Señora que la atienden rápido por las condiciones de su hijo, o sea a las nueve estaría de regreso a la 208",
93,2026-08-10 09:41:05,120363042493725288@g.us,Você,"*Reporte al 9-1-1 (PRELIMINAR)*
Fecha y Hora: *10/08/2026 03:34:16*
Asunto: *ACCIDENTE DE MOTOCICLISTA*
Colonia: *LAGOS DE PUENTE MORENO*
Calle: *CIRCUITO DIAMATE SN*
Entre calles: *ESMERALDA*
Referencia: *EN LA ESQUINA DEL OXXO*
Localidad: *MEDELLIN DE BRAVO*
Municipio: *MEDELLIN DE BRAVO*

*Resumen de evento*
     SOLICITANTE INDICA QUE MASCULINO SE ACCIDENTÒ HACE 5 MINUTOS COPILOTO ESTÀ LESIONADA TIENE HERIDAS EN EL BRAZO Y NO SABE SI LESIÒN INTERNA ELLOS DERRAPARON",
93,2026-08-10 09:41:25,120363042493725288@g.us,Você,Favor de acudir unidad 208 al punto,
93,2026-08-10 09:52:59,120363042493725288@g.us,97878764691675,U-208 en el punto,
93,2026-08-10 09:57:26,120363042493725288@g.us,28067678416994,Enterada en base.,ACBE561E5CBC86E5119A4B62F32DE675
93,2026-08-10 10:21:44,120363042493725288@g.us,226585563119766,Unidad 208 de retorno a base,
93,2026-08-10 10:22:51,120363042493725288@g.us,Você,Enterado en base,A5F4EDCC7914154C5A50F5017836C788
93,2026-08-10 10:26:30,120363042493725288@g.us,97878764691675,U-208 llegando a base,
93,2026-08-10 10:27:24,120363042493725288@g.us,128733256110143,Enterado en base,AC2A469C5C3DE541CA14E75D2B0F8F36
93,2026-08-10 10:42:51,120363042493725288@g.us,226585563119766,"Se acude a llamado de emergencia en lagos de puente moreno, por reporte de personas derrapadas en moto, al llegar encontramos femenina:

Px: Griselda Hernández morales
37 años
Dx: En estado etílico, con contusiones y abrasiones en miembros inferiores y miembro superior izquierdo, paciente muy combatiente, se le realizó asepsia, no ameritó traslado.

Masculino en estado etílico, se le realizó asepsia en laseracion a la altura del codo y la palma de la mano se negó a dar sus datos, no ameritó traslado",
94,2026-08-10 13:01:12,120363042493725288@g.us,28067678416994,Unidad 208 sale de base hacia el tejar para realizar traslado a la clinica #61 del IMSS.,
94,2026-08-10 13:01:46,120363042493725288@g.us,128733256110143,Enterado con precaución,ACAA193A3CB1F0B52070396DD7A9D673
94,2026-08-10 13:12:40,120363042493725288@g.us,28067678416994,Unidad en el punto,
94,2026-08-10 13:16:16,120363042493725288@g.us,28067678416994,Unidad 208 inicia traslado del Tejar hacia la clinica #61 del IMSS.,
94,2026-08-10 13:17:03,120363042493725288@g.us,128733256110143,Con precaución gracias,ACC58EDFDB86B3E28BA65C366F2B75FB
94,2026-08-10 13:39:46,120363042493725288@g.us,97878764691675,U-208 en clínica 61,
94,2026-08-10 13:40:51,120363042493725288@g.us,128733256110143,Enterado en basé,AC1FDE95741202005D982E485F4EACEB
94,2026-08-10 13:59:14,120363042493725288@g.us,28067678416994,Unidad 208 sale de la clinica #61 del IMSS hacia el tejar.,
94,2026-08-10 14:01:29,120363042493725288@g.us,128733256110143,Con precaución gracias,ACFEA3DBAA5FC76454FE052AC0CC59BE
94,2026-08-10 14:17:45,120363042493725288@g.us,213554649145471,Unidad 098 sale a evento cívico en el palacio municipal,
94,2026-08-10 14:25:52,120363042493725288@g.us,28067678416994,Unidad 208 en el tejar,
94,2026-08-10 14:26:09,120363042493725288@g.us,Você,Enterado en base,AC969707F9E6407CE33F58E6EDC83F71
94,2026-08-10 14:29:25,120363042493725288@g.us,28067678416994,"Para conocimiento base con esta hora terminamos el traslado, unidad 208 hace 10 a 58.",
94,2026-08-10 14:30:09,120363042493725288@g.us,Você,Enterado en base,AC0E138B20106B274AA7DB2B012FC22C
94,2026-08-10 14:49:12,120363042493725288@g.us,170179606609930,https://maps.app.goo.gl/jJFt9NKdEGhtYytr9?g_st=iw,
94,2026-08-10 14:49:12,120363042493725288@g.us,170179606609930,Buen día a todos les comparto la ubicación del banderazo de obra.,
94,2026-08-10 14:49:31,120363042493725288@g.us,170179606609930,098 checo Mabel Emi,
94,2026-08-10 14:52:41,120363042493725288@g.us,213554649145471,Unidad 098 en base,
94,2026-08-10 15:02:00,120363042493725288@g.us,170179606609930,"Buen día equipo, Franco, los francos y cero 98 hay que movernos a la ubicación que te mandé. Estoy próximo a la Base",
94,2026-08-10 15:02:29,120363042493725288@g.us,214482211094536,Enterado director,3AEEE9523C946083421E
94,2026-08-10 15:02:58,120363042493725288@g.us,Você,Enterado gracias,3AEEE9523C946083421E
94,2026-08-10 15:22:27,120363042493725288@g.us,223488774266954,Sale U098 a evento en Paso del Toro,
94,2026-08-10 15:32:24,120363042493725288@g.us,128733256110143,"Buen día novedades del día 09/08/26 PC Medellín guardia (1)

09:30 sale unidad 072 a cargar agua a grupo más 10:10 retornan 

17:09 salen las unidades 072 y 098 a incendio de casa aviación en lagos de puente moreno en el circuito ecuador  17:56 retornan a base 

17:20 sale unidad 098 a checar menor de tres años con convulsiones en la colonia 20 de noviembre se traslada a la torre pediatrica 18:30 retornan a base 

03:41 sale unidad 208 a accidente de moto en lagos de puente moreno en el circuito esmeralda solo se hacen curaciones menores a una femenina y un masculino k viajaban en la moto 04:26 retornan a base 

07:01 sale unidad 208 a traslado programado del tejar a la clínica 61 de días mirón 08:29 retornan a base",
94,2026-08-10 15:32:56,120363042493725288@g.us,Você,Solicitan traslado al HGBV 10 am,
94,2026-08-10 15:45:27,120363042493725288@g.us,213554649145471,Unidad 202 sale a traslado de apoyo de domicilio en puente moreno a HG,
94,2026-08-10 15:48:32,120363042493725288@g.us,170179606609930,"El señor Carlos no tiene teléfono ahorita, me pidió que le enviara las fotos a usted para si las puede enviar al grupo. Sale unidad 066 a ruta de inspecciones",
94,2026-08-10 15:54:42,120363042493725288@g.us,Você,"*Reporte al 9-1-1 (PRELIMINAR)*
Fecha y Hora: *10/08/2026 09:49:55*
Asunto: *INCENDIO DE CASA HABITACIÓN*
Colonia: *LAGOS DE PUENTE MORENO*
Calle: *CIRCUITO CUBA NORTE 44718*
Entre calles: *PASEO DE LAS JOYAS*
Referencia: *CERCA DE LA TERMINAL DE LAGOS  RUTA  84*
Localidad: *MEDELLIN DE BRAVO*
Municipio: *MEDELLIN DE BRAVO*
*Ubicación:*https://www.google.com/maps/place/19.08872,-96.16368
*Resumen de evento*",
94,2026-08-10 16:02:44,120363042493725288@g.us,265639449067682,Unidad 208 comienza traslado del lago cifuente Moreno al hospital hg boca del Río,
94,2026-08-10 16:09:14,120363042493725288@g.us,226585563119766,Ubidad 072 en el punto,
94,2026-08-10 16:33:48,120363042493725288@g.us,265639449067682,U208 en espera de equipo en el hg de boca del río,
94,2026-08-10 17:05:31,120363042493725288@g.us,265639449067682,U208 saliendo del hospital del hg de boca del Río retorna base,
94,2026-08-10 17:13:20,120363042493725288@g.us,170179606609930,Enterado! Gracias,
94,2026-08-10 17:27:23,120363042493725288@g.us,265639449067682,U208 en base,
94,2026-08-10 17:36:13,120363042493725288@g.us,170179606609930,enterado gracias,
94,2026-08-10 18:42:17,120363042493725288@g.us,214482211094536,Unidad 098 en torre pediátrica en espera de equipo con paciente para traslado a su domicilio,
94,2026-08-10 19:07:02,120363042493725288@g.us,213554649145471,Unidad 098 inicia traslado de la torre pediátrica a domicilio,
94,2026-08-10 19:41:29,120363042493725288@g.us,170179606609930,Les recuerdo el juego de mañana,
94,2026-08-10 20:29:40,120363042493725288@g.us,214482211094536,Unidad 098 en base,
94,2026-08-10 20:47:21,120363042493725288@g.us,72104464666678,Retorno a base unidad motorizada,
94,2026-08-10 20:59:26,120363042493725288@g.us,170179606609930,Con esta hora se llevan la unidad,
94,2026-08-10 21:32:09,120363042493725288@g.us,170188213383234,Sale unidad 096 a llevar al compañero Aurelio al Dif,
94,2026-08-10 22:09:11,120363042493725288@g.us,170188213383234,096 en base,
94,2026-08-10 22:13:59,120363042493725288@g.us,170188213383234,Unidad 096 salió a chequeo de lirio acuático (hora de salida 14:14 hora de llegada a base 15:20),
94,2026-08-10 22:16:04,120363042493725288@g.us,170179606609930,Enterado gracias,
97,2026-08-10 17:05:45,170179606609930@lid,Você,Que fecha de ingreso le pongo a cadenas,
97,2026-08-10 17:06:21,170179606609930@lid,170179606609930,"El 15 el 15 Yahir el 15, esta de",
97,2026-08-10 17:06:46,170179606609930@lid,Você,Ok a Rut le puse inicio 9 Agosto,
97,2026-08-10 17:12:04,170179606609930@lid,170179606609930,Ahora paso,
97,2026-08-10 17:15:17,170179606609930@lid,Você,Que función le pongo a a Carlos Cadenas?,
97,2026-08-10 17:21:17,170179606609930@lid,Você,que actividad le pongo?,
97,2026-08-10 17:21:21,170179606609930@lid,Você,operador===???,
97,2026-08-10 17:23:21,170179606609930@lid,170179606609930,Paramédico,
97,2026-08-10 17:23:26,170179606609930@lid,Você,oki,
100,2026-08-10 20:02:25,86200161448036@lid,Você,Hola Ivan buenas tardes soy Anel de proteccion civil,
100,2026-08-10 20:02:42,86200161448036@lid,86200161448036,Hola buenas tardes,
100,2026-08-10 20:02:44,86200161448036@lid,86200161448036,Digame,
100,2026-08-10 20:02:45,86200161448036@lid,Você,para preguntarte sobre el vehiculo para el traslado del Sr Reynaldo,
100,2026-08-10 20:02:56,86200161448036@lid,Você,te estaba marcando del num de la base,
100,2026-08-10 20:03:10,86200161448036@lid,Você,aqui en el oficio dice LUNES MARTES MIERCOLES Y VIERNES,AC9C61911FF65AA9A23501A3469932B9
100,2026-08-10 20:03:55,86200161448036@lid,86200161448036,Mire el dia martes no irá fue un error del oficio seria lunes miércoles y viernes,3EB047121F25B37B85ACE6
100,2026-08-10 20:04:03,86200161448036@lid,86200161448036,Mire ahorita realmente no se,3EB0DD6912316913DED729
100,2026-08-10 20:04:05,86200161448036@lid,Você,OKI,
100,2026-08-10 20:04:23,86200161448036@lid,86200161448036,Déjeme preguntar a parque vehicular si tiene vehículos disponibles,
100,2026-08-10 20:04:32,86200161448036@lid,86200161448036,Le puedo marcar disculpe,
100,2026-08-10 20:04:33,86200161448036@lid,86200161448036,???,
100,2026-08-10 20:04:35,86200161448036@lid,Você,Ok seria para mañana entonces si,
100,2026-08-10 21:18:14,86200161448036@lid,86200161448036,Hola buenas,AC32C182821FB335432FD72D0F4EB24B
100,2026-08-10 21:18:30,86200161448036@lid,86200161448036,La unidad ya esta lista en El DIF municipal,
100,2026-08-10 21:23:51,86200161448036@lid,Você,"va para alla el compañero 
Aurelio",
100,2026-08-10 21:28:55,86200161448036@lid,86200161448036,Ok muchas gracias,
100,2026-08-10 21:31:04,86200161448036@lid,Você,a ustedes muchas gracias,
102,2026-08-10 21:08:25,120363409447790752@g.us,Você,"📢 *ACTUALIZACIÓN DE REPORTE*
━━━━━━━━━━━━━━━━━━━━━━━━━

📋 *Folio:* REP-0176
🔄 *Estatus:* 🚑 EN CAMINO
🚑 *Unidad:* 2005
⏱️ *Tiempo estimado:* oijoj

📝 *Cambios:*
• Cambió estatus de 'Leído / Evaluando' a 'En Camino / Atendiendo'
• Asignó unidad: '2005'

━━━━━━━━━━━━━━━━━━━━━━━━━
📍 1, Col. El Recuerdo (Kilómetro 14)",
102,2026-08-10 21:08:28,120363409447790752@g.us,Você,"📢 *ACTUALIZACIÓN DE REPORTE*
━━━━━━━━━━━━━━━━━━━━━━━━━

📋 *Folio:* REP-0176
🔄 *Estatus:* ✅ RESUELTO
🚑 *Unidad:* 2005
⏱️ *Tiempo estimado:* oijoj

📝 *Cambios:*
• Cambió estatus de 'En Camino / Atendiendo' a 'Finalizado / Resuelto'

━━━━━━━━━━━━━━━━━━━━━━━━━
📍 1, Col. El Recuerdo (Kilómetro 14)",
102,2026-08-10 21:08:57,120363409447790752@g.us,Você,"🚨 *NUEVA ALERTA DE EMERGENCIA - PROTECCIÓN CIVIL* 🚨
━━━━━━━━━━━━━━━━━━━━━━━━━━━━

📋 *Folio:* REP-0182
⚠️ *Tipo:* 🐝 ENJAMBRE DE ABEJAS
🔶 *Prioridad:* 🟡 MEDIA
👤 *Encargado:* ⚠️ *SIN PERSONAL A CARGO (PENDIENTE)*

📍 *Ubicación:*
   costa de canistel 39
   Col. Fraccionamiento Arboledas San Ramón, Fraccionamiento Arboledas San Ramón

📝 *Descripción:*
   hay un enjambre de abeja

👤 *Reportó:* Daniel Eduardo Romero Pilar
📞 *Teléfono:* 2888893215
🕐 *Fecha:* 10/Aug/2026 21:08

━━━━━━━━━━━━━━━━━━━━━━━━━━━━
📌 *Estatus:* ⏳ PENDIENTE
🆔 Para actualizar bitácora:
_Bitacora REP-0182: [tu actualización]_",
102,2026-08-10 21:09:35,120363409447790752@g.us,Você,"📢 *ALERTA EN CAMINO — UNIDAD Y PERSONAL ASIGNADO* 📢
━━━━━━━━━━━━━━━━━━━━━━━━━━━━

📋 *Folio:* REP-0182
⚠️ *Tipo:* Enjambre de Abejas
📍 *Ubicación:* costa de canistel 39, Col. Fraccionamiento Arboledas San Ramón

👷 *Encargado a Cargo:* *Josue Jaziel Delgado Burela*
🚑 *Unidad Despachada:* *73*
⏱️ *Tiempo Estimado de Arribo:* *15*

━━━━━━━━━━━━━━━━━━━━━━━━━━━━
🔄 *Estatus:* 🚑 EN CAMINO",
102,2026-08-10 21:11:13,120363409447790752@g.us,Você,"✅ *EMERGENCIA FINALIZADA Y CONCLUIDA* ✅
━━━━━━━━━━━━━━━━━━━━━━━━━━━━

📋 *Folio:* REP-0182
⚠️ *Tipo:* Enjambre de Abejas
📍 *Ubicación:* costa de canistel 39, Col. Fraccionamiento Arboledas San Ramón

👷 *Responsable a Cargo:* *Josue Jaziel Delgado Burela*
🚑 *Unidad:* *73*
⏱️ *Tiempo Total de Atención:* *2 min*

━━━━━━━━━━━━━━━━━━━━━━━━━━━━
📌 *Estatus Final:* ✅ RESUELTO / CONCLUIDO",
103,2026-08-10 21:08:59,5212888893215@s.whatsapp.net,Você,"🚨 *ALERTA OPERATIVA DIRECTA — PROTECCIÓN CIVIL* 🚨
━━━━━━━━━━━━━━━━━━━━━━━━━━━━
🛡️ *Asignación:* Guardia A (24 Hrs)

📋 *Folio:* REP-0182
⚠️ *Tipo:* 🐝 ENJAMBRE DE ABEJAS
🔶 *Prioridad:* 🟡 MEDIA
👤 *Encargado:* ⚠️ *SIN PERSONAL A CARGO (PENDIENTE)*

📍 *Ubicación:* costa de canistel 39, Col. Fraccionamiento Arboledas San Ramón, Fraccionamiento Arboledas San Ramón
📝 *Descripción:* hay un enjambre de abeja
👤 *Reportó:* Daniel Eduardo Romero Pilar (2888893215)
🕐 *Fecha:* 10/Aug/2026 21:08

━━━━━━━━━━━━━━━━━━━━━━━━━━━━
📌 *Responde a este mensaje o selecciona la opción del siguiente mensaje para tomar el reporte.*",
103,2026-08-10 21:09:00,5212888893215@s.whatsapp.net,Você,"🚨 *ALERTA OPERATIVA DIRECTA — PROTECCIÓN CIVIL* 🚨
━━━━━━━━━━━━━━━━━━━━━━━━━━━━
🛡️ *Asignación:* Guardia A (24 Hrs)

📋 *Folio:* REP-0182
⚠️ *Tipo:* 🐝 ENJAMBRE DE ABEJAS
🔶 *Prioridad:* 🟡 MEDIA
👤 *Encargado:* ⚠️ *SIN PERSONAL A CARGO (PENDIENTE)*

📍 *Ubicación:* costa de canistel 39, Col. Fraccionamiento Arboledas San Ramón, Fraccionamiento Arboledas San Ramón
📝 *Descripción:* hay un enjambre de abeja
👤 *Reportó:* Daniel Eduardo Romero Pilar (2888893215)
🕐 *Fecha:* 10/Aug/2026 21:08

━━━━━━━━━━━━━━━━━━━━━━━━━━━━
📌 *Responde a este mensaje o selecciona la opción del siguiente mensaje para tomar el reporte.*",
103,2026-08-10 21:09:11,5212888893215@s.whatsapp.net,Você,"✅ *¡HAS SIDO SELECCIONADO PARA ATENDER EL REPORTE REP-0182!*
━━━━━━━━━━━━━━━━━━━━━━━━━━━━

Hola *Josue Jaziel Delgado Burela*, para completar el despacho y notificar al grupo de alertas, responde las siguientes 2 preguntas:

1️⃣ *¿En qué unidad o vehículo acudirás a la emergencia?*
_(Escribe el nombre o número de unidad, ej: Ambulancia 02, PC-01, Pick-up Rescate, etc.)_",
103,2026-08-10 21:09:27,5212888893215@s.whatsapp.net,Você,"👍 *Unidad registrada:* 73

2️⃣ *¿Cuál es tu Tiempo Estimado de Arribo / Atención al punto?*
_(Escribe el tiempo estimado, ej: 10 minutos, 15 min, etc.)_",
103,2026-08-10 21:09:34,5212888893215@s.whatsapp.net,Você,"🚀 *¡DESPACHO COMPLETADO Y REGISTRADO!* 🚀
━━━━━━━━━━━━━━━━━━━━━━━━━━━━

📋 *Folio:* REP-0182
👷 *Encargado:* Josue Jaziel Delgado Burela
🚑 *Unidad:* 73
⏱️ *Tiempo Estimado:* 15

📌 *Estatus Actualizado:* 🚑 EN CAMINO

¡Procede con precaución! Puedes enviar avances a la bitácora escribiendo:
_Bitacora REP-0182: Arribando al punto_",
103,2026-08-10 21:10:36,5212888893215@s.whatsapp.net,Você,"📝 *Bitácora Actualizada (REP-0182)*

Se añadió a la bitácora:
_""Ya llege""_",
103,2026-08-10 21:11:11,5212888893215@s.whatsapp.net,Você,"🎉 *¡ALERTA FINALIZADA CON ÉXITO!* 🎉
━━━━━━━━━━━━━━━━━━━━━━━━━━━━

📋 *Folio:* REP-0182
👷 *Atendido por:* Josue Jaziel Delgado Burela
⏱️ *Tiempo de Atención:* 2 min

📌 *Estatus:* ✅ RESUELTO Y CERRADO
¡Excelente trabajo operativa!",
104,2026-08-10 21:09:30,199557250064521@lid,Burela,73,
104,2026-08-10 21:09:36,199557250064521@lid,Burela,15,
104,2026-08-10 21:10:38,199557250064521@lid,Burela,Ya llege,
104,2026-08-10 21:11:13,199557250064521@lid,Burela,ALERTA FINALIZADA CON EXITO,
106,2026-08-10 21:20:53,170308388577514@lid,Você,Pc,
106,2026-08-10 21:22:46,170308388577514@lid,170308388577514,Avenida de las américas 42204 int. 6 lagos de puente moreno entre circuito turquesa y circuito Belice,
106,2026-08-10 21:26:29,170308388577514@lid,Você,enterada.  se agenda su solicitud,
106,2026-08-10 21:26:58,170308388577514@lid,170308388577514,Muchas gracias,
106,2026-08-10 21:27:06,170308388577514@lid,Você,para servirle,
107,2026-08-11 00:02:27,120363042493725288@g.us,213554649145471,Sale unidad 098a traslado programado del tejar al Imss 71,
107,2026-08-11 00:08:58,120363042493725288@g.us,265639449067682,U072 rellena tinaco dela base,
107,2026-08-11 00:13:17,120363042493725288@g.us,214482211094536,Unidad en el punto para el traslado,ACABB9387CB1F616F0E2CEF26B4D291A
107,2026-08-11 00:41:19,120363042493725288@g.us,265639449067682,Sale  u 072 a cargar agua a grupo más,
107,2026-08-11 00:48:35,120363042493725288@g.us,213554649145471,Unidad 098  en imss 71,
107,2026-08-11 01:05:52,120363042493725288@g.us,60877587898595,https://maps.app.goo.gl/XaH8BowVnHHAB9ES8,
107,2026-08-11 01:05:53,120363042493725288@g.us,60877587898595,"su numero, pero no habla bien 229 413 6343",
107,2026-08-11 01:06:00,120363042493725288@g.us,60877587898595,Piden apoyo,
107,2026-08-11 01:06:17,120363042493725288@g.us,60877587898595,Es de una persona se puso mal,
107,2026-08-11 01:06:22,120363042493725288@g.us,60877587898595,Al parecer,
107,2026-08-11 01:06:34,120363042493725288@g.us,60877587898595,Para contactar,ACF8C3994F077C2E8256664D686EC9B2
107,2026-08-11 01:06:57,120363042493725288@g.us,170179606609930,@265639449067682,
107,2026-08-11 01:07:12,120363042493725288@g.us,170179606609930,Has en enlace con la ciudadana,
107,2026-08-11 01:08:24,120363042493725288@g.us,265639449067682,Yo estoy rellenando la pipa,3A4787B6C83DA3C73C33
107,2026-08-11 01:12:12,120363042493725288@g.us,170179606609930,@223488774266954,
107,2026-08-11 01:21:03,120363042493725288@g.us,223488774266954,U208 sale a este servicio,ACF8C3994F077C2E8256664D686EC9B2
107,2026-08-11 01:21:36,120363042493725288@g.us,214482211094536,Enterado con precaución,
107,2026-08-11 01:21:38,120363042493725288@g.us,71803431043257,Enterado en base,
107,2026-08-11 01:47:31,120363042493725288@g.us,265639449067682,Se traslada al hg de boca,
107,2026-08-11 02:01:43,120363042493725288@g.us,265639449067682,U072 en base,
107,2026-08-11 02:09:33,120363042493725288@g.us,Você,Enterado en base,
107,2026-08-11 02:21:56,120363042493725288@g.us,223488774266954,U208 en HR BOCA DEL RÍO,
107,2026-08-11 02:48:43,120363042493725288@g.us,223488774266954,U208,
107,2026-08-11 02:48:51,120363042493725288@g.us,223488774266954,U208 retorna a base,
107,2026-08-11 02:52:01,120363042493725288@g.us,213554649145471,Unidad 098 en base,
107,2026-08-11 03:10:36,120363042493725288@g.us,223488774266954,U208 en base,
107,2026-08-11 03:22:56,120363042493725288@g.us,170179606609930,"Conocimiento equipo, me reporta Cfe que las abejas no lo dejan hacer sus actividades ahí se puede aproximar Yeyo para valorar",
107,2026-08-11 03:23:11,120363042493725288@g.us,170179606609930,Es que ahí que quitar la energía,
107,2026-08-11 03:23:11,120363042493725288@g.us,170179606609930,Ok sería mañana ?,
107,2026-08-11 04:45:58,120363042493725288@g.us,72104464666678,Regresa a base unidad 096,
107,2026-08-11 04:46:25,120363042493725288@g.us,Você,Enterado en base,
107,2026-08-11 05:23:56,120363042493725288@g.us,Você,Enterado en base,
107,2026-08-11 05:28:24,120363042493725288@g.us,71803431043257,Estoi esperando q vengan x mi,
107,2026-08-11 06:04:50,120363042493725288@g.us,72104464666678,"Regreso a base con el sr geyo , igual sale unidad 096 a retirar un panal de abejas",
107,2026-08-11 06:08:30,120363042493725288@g.us,223488774266954,"*FECHA*  10/ 08/2026.
*AMBULANCIA*  U-208.
*OPERADOR* Carlos Peña Pérez.
*PARAMEDICO* Mabel Márquez Ferrer.
*TERCERO ABORDO*
N/A.
*DIRECCIÓN DEL SERVICIO*  col. los esquiteros.
*TIPO DE SERVICIO* 
Urgencia.
*NOMBRE DEL PACIENTE* 
""Beto el taquero"" (paciente en calidad de desconocido)

*T/A* 150/80 mm/Hg
*F/C* 120 x'
*F/R*  24 x' 
 *Spo2*  98%
 *TEMPERATURA* 37.6 °C
*GLUC/OPCIONAL* 190 mg/dL.
*EDAD* -
*Glasgow* 8.
*ORIGINARIO ( A)* - 
*DESCRIPCIÓN DE LO OCURRIDO* se atiende paciente masculino en su domicilio por reporte de dificultad para respirar realizado por el mismo. Al ingresar al domicilio se encontraban todas la luces apagadas, el px en posición decúbito prono, letárgico, con respuesta al estímulo doloroso, diaforético, con notable dismetria facial, dificultad para respirar, pupilas midriáticas, cavidad oral seca, refiere dolor precordial, se traslada a hospital Regional de Boca del Río, se vigilan signos vitales y vía aérea.
*DIAGNÓSTICO* probable IAM, probable EVC.
*HOSPITAL  DE TRASLADO* HR Boca del Río.
 *RECIBE* Médico de triage.
*CÓDIGO* Rojo.
*OBSERVACIONES* 
Px letárgico, diaforético, con dificultad para respirar, con respuesta al estímulo doloroso, notable dismetria facial, cavidad oral seca, pupilas midriáticas, que refiere dolor precordial.

*ANTECEDENTES PATOLOGICOS*
-
*ANTECEDENTES  NO PATOLOGICOS*
-

*ALERGIAS* 
-

 *MEDICAMENTOS* 
 -
*AUTORIDAD EN EL LUGAR*   -
*SEGURO* 
-
*DESPACHA* Dirección de protección civil.",AC2521449088682B3E486D74161DB9D2
107,2026-08-11 06:39:11,120363042493725288@g.us,213554649145471,"A esta QTR Nos piden apoyo 2 unidades de transito estatal para la valoración de un paciente que tuvo un percance vial, refiere que en punto de las 5 pm otro vehículo le hizo perder el control lo que originó la caída",
107,2026-08-11 06:39:59,120363042493725288@g.us,213554649145471,"U01- 088 
Jesús Hernández c 1 más",
107,2026-08-11 06:50:17,120363042493725288@g.us,213554649145471,"*FECHA*  11/ 08/2026
*AMBULANCIA*  U-098
*OPERADOR* José Luis Prieto
*PARAMEDICO* Jorge Luna 
*TERCERO ABORDO*
*NOMBRE DEL PACIENTE* 
Juan Carlos Aguilar Uscanga
*FECHA DE NACIMIENTO:*
No aporta 
*DIRECCIÓN DEL SERVICIO*  
Base de protección civil de medellín 
*TIPO DE SERVICIO* 
Apoyo solicitado 
*T/A* 
*F/C* 97
*F/R*  18
 *Spo2*  98%
 *TEMPERATURA* 
*GLUC/OPCIONAL* 
*EDAD* 19 años 
*Glasgow* 15
*ORIGINARIO ( A)* Veracruz 
*DESCRIPCIÓN DE LO OCURRIDO*  A esta QTR Nos piden apoyo 2 unidades de transito estatal para la valoración de un paciente que tuvo un percance vial, refiere que en punto de las 5 pm otro vehículo le hizo perder el control lo que originó la caída
*DIAGNÓSTICO* 
PB esguince de tobillo derecho + contractura muscular 
*HOSPITAL  DE TRASLADO* N/a
 *RECIBE* N/a
*CÓDIGO* Verde 
*OBSERVACIONES* 
Contusión en tobillo derecho 
Se brindan recomendaciones verbales. 
*ANTECEDENTES PATOLOGICOS*
Negados 
*ANTECEDENTES  NO PATOLOGICOS*
Negados 
*ALERGIAS* negadas 

 *MEDICAMENTOS* 
 Negados 
*AUTORIDAD EN EL LUGAR* 2 unidades de transito estatal 
U01- 088 
Jesús Hernández + 1 de apoyo 
*SEGURO* 
*DESPACHA*  solicita el apoyo tránsito estatal.",
107,2026-08-11 06:58:59,120363042493725288@g.us,Você,"*Reporte al 9-1-1 (PRELIMINAR)*
Fecha y Hora: *11/08/2026 00:28:36*
Asunto: *URGENCIA POR ENFERMEDAD GENERAL*
Colonia: *PUENTE MORENO*
Calle: *HUACHINANGO NORTE 8104*
Entre calles: *DELFIN*
Referencia: *EN LA ESQUINA UN OXXO*
Localidad: *MEDELLIN DE BRAVO*
Municipio: *MEDELLIN DE BRAVO*
*Ubicación:*https://www.google.com/maps/place/19.105636709261,-96.158175703822
*Resumen de evento*
     REPORTA QUE ES MECANICO Y QUE APLICO SOLDADURA HOY EN UN CARRO, HACE UNA HORA LLEGO ASU CASA Y EMPEZO CON MALESTAR EN OJOS, INDICA QUE NO PUEDE VER Y SIENTE COMO VIDRIOSOS O ARENA EN LOS OJOS",
107,2026-08-11 07:02:53,120363042493725288@g.us,214482211094536,Sale unidad 098 a el reporte,
107,2026-08-11 07:16:00,120363042493725288@g.us,214482211094536,Unidad 098 en el punto y no se visualiza nada,AC55808DDFD4CB44867CA65906583467
107,2026-08-11 07:19:45,120363042493725288@g.us,72104464666678,Unidad 096 de retorno en base,
107,2026-08-11 07:23:17,120363042493725288@g.us,223488774266954,U098 en base,
108,2026-08-11 06:37:38,214774235267138@lid,Você,...,
108,2026-08-11 06:38:58,214774235267138@lid,214774235267138,"*Reporte al 9-1-1 (PRELIMINAR)*
Fecha y Hora: *11/08/2026 00:28:36*
Asunto: *URGENCIA POR ENFERMEDAD GENERAL*
Colonia: *PUENTE MORENO*
Calle: *HUACHINANGO NORTE 8104*
Entre calles: *DELFIN*
Referencia: *EN LA ESQUINA UN OXXO*
Localidad: *MEDELLIN DE BRAVO*
Municipio: *MEDELLIN DE BRAVO*
*Ubicación:*https://www.google.com/maps/place/19.105636709261,-96.158175703822
*Resumen de evento*
     REPORTA QUE ES MECANICO Y QUE APLICO SOLDADURA HOY EN UN CARRO, HACE UNA HORA LLEGO ASU CASA Y EMPEZO CON MALESTAR EN OJOS, INDICA QUE NO PUEDE VER Y SIENTE COMO VIDRIOSOS O ARENA EN LOS OJOS",
108,2026-08-11 07:38:36,214774235267138@lid,214774235267138,MANDO BUEN DIA TENDRA NOVEDAD?,3EB035E8F4CA6ECE0646D4
108,2026-08-11 07:39:33,214774235267138@lid,Você,Se llega a él punto se torretea y negativo nadie salio,
108,2026-08-11 07:43:43,214774235267138@lid,214774235267138,"ENTERADO MANDO, MUCHAS GRACIAS",
108,2026-08-11 08:46:18,214774235267138@lid,214774235267138,"*Reporte al 9-1-1 (PRELIMINAR)*
Fecha y Hora: *11/08/2026 02:37:41*
Asunto: *FUGA DE GAS EN CILINDRO*
Colonia: *LAGOS PUENTE MORENO*
Calle: *CTO GUATEMALA SUR 5*
Entre calles: *PASEO DE LAS JOYAS*
Referencia: *CERCA DE LA TERMINAL DE LOS 121*
Localidad: *MEDELLIN DE BRAVO*
Municipio: *MEDELLIN DE BRAVO*
*Ubicación:*https://www.google.com/maps/place/19.088439351176,-96.165595490451
*Resumen de evento*
     REFIERE QUE SU TANQUE TIENE FUGA EN LA VÁLVULA, DE 20 KILOS, LO RELLENO HACE 2 MESES, ESTÁ AFUERA EL TANQUE
REPORTA: JOSE ARMANDO ALVARADO CEL: 2295629523",
108,2026-08-11 08:46:31,214774235267138@lid,214774235267138,BUEN DIA ME APOYAN CON UNA FUGA DE GAS,
108,2026-08-11 09:00:20,214774235267138@lid,Você,11 mandó,
108,2026-08-11 09:28:03,214774235267138@lid,214774235267138,"*Reporte al 9-1-1 (PRELIMINAR)*
Fecha y Hora: *11/08/2026 03:15:26*
Asunto: *FALLA ELÉCTRICA-CORTOCIRCUITO*
Colonia: *EL TEJAR*
Calle: *FERROCARRILES S/N*
Entre calles: *ITURBIDE*
Referencia: *CERCA DE LA IGLESIA*
Localidad: *EL TEJAR*
Municipio: *MEDELLIN DE BRAVO*
*Ubicación:*https://www.google.com/maps/place/19.078615212207,-96.161839435751
*Resumen de evento*
     PIDEN APOYO PARA INCENDIO DE CABLES DE ALTA TENCION 
REPORTA RAFAEL TEL: 7293419631",
108,2026-08-11 09:29:57,214774235267138@lid,214774235267138,MANDO ENTRO OTRA LLAMDA INDICANDO QUE UNA PERSONA IBA PASNADO Y SE QUEMO EL BRAZO POR EL CORTO,3EB0EF04467520FD2C3650
109,2026-08-11 08:59:55,120363042493725288@g.us,Você,"*Reporte al 9-1-1 (PRELIMINAR)*
Fecha y Hora: *11/08/2026 02:37:41*
Asunto: *FUGA DE GAS EN CILINDRO*
Colonia: *LAGOS PUENTE MORENO*
Calle: *CTO GUATEMALA SUR 5*
Entre calles: *PASEO DE LAS JOYAS*
Referencia: *CERCA DE LA TERMINAL DE LOS 121*
Localidad: *MEDELLIN DE BRAVO*
Municipio: *MEDELLIN DE BRAVO*
*Ubicación:*https://www.google.com/maps/place/19.088439351176,-96.165595490451
*Resumen de evento*
     REFIERE QUE SU TANQUE TIENE FUGA EN LA VÁLVULA, DE 20 KILOS, LO RELLENO HACE 2 MESES, ESTÁ AFUERA EL TANQUE
REPORTA: JOSE ARMANDO ALVARADO CEL: 2295629523",
109,2026-08-11 09:10:29,120363042493725288@g.us,265639449067682,Sale unidad ala fuga,
109,2026-08-11 09:12:00,120363042493725288@g.us,265639449067682,En en punto,
109,2026-08-11 09:17:16,120363042493725288@g.us,265639449067682,"Jose Armando Alvarado cruz interior5
46027
Circuito Guatemala sur",
109,2026-08-11 09:31:56,120363042493725288@g.us,265639449067682,En base,
109,2026-08-11 09:34:04,120363042493725288@g.us,Você,MANDO ENTRO OTRA LLAMDA INDICANDO QUE UNA PERSONA IBA PASNADO Y SE QUEMO EL BRAZO POR EL CORTO,
109,2026-08-11 09:34:04,120363042493725288@g.us,Você,"*Reporte al 9-1-1 (PRELIMINAR)*
Fecha y Hora: *11/08/2026 03:15:26*
Asunto: *FALLA ELÉCTRICA-CORTOCIRCUITO*
Colonia: *EL TEJAR*
Calle: *FERROCARRILES S/N*
Entre calles: *ITURBIDE*
Referencia: *CERCA DE LA IGLESIA*
Localidad: *EL TEJAR*
Municipio: *MEDELLIN DE BRAVO*
*Ubicación:*https://www.google.com/maps/place/19.078615212207,-96.161839435751
*Resumen de evento*
     PIDEN APOYO PARA INCENDIO DE CABLES DE ALTA TENCION 
REPORTA RAFAEL TEL: 7293419631",
109,2026-08-11 09:48:13,120363042493725288@g.us,265639449067682,No se visualiza nd,
109,2026-08-11 09:55:07,120363042493725288@g.us,265639449067682,"Mando Victor Hugo con 4 de fuerza 
Unidad spp4248",
109,2026-08-11 10:02:40,120363042493725288@g.us,265639449067682,U096 en base,
110,2026-08-11 12:30:50,86835883712587@lid,86835883712587,Es hay jefe se me siente mal,
110,2026-08-11 12:31:27,86835883712587@lid,Você,Dice que le falta la respiración,
110,2026-08-11 12:31:55,86835883712587@lid,86835883712587,Sii y se siente mareada y ve luces y le palpita más de lo normal el corazón,
110,2026-08-11 12:32:34,86835883712587@lid,86835883712587,Quería ver si me apollaba para checarla porfa,
110,2026-08-11 12:33:21,86835883712587@lid,Você,Ok le mando una unidad solo esten a él pendiente de favor,
110,2026-08-11 12:33:33,86835883712587@lid,86835883712587,Si amigos gracias,
111,2026-08-11 12:33:53,120363042493725288@g.us,Você,Quería ver si me apollaba para checarla porfa,
111,2026-08-11 12:33:53,120363042493725288@g.us,Você,Sii y se siente mareada y ve luces y le palpita más de lo normal el corazón,
111,2026-08-11 12:34:47,120363042493725288@g.us,Você,Reportan persona que le cuesta respirar en esa ubicación,
111,2026-08-11 12:41:39,120363042493725288@g.us,214482211094536,Sale unidad 098,
111,2026-08-11 12:48:45,120363042493725288@g.us,214482211094536,Unidad 098 en el punto,
111,2026-08-11 13:03:31,120363042493725288@g.us,265639449067682,Enterado base,
111,2026-08-11 14:19:26,120363042493725288@g.us,213554649145471,"*FECHA*  11/ 08/2026
*AMBULANCIA*  U-098
*OPERADOR* José Luis Prieto
*PARAMEDICO* Jorge Luna 
*TERCERO ABORDO*
*NOMBRE DEL PACIENTE* 
Tomasa Baruch Ramirez 
*FECHA DE NACIMIENTO:*
20/06/1982
*DIRECCIÓN DEL SERVICIO*  
Circuito chachalacas centro 11403
Int1 fraccionamiento puente moreno 
Medellín De Bravo 
*TIPO DE SERVICIO* 
Urgencia
*T/A* 90/60
*F/C* 202-64
*F/R*  17
 *Spo2*  82%
 *TEMPERATURA* 35.7
*GLUC/OPCIONAL* 
*EDAD* 44 años 
*Glasgow* 15
*ORIGINARIO ( A)* Veracruz 
*DESCRIPCIÓN DE LO OCURRIDO*  la paciente refiere que en punto del 10 para las 6 la despertó un fuerte dolor en el pecho de carácter opresivo y una dificultad respiratoria.
*DIAGNÓSTICO* 
Dolor precordial+
PB arritmia cardíaca 
*HOSPITAL  DE TRASLADO* Hospital General De Boca Del Río 
 *RECIBE* Dra. Gabriela Sánchez 
*CÓDIGO* Amarillo 
*OBSERVACIONES* 
Px pálido con extremidades frías 

*ANTECEDENTES PATOLOGICOS*
Dx de soplo cardíaco a los 8 años, con recomendación de cirugía. 
*ANTECEDENTES  NO PATOLOGICOS*
Negados 
*ALERGIAS* Metamizol sódico 
 *MEDICAMENTOS* 
 Sidenafil sin especificar gramaje 
*AUTORIDAD EN EL LUGAR* Ninguna
*SEGURO* No 
*DESPACHA*  Directo a base",
111,2026-08-11 14:27:11,120363042493725288@g.us,213554649145471,Unidad 098 en base,
111,2026-08-11 15:06:31,120363042493725288@g.us,97878764691675,"U-072 con niveles correctos de aceite de motor aceite hidráulico 
Observación:
El aceite de motor ya está muy quemado requiere el servicio",
111,2026-08-11 15:10:19,120363042493725288@g.us,97878764691675,U-098 con niveles correctos de aceite de motor aceite hidráulico y liquido de frenos,
111,2026-08-11 15:14:00,120363042493725288@g.us,97878764691675,U-208 con niveles de aceite de motor aceite hidráulico y liquido de frenos correctos,
111,2026-08-11 15:19:54,120363042493725288@g.us,97878764691675,U-096 con niveles correctos de aceite de motor aceite hidráulico y liquido de frenos,
111,2026-08-11 15:45:30,120363042493725288@g.us,97878764691675,U-072 sale a salon social de el Tejar,
111,2026-08-11 15:47:07,120363042493725288@g.us,128733256110143,Enterado con precaución,AC2A272D024F18991D002ED0457E2878
111,2026-08-11 15:55:05,120363042493725288@g.us,128733256110143,Enterado en base,ACD4CCE7FD2F31BEBEBB669C89C18DF9
111,2026-08-11 16:34:03,120363042493725288@g.us,170179606609930,Reportan incendio en casa habitacion casa blanca para que se vayan preparando,
111,2026-08-11 16:34:20,120363042493725288@g.us,Você,Martha Marroquín 2291171777,
111,2026-08-11 16:34:20,120363042493725288@g.us,Você,"*Reporte al 9-1-1 (PRELIMINAR)*
Fecha y Hora: *11/08/2026 10:29:09*
Asunto: *INCENDIO DE CASA HABITACIÓN*
Colonia: *CASA BLANCA*
Calle: *RIO JAMAPA *
Entre calles: *CAZUARINA*
Referencia: *EN LA CASA  DE MARIBEL*
Localidad: *NO ESPECIFICADO*
Municipio: *MEDELLIN DE BRAVO*
*Ubicación:*https://www.google.com/maps/place/19.06645,-96.16247
*Resumen de evento*",
111,2026-08-11 16:41:03,120363042493725288@g.us,216359027896444,Reporta Brisa Marina que *hay una niña encerrada* ahi en  la casa incendiandose,3A8007A11C3C75AB528E
111,2026-08-11 16:48:48,120363042493725288@g.us,170179606609930,Ya en el punto,AC124FF6F1E73481478720BC15CA2670
111,2026-08-11 16:51:20,120363042493725288@g.us,97878764691675,U-072 en el punto,
111,2026-08-11 17:01:42,120363042493725288@g.us,135450517885035,casa 🏡 escondiéndose en casa blanca.,
111,2026-08-11 17:01:51,120363042493725288@g.us,135450517885035,urgente,
111,2026-08-11 17:02:33,120363042493725288@g.us,135450517885035,que de la niña en oa casa,
111,2026-08-11 17:05:17,120363042493725288@g.us,Você,Ya me entr viste con el comandante Júpiter de la municipal,3AEF735359E817EF5388
111,2026-08-11 17:09:55,120363042493725288@g.us,170179606609930,Ya se atendió licenciado,AC1D56D426F6780DDB29D9DCC7C14415
111,2026-08-11 17:10:03,120363042493725288@g.us,170179606609930,Aquí me encuentro con el equipo,
111,2026-08-11 17:19:13,120363042493725288@g.us,135450517885035,ya controlado el fuego,
111,2026-08-11 17:20:12,120363042493725288@g.us,135450517885035,y el tema de la niña. fue falso,
111,2026-08-11 17:21:14,120363042493725288@g.us,28067678416994,"Fue real, pero un vecino y la abuelita la sacaron",AC08CA80F584EE5EB50FC6E9B0D3CD81
111,2026-08-11 17:21:24,120363042493725288@g.us,135450517885035,Daños de la Casa,
111,2026-08-11 17:22:14,120363042493725288@g.us,28067678416994,En unos momentos los compañeros subirán su reporte Licenciado,AC92772A585DBE21FC10383B30D4710B
111,2026-08-11 17:22:54,120363042493725288@g.us,135450517885035,"estoy en reunion von el alcalde ,le estoy dando informacion",
111,2026-08-11 17:24:19,120363042493725288@g.us,170179606609930,Para conocimiento Lic controlado al 100% liquidado al 100% ya nada más van a hacer remoción y los puntos calientes para que no se vuelva a activar pérdida total a casa. Desafortunadamente no se encuentra un canino al parecer no logró salir,
111,2026-08-11 17:25:34,120363042493725288@g.us,170179606609930,"Personal paramédico se encuentra atendiendo a los afectados, una adulta mayor femenina, 1 femenina de aproximadamente 24 años masculino de 50 años y otro masculino de 30 años, nada de gravedad estabilizando en el sitio dejando recomendaciones. En un momento le hago llegar la tarjeta informativa de manera preliminar.",
111,2026-08-11 17:27:49,120363042493725288@g.us,135450517885035,que enfríen  bien el area del fuego.,
111,2026-08-11 17:33:54,120363042493725288@g.us,135450517885035,"Regresen a la pipa a Salon de eventos del tejar, terminando  lo de casa blanca",
111,2026-08-11 17:41:13,120363042493725288@g.us,170179606609930,Enterado Lic,AC97E77E3F1F1D3C084B240D523272FC
111,2026-08-11 17:56:48,120363042493725288@g.us,226585563119766,"Se atiende en Base 
 a masculino de 83 años 
Conciente y orientado 
Glasgow valorada en 15
T/A 125/90
Spo2- 98
FC 81 
Se le brindan indicaciones lo trasladan por sus medios ( no amerita traslado) 
Refiere su esposa que el 
EVC hace un año",
111,2026-08-11 18:08:51,120363042493725288@g.us,28067678416994,Unidad 098 pendientes en base.,
111,2026-08-11 18:11:06,120363042493725288@g.us,128733256110143,"José Javier Osorio propietario del domicilio quemado 
9162535870 
Infonavit casa blanca número 104 manzana 02 módulo 4",
111,2026-08-11 18:19:42,120363042493725288@g.us,170179606609930,"Muchas gracias equipo, excelente trabajo!",
111,2026-08-11 18:19:53,120363042493725288@g.us,226585563119766,Enterados en base,AC63D99498CCA24B00E1A1171CDE66C9
111,2026-08-11 18:26:37,120363042493725288@g.us,97878764691675,U-073 en salon social,
111,2026-08-11 19:12:17,120363042493725288@g.us,128733256110143,Se pasa a calibrar llantas de la unidad 072 en la entrada a san Ramón,
111,2026-08-11 19:22:50,120363042493725288@g.us,138276522463346,Alguien tiene reporte de dos personas ahogadas en Juan de Alfaro,
111,2026-08-11 19:23:35,120363042493725288@g.us,28067678416994,"Negativo, no han llamado para tal reporte",3AEB2B1295C007399F5F
111,2026-08-11 19:40:40,120363042493725288@g.us,135450517885035,"Son dos personas originarios de cordoba , dos masculinos mayores de edad .",
111,2026-08-11 19:41:03,120363042493725288@g.us,135450517885035,ahogados en juan de alfaro.,
111,2026-08-11 19:41:14,120363042493725288@g.us,214482211094536,Enterado lic estoy  listos,AC2559C250712AA19C2A22D24C877FFC
111,2026-08-11 19:42:14,120363042493725288@g.us,135450517885035,"esta  saliendo personal de Pc, al punto, con lancha para rescate.",
111,2026-08-11 19:42:31,120363042493725288@g.us,128733256110143,Salsa unidad 096 por la embarcación a brava marina,
111,2026-08-11 19:43:46,120363042493725288@g.us,214482211094536,Está en la condesa Paco,ACD6EA6CEE9D737D05B8473B529099EA
111,2026-08-11 19:51:20,120363042493725288@g.us,216359027896444,Reporta la regidora Karen,
111,2026-08-11 19:54:55,120363042493725288@g.us,28067678416994,Enterada,
111,2026-08-11 19:55:15,120363042493725288@g.us,28067678416994,Vamos en ruta.,
111,2026-08-11 19:58:33,120363042493725288@g.us,170179606609930,"Loc. Salsipuedes, campo de beisbol al pie de carretera, hacia adentro.

Jose Leonardo Hernández Benítez, hermano del desaparecido, el está en Estados Unidos.

En el punto está su cuñada (esposa de Juan Pablo): Yael Montufaz Rodriguez, 2711847868 

Personas no localizadas.
- Juan Pablo Hernández Benítez, 38 años. Originario de San José De gracia, Municipio Manuel León, Amatlán de los Reyes.
- Joel, aproximadamente 14-15 años.",
111,2026-08-11 20:04:16,120363042493725288@g.us,135450517885035,Guacimal,
111,2026-08-11 20:07:46,120363042493725288@g.us,28067678416994,Unidad 098 en el punto,
111,2026-08-11 20:08:26,120363042493725288@g.us,97878764691675,Con esta hora se vacía la pipa en salon social procedo a moverme a grupo más y recargar la U-073,
111,2026-08-11 20:09:10,120363042493725288@g.us,97878764691675,Me pregunta la señorita Claudia Murillo si Se va a regresar a darles más agua,
111,2026-08-11 20:09:12,120363042493725288@g.us,128733256110143,Enterado con precaución,AC7B3A4497A80D284B192332E1128BFB
111,2026-08-11 20:09:17,120363042493725288@g.us,97878764691675,Espero indicaciones,
111,2026-08-11 20:09:39,120363042493725288@g.us,128733256110143,Muevete ahí k pasen por el a grupo más,AC9DAAC22D2DE0A9A422FE4C967F6C68
111,2026-08-11 20:10:29,120363042493725288@g.us,97878764691675,Ok yo retorno de nuevo al salon social a echarles más agua pues me comenta que ocupan mas,ACFCA3F480DF9D689CBB7FB2A40799F7
111,2026-08-11 20:11:50,120363042493725288@g.us,170179606609930,Okey,AC2675D0D5D29038864D3C6107D8E550
111,2026-08-11 20:11:53,120363042493725288@g.us,170179606609930,Cómo vas Paco,
111,2026-08-11 20:12:06,120363042493725288@g.us,128733256110143,Ya vengo pasando playa de vacas,
111,2026-08-11 20:12:33,120363042493725288@g.us,170179606609930,Me avisas,
111,2026-08-11 20:12:42,120363042493725288@g.us,128733256110143,18,3A43667E1CDA414AC7B5
111,2026-08-11 20:12:58,120363042493725288@g.us,170179606609930,Cuando esté entrando a puente moreno,
111,2026-08-11 20:13:19,120363042493725288@g.us,128733256110143,18,3AE3E061F5E6E65CF08C
111,2026-08-11 20:15:46,120363042493725288@g.us,138276522463346,Piden el apoyo en ese punto por lo de las dos personas ahogadas,
111,2026-08-11 20:20:15,120363042493725288@g.us,Você,*Dani el agente Municipal de paso del.toro está en Salsipuedes en un Aveo color vino en la ladrillera para estar al tanto y guiar al punto de la búsqueda*,
111,2026-08-11 20:21:10,120363042493725288@g.us,Você,Está ubicación la comparte la agente Municipal de Juan de Alfaro,
111,2026-08-11 20:29:10,120363042493725288@g.us,97878764691675,UR- recargando en Grupo Mas,
111,2026-08-11 20:42:58,120363042493725288@g.us,138276522463346,14,
111,2026-08-11 20:43:44,120363042493725288@g.us,170179606609930,ya unidad proxima la 096 y 073,3AA6AAAF87F18E6BF959
111,2026-08-11 20:48:39,120363042493725288@g.us,170179606609930,como vas paco ?,
111,2026-08-11 20:49:41,120363042493725288@g.us,97878764691675,U-073 en salon social,
111,2026-08-11 20:58:14,120363042493725288@g.us,128733256110143,En el punto la 096,3EB0DEC52D77111A6FA649
111,2026-08-11 21:00:21,120363042493725288@g.us,216359027896444,Gracias checo,AC8FE597381002AF1B1E8F3E977D41BD
111,2026-08-11 21:00:41,120363042493725288@g.us,216359027896444,Y esta atenta Dani también en un aveo vino,AC8FCD61064B2E30B4702B974BB9E650
111,2026-08-11 21:04:09,120363042493725288@g.us,Você,Sra Irene Linares Zapot ya está dada de alta para poderla llevar a su domicilio. Unidad que está en HGBV,
111,2026-08-11 21:04:37,120363042493725288@g.us,Você,+52 229 267 6989 num de la solicitante,ACB96A2FA9B961ECEC03CDCEC22A4048
111,2026-08-11 21:09:58,120363042493725288@g.us,244006101479643,Se le hizo entrega de su cilindro de gas a la señora Cecilia Álvarez rojas,
111,2026-08-11 21:13:14,120363042493725288@g.us,170179606609930,Dime,3A0D5FC3BB1460B2F0CC
111,2026-08-11 21:13:16,120363042493725288@g.us,170179606609930,Que pasó,
111,2026-08-11 21:13:18,120363042493725288@g.us,170179606609930,Paco,
111,2026-08-11 21:14:54,120363042493725288@g.us,170179606609930,Te!,
111,2026-08-11 21:23:56,120363042493725288@g.us,128733256110143,Unidad acuática en el agua,
111,2026-08-11 21:48:43,120363042493725288@g.us,28067678416994,"Unidad 098 sale del HGBR con paciente de traslado hacie el circuito Croacia sur, Lagos de puente moreno.",AC27478210020CD98B906121ADD064ED
111,2026-08-11 22:06:07,120363042493725288@g.us,226585563119766,Sale unidad 208 a la localidad de Juan de Alfaro por reporte de crisis nerviosa,
111,2026-08-11 22:21:29,120363042493725288@g.us,28067678416994,Unidad 098 en el 19 del 10,
111,2026-08-11 22:21:39,120363042493725288@g.us,128733256110143,Con esta hora el compañero Carlos encuentra el segundo ahogado,
111,2026-08-11 22:22:08,120363042493725288@g.us,Você,Gracias equipo!,
111,2026-08-11 22:23:43,120363042493725288@g.us,28067678416994,Para conocimiento con esta hora terminamos el 10 del HGBR hacia el circuito Croacia.,
111,2026-08-11 22:41:57,120363042493725288@g.us,194171226824727,Necesitamos una ambulancia,
111,2026-08-11 22:42:04,120363042493725288@g.us,194171226824727,En dónde están,
111,2026-08-11 22:42:16,120363042493725288@g.us,194171226824727,Estamos nosotros,
111,2026-08-11 22:42:33,120363042493725288@g.us,128733256110143,Base para conocimiento no tenemos nada de señal por acá viene y va,
111,2026-08-11 22:43:00,120363042493725288@g.us,170179606609930,Ya van al punto,
111,2026-08-11 22:43:06,120363042493725288@g.us,194171226824727,Gracias estamos sin señal,
111,2026-08-11 22:43:06,120363042493725288@g.us,170179606609930,Luz como vas ?,
111,2026-08-11 22:43:24,120363042493725288@g.us,170179606609930,Si lees esto también dile a Checo que se venga río arriba,
111,2026-08-11 22:50:33,120363042493725288@g.us,28067678416994,Unidad 098 ya en 58,
111,2026-08-11 22:55:45,120363042493725288@g.us,138276522463346,Compañeros me apoyarían con alguna foto en donde se vea las unidades de lancha y alguna ambulancia para enviar el boletín de prensa,
111,2026-08-11 23:00:20,120363042493725288@g.us,97878764691675,UR-073 con esta hora acabo en el salon y social y paso a grupo más a recargar para retornar a base,
111,2026-08-11 23:14:51,120363042493725288@g.us,28067678416994,Enterada en base,AC5973CF584121DD5613B0791398050B
111,2026-08-11 23:17:02,120363042493725288@g.us,135450517885035,"16:25 pm se encontro el segundo cuerpo ,en juan de alfaro",
111,2026-08-11 23:18:03,120363042493725288@g.us,170179606609930,es correcto,
111,2026-08-11 23:21:00,120363042493725288@g.us,97878764691675,U-073 recargando en Grupo Mas,
111,2026-08-11 23:21:38,120363042493725288@g.us,170179606609930,Generales de la última persona localizada,AC4FB461DA48944D9D1704DA55CFE7B8
111,2026-08-11 23:42:48,120363042493725288@g.us,128733256110143,Con esta hora sale la lancha para base,
111,2026-08-12 00:00:08,120363042493725288@g.us,170179606609930,Se agregan los elementos paramédicos al grupo,
111,2026-08-12 00:00:12,120363042493725288@g.us,170179606609930,Para que se presenten,
111,2026-08-12 00:02:09,120363042493725288@g.us,60314259308792,"Holi buenas tardes soy Rut Sánchez, soy una paramédico de esta guardia",
111,2026-08-12 00:02:31,120363042493725288@g.us,60314259308792,Sale unidad 098 al evento de fútbol,
111,2026-08-12 00:29:39,120363042493725288@g.us,136734830530561,Odómetro salida,
111,2026-08-12 00:29:55,120363042493725288@g.us,136734830530561,Odómetro entrada y salida,
111,2026-08-12 00:29:58,120363042493725288@g.us,136734830530561,Al campo,
111,2026-08-12 00:47:28,120363042493725288@g.us,136734830530561,Gráficas del evento en Salsipuedes entrando por Juan de alfaro,
111,2026-08-12 00:48:19,120363042493725288@g.us,136734830530561,Buenas tardes bombero/paramédico Carlos a. Cadenas Mejía un gusto,3AE891DC590C97D86138
111,2026-08-12 00:55:51,120363042493725288@g.us,128733256110143,Con esta hora llega unidad acuática a base,
111,2026-08-12 01:06:54,120363042493725288@g.us,136734830530561,Odómetro de entrada de la 208,
111,2026-08-12 02:34:38,120363042493725288@g.us,28067678416994,"Serpiente 🐍 en él interior de un domicilio.
Circuito  Brasil este interior #3 como referencia hay una moto negra afuera 
REPORTA: 
Mario Alberto Saldaña Vazquez 2291704419",
111,2026-08-12 02:35:12,120363042493725288@g.us,128733256110143,Favor de acudir unidad 096 Luis y Miguel con precaución,ACA47F6EBA3F54F689EAC4F77266CE29
111,2026-08-12 02:36:11,120363042493725288@g.us,97878764691675,U-096 sale al servicio,AC9555C32CCBC1BC1A9A409C050F1241
111,2026-08-12 02:38:07,120363042493725288@g.us,128733256110143,Con precaución gracias,ACF4B572BF07E9EE1EBCA4F118D7F1F4
111,2026-08-12 02:49:43,120363042493725288@g.us,97878764691675,U-096 en el punto,
111,2026-08-12 02:50:25,120363042493725288@g.us,128733256110143,Enterado en base,ACA15A3B0A3A14CC8586BB942DF844D8
111,2026-08-12 02:56:36,120363042493725288@g.us,97878764691675,"Se procedió ala captura del reptil en el domicilio del ciudadano:
Mario Alberto Saldaña Vasquez",
111,2026-08-12 02:56:55,120363042493725288@g.us,128733256110143,Enterado en base,AC571D3D7E5661C07CF9C1C72F9C8338
111,2026-08-12 02:59:09,120363042493725288@g.us,97878764691675,U-096 retorna a base,
111,2026-08-12 03:08:20,120363042493725288@g.us,97878764691675,U-096 en base,
111,2026-08-12 03:08:33,120363042493725288@g.us,170179606609930,"Equipo, excelente trabajo realizado el día de hoy. 👏

Mi reconocimiento y agradecimiento a todos los que se sumaron al rescate, así como a quienes participaron en la atención del incendio de la casa habitación.

Gracias por su compromiso, entrega y, sobre todo, por mantener siempre la *vocación de servir y la profesionalidad* en cada servicio.

Excelente trabajo, equipo. *Buena guardia a todos y gracias por poner en alto a Protección Civil y Bomberos.*🚒💪",
111,2026-08-12 03:09:19,120363042493725288@g.us,97878764691675,Gracias jefe,3A60730C639D5E6423A4
111,2026-08-12 03:11:06,120363042493725288@g.us,60314259308792,Unidad 098 retorna a base,
111,2026-08-12 03:11:14,120363042493725288@g.us,170179606609930,Enterado gracias,ACBEDA0C4B0FFAC1061CEE6E0C84D633
111,2026-08-12 03:22:53,120363042493725288@g.us,60314259308792,Unidad 098 en base,
111,2026-08-12 03:26:08,120363042493725288@g.us,216359027896444,Gracias Jefe por motivarnos con su ejemplo,3A60730C639D5E6423A4
111,2026-08-12 03:45:38,120363042493725288@g.us,135450517885035,"Ese es el.espiritu de cuerpo que debe existir en  una institución, sumar esfuerzo en beneficio del ciudadano, a seguir capacitándose, para ser mejores en todo aspecto, me sumo a la felicitacion del director, y bienvenidos los nuevos elementos que hoy se dieron de alta.👏👏👏",
111,2026-08-12 04:30:18,120363042493725288@g.us,Você,Con precaución si se necesita la unidad 072 m avisas y me muevo para el punto,AC61C1B4438ED1345C1FF25D92C46769
111,2026-08-12 04:34:52,120363042493725288@g.us,97878764691675,Se agarra gasolina para la bomba de riego,
111,2026-08-12 04:38:41,120363042493725288@g.us,97878764691675,Sale U-096  a un supuesta quema de basura en casa blanca,
111,2026-08-12 04:39:21,120363042493725288@g.us,128733256110143,Con precaución,ACB3148AB5B81DB75EDF3F5C45F6ED8C
111,2026-08-12 04:53:16,120363042493725288@g.us,97878764691675,U-096 en el punto,
111,2026-08-12 05:01:19,120363042493725288@g.us,170179606609930,Jueves y viernes,
111,2026-08-12 05:01:19,120363042493725288@g.us,170179606609930,Chicos les recuerdo el curso para que se preparen ya saben quienes van les mandé el link veo la logística  mañana,
111,2026-08-12 05:01:49,120363042493725288@g.us,226585563119766,Enterada,
111,2026-08-12 05:03:01,120363042493725288@g.us,128733256110143,"https://maps.app.goo.gl/AucWerZTPgk6nick6

*ME PUEDE APOYAR POR FAVOR PARA VALORACION MEDICA YA QUE UNA PERSONA SE ENCONTRABA TIRADO EN VIA PUBLICA Y SE SIENTE MAL. SE ENCUENTRA LA UNIDAD EN EL LUGAR*",
111,2026-08-12 05:03:45,120363042493725288@g.us,128733256110143,Pide apoyo la policía estatal para valorar a esa persona favor de acudir unidad 208 con precaución,ACF8E3F04FF654ED3622C46E22AE7006
111,2026-08-12 05:09:09,120363042493725288@g.us,97878764691675,Nos recibió quien dijo llamarse Carmen Trejo vecina del lugar a si mismo se  realizó un recorrido por la zona no encontrando nada de lo reportado se le dejan indicaciones verbales nos trasladamos a base,
111,2026-08-12 05:10:13,120363042493725288@g.us,128733256110143,Enterado gracias,AC1A49EE4523B31BB619391688E68EAA
111,2026-08-12 05:11:56,120363042493725288@g.us,60314259308792,Salió unidad 208 por reporte de persona golpeada en el tejar informes al arribo de la unidad,
111,2026-08-12 05:12:26,120363042493725288@g.us,170179606609930,Con precaución,ACDE5181B8C5B0DC7D1DA3796BB8FA32
111,2026-08-12 05:15:15,120363042493725288@g.us,97878764691675,U-096 en base,
111,2026-08-12 05:35:09,120363042493725288@g.us,60314259308792,Unidad 208 en base,
111,2026-08-12 05:41:31,120363042493725288@g.us,60314259308792,"Se acude a llamado de emergencia en el tejar 
Por reporte de persona inconsciente en vía pública.
Px: persona desconocida ya que no quiso aportar datos , en estado etílico y posible consumo de estupefacientes, responde a estímulo doloroso y verbal, se queda en el lugar. 
NO AMERITA TRASLADO
Estando presentes los compañeros de la estatal",
111,2026-08-12 05:48:39,120363042493725288@g.us,226585563119766,"*Reporte al 9-1-1 (PRELIMINAR)*
Fecha y Hora: *11/08/2026 23:40:01*
Asunto: *FUGA DE GAS EN CILINDRO*
Colonia: *MARAVILLAS*
Calle: *LOS CARRILES S/N*
Entre calles: *ITURBIDE TIMOTEO*
Referencia: *ATRAS DE   FERRETERIA   GUZMAN*
Localidad: *EL TEJAR*
Municipio: *MEDELLIN DE BRAVO*
*Ubicación:*https://www.google.com/maps/place/19.072751265802,-96.158660848715
*Resumen de evento*",
111,2026-08-12 05:49:38,120363042493725288@g.us,128733256110143,Favor de acudir unidad 096 con precaución Luis y Miguel,A53B6377D7D4C388863831CE8F92AC74
111,2026-08-12 06:02:05,120363042493725288@g.us,97878764691675,Sale U-096 al reporte,A53B6377D7D4C388863831CE8F92AC74
111,2026-08-12 06:10:15,120363042493725288@g.us,97878764691675,U-096 en el punto,
111,2026-08-12 06:10:35,120363042493725288@g.us,128733256110143,Enterado en base,AC84F7421CD7AD30B6D4724408AD2F7D
111,2026-08-12 06:34:05,120363042493725288@g.us,226585563119766,Edad 38 años,
111,2026-08-12 06:34:05,120363042493725288@g.us,226585563119766,"Señala que su cuñada tiene dolor de estómago, es hipertensa, diabética, al parecer le duele la vesícula",
111,2026-08-12 06:34:05,120363042493725288@g.us,226585563119766,"*Reporte al 9-1-1 (PRELIMINAR)*
Fecha y Hora: *12/08/2026 00:16:15*
Asunto: *DOLOR ABDOMINAL/URGENCIA ABDOMINAL*
Colonia: *NUEVO  MEDELLIN*
Calle: *CEDRO 4410*
Entre calles: *JOBO*
Referencia: *CERCA   DE  LA  TIENDA*
Localidad: *VERACRUZ*
Municipio: *MEDELLIN DE BRAVO*
*Ubicación:*https://www.google.com/maps/place/19.005179109257,-96.109024114166
*Resumen de evento*
Es aquí",
111,2026-08-12 06:34:06,120363042493725288@g.us,226585563119766,Teléfono de solicitante 2297481121,
111,2026-08-12 06:42:11,120363042493725288@g.us,60314259308792,Sale de base unidad 208 a servicio,A578FE96804F61FC6E6DEDA97D413F13
111,2026-08-12 06:42:54,120363042493725288@g.us,97878764691675,Se procedió a inspeccionar un cilindro de 20 kg de la gasera mabarak el cual no Sele encontró que estuviera picado se encontró que fugaba entré el pitel y el regulador  se encontró tras roscado el pitel el cilindro se queda en  el domicilio no representa riesgo  alguno para el ciudadano se le dejan recomendaciónes de seguridad,AC423E04CF6F43C259CCD53EFACCA5F7
111,2026-08-12 06:43:08,120363042493725288@g.us,97878764691675,U-096 llegando a basé,
111,2026-08-12 06:57:35,120363042493725288@g.us,128733256110143,Enterado gracias,ACC17C2CE9101A7B003F4844AEE21AF4
111,2026-08-12 07:00:16,120363042493725288@g.us,28067678416994,Unidad 208 en la 19 del servicio.,
111,2026-08-12 07:15:50,120363042493725288@g.us,28067678416994,Unidad 208 traslada a femenina a el ISSSTE.,
111,2026-08-12 07:15:57,120363042493725288@g.us,28067678416994,Posterior mas datos,
111,2026-08-12 07:31:21,120363042493725288@g.us,Você,Enterados en base,
111,2026-08-12 07:35:19,120363042493725288@g.us,128733256110143,208 en el ISSSTE,ACA2D83AB2B6A27C72FB6EA1A5C594D7
111,2026-08-12 07:55:40,120363042493725288@g.us,28067678416994,U-208 sale del ISSSTE hacemos 10 a 58.,
111,2026-08-12 08:22:42,120363042493725288@g.us,60314259308792,Unidad 208 en base,
111,2026-08-12 08:30:03,120363042493725288@g.us,60314259308792,"*FECHA*  12/ 08/2026.
*AMBULANCIA*  U-208.
*OPERADOR* Francisco Lara 
*PARAMEDICO*
Rut Sanchez Cruz 
*TERCERO ABORDO*
Arely Avendaño 
*DIRECCIÓN DEL SERVICIO*  
Calle sauce, fracc. Nuevo Medellín 
*TIPO DE SERVICIO* 
Urgencia.
*NOMBRE DEL PACIENTE* 
Silvia Hernández Martínez 

*T/A* 100/79 mm/Hg
*F/C*  89x'
*F/R*  15 x' 
 *Spo2*  98%
 *TEMPERATURA* 35.7°C
*GLUC/OPCIONAL* 
-
*EDAD* 39
*Glasgow* 15
*ORIGINARIO ( A)* - 
*DESCRIPCIÓN DE LO OCURRIDO* se atiende paciente femenina en su domicilio por reporte de dolor abdominal.
Al ingresar al domicilio se encuentra a paciente en posición sedente con señas de dolor tocándose el abdomen, se pasa a la paciente a una cama para revisión enfocada, presenta dolor  abdominal agudo en cuadrante superior derecho y abdomen distendido, se traslada a la paciente a hospital ISSSTE, se vigilan signos vitales.
*DIAGNÓSTICO* probable colecistitis litiacita
*HOSPITAL  DE TRASLADO
ISSSTE 
 *RECIBE* Dr. Carlos Rodríguez 
*CÓDIGO* amarillo 
*OBSERVACIONES* 
Px dolor abdominal agudo, abdomen distendido, signos vitales estables, consiente, correcto en todas sus esferas

*ANTECEDENTES PATOLOGICOS*
-
*ANTECEDENTES  NO PATOLOGICOS*
-

*ALERGIAS* 
-

 *MEDICAMENTOS* 
 -
*AUTORIDAD EN EL LUGAR*   -
*SEGURO* 
-
*DESPACHA* Dirección de protección civil.",
113,2026-08-11 15:31:23,170308388577514@lid,Você,Bdias,
113,2026-08-11 15:31:34,170308388577514@lid,Você,Enterada gracias,
113,2026-08-11 16:59:18,170308388577514@lid,170308388577514,Buen día disculpe ya volvieron las abejas,
113,2026-08-11 16:59:33,170308388577514@lid,170308388577514,Ahorita si puedo salgo a tomarles foto,
117,2026-08-11 17:10:31,195554843828278@lid,Você,"*Reporte al 9-1-1 (PRELIMINAR)*
Fecha y Hora: *11/08/2026 10:29:09*
Asunto: *INCENDIO DE CASA HABITACIÓN*
Colonia: *CASA BLANCA*
Calle: *RIO JAMAPA *
Entre calles: *CAZUARINA*
Referencia: *EN LA CASA  DE MARIBEL*
Localidad: *NO ESPECIFICADO*
Municipio: *MEDELLIN DE BRAVO*
*Ubicación:*https://www.google.com/maps/place/19.06645,-96.16247
*Resumen de evento*",
117,2026-08-11 17:11:38,195554843828278@lid,Você,Gracias ☺️ soy Anel de Pc,
117,2026-08-11 17:12:27,195554843828278@lid,195554843828278,Enterado soy júpiter a la orden 🫡,
117,2026-08-11 17:19:38,195554843828278@lid,Você,Muchas gracias,
117,2026-08-11 17:20:20,195554843828278@lid,195554843828278,Para servirle,
119,2026-08-11 17:49:56,9990412697658@lid,Você,Hola buenas tardes,
119,2026-08-11 17:50:04,9990412697658@lid,Você,Ya le dieron atención a su reporte?,
119,2026-08-11 18:05:14,9990412697658@lid,9990412697658,Si gracias,
119,2026-08-11 18:08:34,9990412697658@lid,Você,Para servirle,
120,2026-08-11 17:51:30,170179606609930@lid,170179606609930,2294342090,
120,2026-08-11 17:51:42,170179606609930@lid,170179606609930,Aquí reportan un tema que ya se lo pasé a polet,3A88E76AE119F56430DA
120,2026-08-11 17:52:24,170179606609930@lid,Você,De que Dani?,
120,2026-08-11 17:52:47,170179606609930@lid,Você,Ahorita le pregunto,
120,2026-08-11 17:53:35,170179606609930@lid,Você,😳,
120,2026-08-11 17:54:09,170179606609930@lid,Você,Oki,
121,2026-08-11 18:09:09,280951041073268@lid,Você,Le dieron atención a su reporte?,
121,2026-08-11 18:35:24,280951041073268@lid,280951041073268,"Hola que tal buenas tardes aún no ,me dicen que van un día ayer me dijeron y nunca llegaron",
121,2026-08-11 18:50:38,280951041073268@lid,Você,No sé preocupe estoy dando seguimiento para atender su petición,AC6AED6B1B4FC9431781E95B76FE33FC
121,2026-08-11 18:51:21,280951041073268@lid,280951041073268,Gracias por su amabilidad bonito día,
124,2026-08-11 19:36:25,216359027896444@lid,216359027896444,"Agente Municipal juan de alfaro

Adriana Gomez
2291893908",
124,2026-08-11 19:36:26,216359027896444@lid,216359027896444,"Subagente Jorge Luis González 
2293246144",
124,2026-08-11 20:51:49,216359027896444@lid,Você,"Juan Pablo Hernández Benítez 
Joel Arick Alvarez Montufa 14",
124,2026-08-11 22:09:24,216359027896444@lid,Você,271 295 0853,
125,2026-08-11 19:37:30,66121122222226@lid,66121122222226,Buenas tardes le comunico que ya dieron de alta a mi mamá la sra Irene Linares Zapot de su cambio de Sistema de Vac y necesito su apoyo con la ambulancia para regresar a casa EN Croacia Sur # 57 frcc. Lagos de Puente Moreno.,
125,2026-08-11 19:39:51,66121122222226@lid,66121122222226,Siii srita nosotras esperamos,
125,2026-08-11 19:40:16,66121122222226@lid,66121122222226,Ncp. No hay urgencia nosotras esperamos.,
125,2026-08-11 19:40:53,66121122222226@lid,66121122222226,Si ahora la mando srita.,
125,2026-08-11 19:45:55,66121122222226@lid,66121122222226,"Si srita. Usted no se preocupe no tenemos prisa repito, con calma es un gran apoyo el de ustedes",
126,2026-08-11 19:38:29,128849186705588@lid,128849186705588,Si estoy esperando los,
126,2026-08-11 19:41:20,128849186705588@lid,Você,Le marco de la base pero no entra la llamada,
126,2026-08-11 19:41:46,128849186705588@lid,Você,Necesito la ubicación aquí por este medio,
126,2026-08-11 19:41:53,128849186705588@lid,Você,Que me la comparta,
126,2026-08-11 20:09:43,128849186705588@lid,128849186705588,"Juan Pablo Hernández Benítez 
Joel Arick Alvarez Montufa 14",
126,2026-08-11 20:19:27,128849186705588@lid,128849186705588,Oiga salsipueses,
126,2026-08-11 20:20:26,128849186705588@lid,Você,Ya salieron mis compañeros,
126,2026-08-11 20:39:02,128849186705588@lid,128849186705588,Ya mero vienen,
126,2026-08-11 20:39:11,128849186705588@lid,128849186705588,No yegan,
126,2026-08-11 20:39:26,128849186705588@lid,128849186705588,Estoy en la ferretería el puente Juan de Alfaro,
126,2026-08-11 20:41:49,128849186705588@lid,Você,"Mis compañeros salieron y deben estar a unos 15 o 20 min por llegar, la embarcación la estan moviendo para brindar el apoyo de la busqueda",
126,2026-08-11 20:41:56,128849186705588@lid,Você,maximo,
126,2026-08-11 20:42:31,128849186705588@lid,128849186705588,Estoy aquí XK aquí se tiene k bajar XK aya no se puede,
126,2026-08-11 20:42:41,128849186705588@lid,Você,si no se preocupe,
130,2026-08-11 22:05:57,170308388577514@lid,170308388577514,Ya son más ahora están hasta abajo del edificio,
130,2026-08-11 22:06:02,170308388577514@lid,170308388577514,Son más que ayer,
130,2026-08-11 22:08:50,170308388577514@lid,Você,observo que estan resguardandose por cuestiones del calor,
130,2026-08-11 22:08:54,170308388577514@lid,Você,no tienen un panal formado,
130,2026-08-11 22:08:58,170308388577514@lid,Você,pero le mando a checar mañana,
130,2026-08-11 22:10:12,170308388577514@lid,170308388577514,Esq no puedo salir para tomar enfrente de mi ventana como ahí da el sol pero ahí están haciendo su colmena,
130,2026-08-11 22:11:28,170308388577514@lid,Você,"ok, mañana mando a un compañero para que cheque si ya tieenen un panal",
130,2026-08-11 22:14:09,170308388577514@lid,170308388577514,Ok muchas gracias se lo agradezco,3EB0A9238590BB9E66267B
130,2026-08-11 22:14:29,170308388577514@lid,Você,para servirle,
132,2026-08-11 23:15:11,120363409447790752@g.us,PC-Digital,"🚨 *NUEVA ALERTA DE EMERGENCIA - PROTECCIÓN CIVIL* 🚨
━━━━━━━━━━━━━━━━━━━━━━━━━━━━

📋 *Folio:* REP-0001
⚠️ *Tipo:* ⚡ CABLE CAÍDO
🔶 *Prioridad:* 🟡 MEDIA
👤 *Encargado:* ⚠️ *SIN PERSONAL A CARGO (PENDIENTE)*

📍 *Ubicación:*
   paso vecinal 54
   Col. Celaya, La Esperanza

📝 *Descripción:*
   un cable pelado

👤 *Reportó:* Daniel Eduardo
📞 *Teléfono:* 2292255454
🕐 *Fecha:* 11/Aug/2026 23:15

━━━━━━━━━━━━━━━━━━━━━━━━━━━━
📌 *Estatus:* ⏳ PENDIENTE
🆔 Para actualizar bitácora:
_Bitacora REP-0001: [tu actualización]_",
132,2026-08-11 23:19:37,120363409447790752@g.us,PC-Digital,"📢 *ACTUALIZACIÓN DE REPORTE*
━━━━━━━━━━━━━━━━━━━━━━━━━

📋 *Folio:* REP-0001
🔄 *Estatus:* 🚑 EN CAMINO
🚑 *Unidad:* sfadfda
⏱️ *Tiempo estimado:* sdgdsg

📝 *Cambios:*
• Cambió estatus de 'Leído / Evaluando' a 'En Camino / Atendiendo'
• Asignó unidad: 'sfadfda'

━━━━━━━━━━━━━━━━━━━━━━━━━
📍 paso vecinal 54, Col. Celaya",
132,2026-08-11 23:19:43,120363409447790752@g.us,PC-Digital,"📢 *ACTUALIZACIÓN DE REPORTE*
━━━━━━━━━━━━━━━━━━━━━━━━━

📋 *Folio:* REP-0001
🔄 *Estatus:* ✅ RESUELTO
🚑 *Unidad:* sfadfda
⏱️ *Tiempo estimado:* sdgdsg

📝 *Cambios:*
• Cambió estatus de 'En Camino / Atendiendo' a 'Finalizado / Resuelto'

━━━━━━━━━━━━━━━━━━━━━━━━━
📍 paso vecinal 54, Col. Celaya",
132,2026-08-11 23:20:42,120363409447790752@g.us,PC-Digital,"🚨 *NUEVA ALERTA DE EMERGENCIA - PROTECCIÓN CIVIL* 🚨
━━━━━━━━━━━━━━━━━━━━━━━━━━━━

📋 *Folio:* REP-0002
⚠️ *Tipo:* ⛽ FUGA DE GAS
🔶 *Prioridad:* 🔴 ALTA
👤 *Encargado:* ⚠️ *SIN PERSONAL A CARGO (PENDIENTE)*

📍 *Ubicación:*
   costa de canistel 57
   Col. Arboledas San Ramón, Arboledas San Ramon

📝 *Descripción:*
   Se esta fugando un gas

👤 *Reportó:* Josue Jaziel Delgado Burela
📞 *Teléfono:* 2888893215
🕐 *Fecha:* 11/Aug/2026 23:20

━━━━━━━━━━━━━━━━━━━━━━━━━━━━
📌 *Estatus:* ⏳ PENDIENTE
🆔 Para actualizar bitácora:
_Bitacora REP-0002: [tu actualización]_",
132,2026-08-11 23:26:15,120363409447790752@g.us,PC-Digital,"📢 *ALERTA EN CAMINO — UNIDAD Y PERSONAL ASIGNADO* 📢
━━━━━━━━━━━━━━━━━━━━━━━━━━━━

📋 *Folio:* REP-9999
⚠️ *Tipo:* Fuga de Gas / Material Peligroso
📍 *Ubicación:* Av. Independencia #12, Col. Centro

👷 *Encargado a Cargo:* *Bombero Carlos*
🚑 *Unidad Despachada:* *✋ Aceptar Atender (REP-9999)*
⏱️ *Tiempo Estimado de Arribo:* *Unidad Rescate PC-01*

━━━━━━━━━━━━━━━━━━━━━━━━━━━━
🔄 *Estatus:* 🚑 EN CAMINO",
132,2026-08-11 23:26:17,120363409447790752@g.us,PC-Digital,"✅ *EMERGENCIA FINALIZADA Y CONCLUIDA* ✅
━━━━━━━━━━━━━━━━━━━━━━━━━━━━

📋 *Folio:* REP-9999
⚠️ *Tipo:* Fuga de Gas / Material Peligroso
📍 *Ubicación:* Av. Independencia #12, Col. Centro

👷 *Responsable a Cargo:* *Bombero Carlos*
🚑 *Unidad:* *✋ Aceptar Atender (REP-9999)*
⏱️ *Tiempo Total de Atención:* *2 min*

━━━━━━━━━━━━━━━━━━━━━━━━━━━━
📌 *Estatus Final:* ✅ RESUELTO / CONCLUIDO",
132,2026-08-11 23:26:49,120363409447790752@g.us,PC-Digital,"✅ *EMERGENCIA FINALIZADA Y CONCLUIDA* ✅
━━━━━━━━━━━━━━━━━━━━━━━━━━━━

📋 *Folio:* REP-0002
⚠️ *Tipo:* Fuga de Gas / Material Peligroso
📍 *Ubicación:* costa de canistel 57, Col. Arboledas San Ramón

👷 *Responsable a Cargo:* *Bombero Carlos*
🚑 *Unidad:* *Bombero Carlos*
⏱️ *Tiempo Total de Atención:* *6 min*

━━━━━━━━━━━━━━━━━━━━━━━━━━━━
📌 *Estatus Final:* ✅ RESUELTO / CONCLUIDO",
132,2026-08-11 23:27:05,120363409447790752@g.us,PC-Digital,"📢 *ALERTA EN CAMINO — UNIDAD Y PERSONAL ASIGNADO* 📢
━━━━━━━━━━━━━━━━━━━━━━━━━━━━

📋 *Folio:* REP-9999
⚠️ *Tipo:* Fuga de Gas / Material Peligroso
📍 *Ubicación:* Av. Independencia #12, Col. Centro

👷 *Encargado a Cargo:* *Bombero Carlos*
🚑 *Unidad Despachada:* *Unidad Rescate PC-01*
⏱️ *Tiempo Estimado de Arribo:* *10 minutos*

━━━━━━━━━━━━━━━━━━━━━━━━━━━━
🔄 *Estatus:* 🚑 EN CAMINO",
132,2026-08-11 23:27:06,120363409447790752@g.us,PC-Digital,"✅ *EMERGENCIA FINALIZADA Y CONCLUIDA* ✅
━━━━━━━━━━━━━━━━━━━━━━━━━━━━

📋 *Folio:* REP-9999
⚠️ *Tipo:* Fuga de Gas / Material Peligroso
📍 *Ubicación:* Av. Independencia #12, Col. Centro

👷 *Responsable a Cargo:* *Bombero Carlos*
🚑 *Unidad:* *Unidad Rescate PC-01*
⏱️ *Tiempo Total de Atención:* *3 min*

━━━━━━━━━━━━━━━━━━━━━━━━━━━━
📌 *Estatus Final:* ✅ RESUELTO / CONCLUIDO",
132,2026-08-11 23:28:18,120363409447790752@g.us,PC-Digital,"🚨 *NUEVA ALERTA DE EMERGENCIA - PROTECCIÓN CIVIL* 🚨
━━━━━━━━━━━━━━━━━━━━━━━━━━━━

📋 *Folio:* REP-0004
⚠️ *Tipo:* ⛽ FUGA DE GAS
🔶 *Prioridad:* 🔴 ALTA
👤 *Encargado:* ⚠️ *SIN PERSONAL A CARGO (PENDIENTE)*

📍 *Ubicación:*
   Costa de Canistel 57
   Col. Arboledas San Ramón, Arboledas San Ramon

📝 *Descripción:*
   fuga de gas

👤 *Reportó:* Josue Jaziel Delgado Burela
📞 *Teléfono:* 2888893215
🕐 *Fecha:* 11/Aug/2026 23:28

━━━━━━━━━━━━━━━━━━━━━━━━━━━━
📌 *Estatus:* ⏳ PENDIENTE
🆔 Para actualizar bitácora:
_Bitacora REP-0004: [tu actualización]_",
132,2026-08-12 00:10:18,120363409447790752@g.us,PC-Digital,"📢 *ACTUALIZACIÓN DE REPORTE*
━━━━━━━━━━━━━━━━━━━━━━━━━

📋 *Folio:* REP-0004
🔄 *Estatus:* 🚑 EN CAMINO
🚑 *Unidad:* sfadf
⏱️ *Tiempo estimado:* afasf

📝 *Cambios:*
• Cambió estatus de 'Leído / Evaluando' a 'En Camino / Atendiendo'
• Asignó unidad: 'sfadf'

━━━━━━━━━━━━━━━━━━━━━━━━━
📍 Costa de Canistel 57, Col. Arboledas San Ramón",
132,2026-08-12 00:10:24,120363409447790752@g.us,PC-Digital,"📢 *ACTUALIZACIÓN DE REPORTE*
━━━━━━━━━━━━━━━━━━━━━━━━━

📋 *Folio:* REP-0004
🔄 *Estatus:* ✅ RESUELTO
🚑 *Unidad:* sfadf
⏱️ *Tiempo estimado:* afasf

📝 *Cambios:*
• Cambió estatus de 'En Camino / Atendiendo' a 'Finalizado / Resuelto'

━━━━━━━━━━━━━━━━━━━━━━━━━
📍 Costa de Canistel 57, Col. Arboledas San Ramón",
133,2026-08-11 23:20:43,199557250064521@lid,PC-Digital,"🚨 *ALERTA OPERATIVA DIRECTA — PROTECCIÓN CIVIL* 🚨
━━━━━━━━━━━━━━━━━━━━━━━━━━━━
🛡️ *Asignación:* Guardia A

📋 *Folio:* REP-0002
⚠️ *Tipo:* ⛽ FUGA DE GAS
🔶 *Prioridad:* 🔴 ALTA
👤 *Encargado:* ⚠️ *SIN PERSONAL A CARGO (PENDIENTE)*

📍 *Ubicación:* costa de canistel 57, Col. Arboledas San Ramón, Arboledas San Ramon
📝 *Descripción:* Se esta fugando un gas
👤 *Reportó:* Josue Jaziel Delgado Burela (2888893215)
🕐 *Fecha:* 11/Aug/2026 23:20

━━━━━━━━━━━━━━━━━━━━━━━━━━━━
📌 *Responde a este mensaje o selecciona la opción del siguiente mensaje para tomar el reporte.*",
133,2026-08-11 23:20:44,199557250064521@lid,PC-Digital,"🚨 *ALERTA OPERATIVA DIRECTA — PROTECCIÓN CIVIL* 🚨
━━━━━━━━━━━━━━━━━━━━━━━━━━━━
🛡️ *Asignación:* Guardia A

📋 *Folio:* REP-0002
⚠️ *Tipo:* ⛽ FUGA DE GAS
🔶 *Prioridad:* 🔴 ALTA
👤 *Encargado:* ⚠️ *SIN PERSONAL A CARGO (PENDIENTE)*

📍 *Ubicación:* costa de canistel 57, Col. Arboledas San Ramón, Arboledas San Ramon
📝 *Descripción:* Se esta fugando un gas
👤 *Reportó:* Josue Jaziel Delgado Burela (2888893215)
🕐 *Fecha:* 11/Aug/2026 23:20

━━━━━━━━━━━━━━━━━━━━━━━━━━━━
📌 *Responde a este mensaje o selecciona la opción del siguiente mensaje para tomar el reporte.*",
133,2026-08-11 23:28:19,199557250064521@lid,PC-Digital,"🚨 *ALERTA OPERATIVA DIRECTA — PROTECCIÓN CIVIL* 🚨
━━━━━━━━━━━━━━━━━━━━━━━━━━━━
🛡️ *Asignación:* Guardia A

📋 *Folio:* REP-0004
⚠️ *Tipo:* ⛽ FUGA DE GAS
🔶 *Prioridad:* 🔴 ALTA
👤 *Encargado:* ⚠️ *SIN PERSONAL A CARGO (PENDIENTE)*

📍 *Ubicación:* Costa de Canistel 57, Col. Arboledas San Ramón, Arboledas San Ramon
📝 *Descripción:* fuga de gas
👤 *Reportó:* Josue Jaziel Delgado Burela (2888893215)
🕐 *Fecha:* 11/Aug/2026 23:28

━━━━━━━━━━━━━━━━━━━━━━━━━━━━
📌 *Responde a este mensaje o selecciona la opción del siguiente mensaje para tomar el reporte.*",
133,2026-08-11 23:28:20,199557250064521@lid,PC-Digital,"🚨 *ALERTA OPERATIVA DIRECTA — PROTECCIÓN CIVIL* 🚨
━━━━━━━━━━━━━━━━━━━━━━━━━━━━
🛡️ *Asignación:* Guardia A

📋 *Folio:* REP-0004
⚠️ *Tipo:* ⛽ FUGA DE GAS
🔶 *Prioridad:* 🔴 ALTA
👤 *Encargado:* ⚠️ *SIN PERSONAL A CARGO (PENDIENTE)*

📍 *Ubicación:* Costa de Canistel 57, Col. Arboledas San Ramón, Arboledas San Ramon
📝 *Descripción:* fuga de gas
👤 *Reportó:* Josue Jaziel Delgado Burela (2888893215)
🕐 *Fecha:* 11/Aug/2026 23:28

━━━━━━━━━━━━━━━━━━━━━━━━━━━━
📌 *Responde a este mensaje o selecciona la opción del siguiente mensaje para tomar el reporte.*",
135,2026-08-12 04:24:41,45200302932033@lid,45200302932033,Buenas noches mando ubicación del incendio en casa blanca,
135,2026-08-12 04:25:12,45200302932033@lid,Você,Gracias ahorita le mando una unidad a checar,ACDE814CD08567300E438D0E6B6125A4
135,2026-08-12 04:26:34,45200302932033@lid,Você,Me regalas tu nombre completo de favor para realizar el reporte ya va la unidad 096 al punto,
135,2026-08-12 04:27:32,45200302932033@lid,45200302932033,Gustavo Flores Mendez,
136,2026-08-12 07:00:08,214774235267138@lid,Você,Permítame,
136,2026-08-12 07:05:57,214774235267138@lid,Você,"José Javier Osorio
Propietario
Calle : Casa blanca #104
Manzana 02 #4
Solo daños materiales diversos 
Dos mascotas un felino y camino 14
Se procede a sofocar dicho incendio en su totalidad se procede a remover escombro y se dejan indicaciones verbales al propietario
Acudió unidad 072 y U 073
Y ambulancia 208
A mandó ; Luis Alfredo Merino ( bombero)",
136,2026-08-12 07:07:18,214774235267138@lid,214774235267138,GRACIAS MANDO,
136,2026-08-12 07:07:46,214774235267138@lid,Você,🙋🏻‍♀️,
136,2026-08-12 07:14:10,214774235267138@lid,214774235267138,Buen día mando ¿Acudió unidad al reporte de dolor abdominal?,
136,2026-08-12 07:14:30,214774235267138@lid,214774235267138,"*Reporte al 9-1-1 (PRELIMINAR)*
Fecha y Hora: *12/08/2026 00:16:15*
Asunto: *DOLOR ABDOMINAL/URGENCIA ABDOMINAL*
Colonia: *NUEVO  MEDELLIN*
Calle: *CEDRO 4410*
Entre calles: *JOBO*
Referencia: *CERCA   DE  LA  TIENDA*
Localidad: *NO ESPECIFICADO*
Municipio: *MEDELLIN DE BRAVO*
*Ubicación:*https://www.google.com/maps/place/19.005179109257,-96.109024114166
*Resumen de evento*",
136,2026-08-12 07:14:43,214774235267138@lid,Você,Unidad 208,
136,2026-08-12 07:15:05,214774235267138@lid,214774235267138,Gracias ¿Sabrá si ya llegaron al domicilio? 👀,
136,2026-08-12 07:16:27,214774235267138@lid,Você,En cuanto den información les confirmo datos,
136,2026-08-12 08:36:13,214774235267138@lid,214774235267138,Buenas mando ¿Tendrá novedad del dolor abdominal? 🥹,
137,2026-08-12 10:21:21,120363042493725288@g.us,128733256110143,Llaman a base para reportar casa en llamas en lagos de puente moreno en el circuito olanda norte salen las unidades 072 y 208,
137,2026-08-12 10:24:09,120363042493725288@g.us,28067678416994,https://maps.app.goo.gl/juxdmmnFedD8z58WA?g_st=aw,
137,2026-08-12 10:35:27,120363042493725288@g.us,28067678416994,"Unidad 072, 096 y 208 en el punto.",
137,2026-08-12 10:53:22,120363042493725288@g.us,128733256110143,Con esta hora keda sofocado incendio de casa en circuito olanda se procede a enfriar y ventilar la zona,AC4DA498F2580E97B3BA159A392DE040
137,2026-08-12 11:17:55,120363042493725288@g.us,28067678416994,"Jose Joaquin Contreras Estrada, 26 años. Vecino que ayudo a sofocar el fuego (se valoraron signos vitales)
Luis Angel Cazares Ramirez, 33 años. (Se valoraron signos vitales y se dieron recomendaciones)
Evelyn Ramírez Rivera, 55 años. (Se valoraron signos vitales y se le administro oxigeno suplementario por que la paciente refirió  síntomas de Disnea.)",
137,2026-08-12 11:18:14,120363042493725288@g.us,97878764691675,U-072 en llegando a base,
137,2026-08-12 11:19:08,120363042493725288@g.us,28067678416994,U-208 hace 10 a 58.,
137,2026-08-12 11:21:45,120363042493725288@g.us,28067678416994,U-208 ya en 58.,
139,2026-08-12 13:13:46,120363042493725288@g.us,170179606609930,"Enterado equipo gracias 
Buen día!",
139,2026-08-12 13:14:38,120363042493725288@g.us,128733256110143,Buen día jefe 🫡,3AD0036198300D30BAFA
139,2026-08-12 14:34:40,120363042493725288@g.us,97878764691675,"U-072 con niveles correctos de aceite de motor aceite hidráulico y liquido de frenos 
Observación:
El aceite de motor ya está muy quemado requiere el servicio",
139,2026-08-12 14:35:11,120363042493725288@g.us,170179606609930,"Mañana a las 10 am tiene que estar la 097 en
El taller par su cambio de aceite",
139,2026-08-12 14:43:16,120363042493725288@g.us,97878764691675,U-098  con niveles correctos de aceite de motor aceite hidráulico y liquido de frenos,
139,2026-08-12 14:51:01,120363042493725288@g.us,97878764691675,U-096 con niveles correctos de aceite de motor aceite hidráulico y liquido de frenos,
139,2026-08-12 14:53:14,120363042493725288@g.us,128733256110143,"Buen día estás son las novedades del día 11/08/26 PC Medellín guardia (1)

09:45 sale unidad 072 a apoyo de limpieza en el salón social de el tejar 13:30 retorna a base 

10:35 salen las unidades 073,098 y la 072 k estaba en el salón social del tejar a reporte de casa habitación en llamas en casa blanca Medellín se llega al lugar y se procede a apagar y controlar el fuego así mismo la unidad 098 procede a valorar a dos personas dueñas de la vivienda kemada k solo presentaron crisis nerviosa 13:30 retorna la 072 a base 

11:38 sale la unidad 073 del punto donde fue el incendio de casa en casa blanca a seguir con el apoyo de limpieza del salón social en el k estaba la 072 17:40 retorna a base 

13:42 sale la unidad 096 a un reporte de dos personas ahogadas en la localidad de sal si puedes con la unidad acuática inmensa para el apoyo 18:55 retorna a base del servicio de las personas ahogadas 

13:55 sale la unidad 098 a reporte de una persona inconsciente en la localidad de el guasimal se valora y se keda en el domicilio igual se dejan recomendaciones 

15:00 sale unidad 098 a apoyo de traslado programado del hospital de boca del río a domicilio en lagos de puente moreno en el circuito esmeralda 16:23 retornan a base 

15:35 sale unidad 208 a apoyo de las personas ahogadas en sal si puedes para valorar a los familiares k presentaban crisis nerviosa por el suceso

18:02 sale unidad 098 a cubrir evento de fútbol en el campo de Medellín 

20:35 sale unidad la unidad 096 a servicio de una serpiente en un domicilio en lagos de puente moreno en el circuito Brazil se procede a capturar y liberar en su avita 20:59 retorna a base 

22:28 sale unidad 096 a reporte de una kema de basura fuera de control en casa blanca Medellín se llega al lugar se hace recorrido y nose encuentra nada se procede a retornar a base 23:09 

23:03 sale la unidad 208 a apoyo de la policia estatal para checar a una persona golpeada en el tejar frente a casa insurgentes se procede a checar y valorar y no tenía nada retornan a base 23:35

23:49 sale la unidad 096 a reporte de una fuga de gas en un tanke de 20 kilos en el tejar se procede a retirar del lugar para kitar riesgos y traerlo a base 24:49 retornan a base 

24:42 sale unidad 208 a reporte de una persona con fuerte dolor de estómago en la localidad de el nuevo Medellín los robles se llega al lugar y se procede a trasladar al hospital ISSSTE para su atención 02:22 retornan a base 

04:25 salen las unidades 072,096 y 208 a un reporte de incendio de casa habitación en lagos de puente moreno en el circuito Holanda sur se llega al lugar y se procede a apagar y controlar el fuego de igual manera se procede a enfriar y ventilar las actualizaciones solo se consumió un cuarto del domicilio se checaron a dos personas con crisis nerviosa y se dejaron recomendaciones 05:25 retornan a base las unidades",
139,2026-08-12 14:53:30,120363042493725288@g.us,128733256110143,"12/08/2026
Atención población de #Veracruz.
Próximas 24-48 horas.

🔴 Ambiente caluroso al mediodía y parte de la tarde; templado a fresco por las noches y madrugadas.
🔴 Probabilidad de lluvias y tormentas eléctricas aisladas con los máximos acumulados sobre cuencas del sur. Nieblas y neblinas eventuales. 
🔴 Viento dominante del Norte, Noreste, Este y Sureste de 20 a 35 km/h en costas. Variable con rachas en las zonas de tormentas.
🔴 Olas de 0.5 a 1.0  metros cerca de costas.

👉 En los próximos días se mantiene el pronóstico de lluvias y tormentas eléctricas aisladas con los máximos acumulados sobre montañas y cuencas del sur, generalizándose hacia el fin de semana. Además, se prevé poco cambio de la temperatura máxima",
139,2026-08-12 15:32:35,120363042493725288@g.us,60314259308792,"Oswaldo romero Lara 
12/08/2026
9:30am
Debilidad, palidez
Arboledas san Ramón 
Cerrania de cellal
Tienda de abarrotes
Veracruz 
Medellín de bravo",
139,2026-08-12 15:36:57,120363042493725288@g.us,136734830530561,Unidad 096 sale a asuntos administrativos,
139,2026-08-12 15:40:46,120363042493725288@g.us,194171226824727,Se rellena galón de diesel a la bomba pipa unidad 072,
139,2026-08-12 15:47:28,120363042493725288@g.us,214482211094536,Unidad 098 en el punto,AC05D94636C9C4B48C5818004C8D378A
139,2026-08-12 16:00:23,120363042493725288@g.us,136734830530561,Odómetro entrada en 58 unidad  096,
139,2026-08-12 16:06:56,120363042493725288@g.us,223488774266954,U098 en base,
139,2026-08-12 17:33:37,120363042493725288@g.us,136734830530561,096 procede a  asuntos administrativos,
139,2026-08-12 17:35:36,120363042493725288@g.us,214482211094536,Enterado en base,
139,2026-08-12 18:51:02,120363042493725288@g.us,Você,"*Reporte al 9-1-1 (PRELIMINAR)*
Fecha y Hora: *12/08/2026 12:37:31*
Asunto: *FUGA DE GAS EN CILINDRO*
Colonia: *ARBOLEDAS DE SAN MIGUEL*
Calle: *ISLETA 42*
Entre calles: *CALZADA SAN MIGUEL Y MAGUELLES41*
Referencia: *EN LA ESQUINA LOCALES ABANDONADOS*
Localidad: *MEDELLIN DE BRAVO*
Municipio: *MEDELLIN DE BRAVO*
*Ubicación:*https://www.google.com/maps/place/19.08411,-96.1788
*Resumen de evento*
     SOLICITANTE INDICA QUE SE ESTÀ SALIENDO EL GAS DE SU TANQUE",
139,2026-08-12 18:51:30,120363042493725288@g.us,170179606609930,Que acuda la 096,3EB0826D3E4E1205C522E2
139,2026-08-12 18:52:20,120363042493725288@g.us,214482211094536,Si director sale @265639449067682 con Carlos,3A6672AB9263C8818B57
139,2026-08-12 18:57:36,120363042493725288@g.us,265639449067682,Sale u072,
139,2026-08-12 19:18:42,120363042493725288@g.us,265639449067682,En el punto,3EB0826D3E4E1205C522E2
139,2026-08-12 19:23:40,120363042493725288@g.us,265639449067682,"Cecilia Quino campos 
#41 
Arboledas San Miguel calle Isleta",
139,2026-08-12 19:27:31,120363042493725288@g.us,265639449067682,U072 retorna a base,
139,2026-08-12 19:28:01,120363042493725288@g.us,214482211094536,Enterado gracias,
139,2026-08-12 20:09:20,120363042493725288@g.us,265639449067682,U072 se dirige a cambio de baterías,
139,2026-08-12 20:09:38,120363042493725288@g.us,265639449067682,A esa ubicación,ACDF283E4E403F0BC6734811995D2298
139,2026-08-12 20:15:16,120363042493725288@g.us,214482211094536,Enterado con precaución,
139,2026-08-12 21:24:50,120363042493725288@g.us,265639449067682,Unidad 072 retorna a base,
139,2026-08-12 21:27:04,120363042493725288@g.us,216359027896444,"Sale el compañero aurelio al traslado programado los días 
Lunes, Miércoles y Viernes a las 4pm a su hemodialisis",ACE24DA6FAA698483A35EBFF14556861
139,2026-08-12 21:27:52,120363042493725288@g.us,216359027896444,Posterior a ese apoyo se le pide que atienda el reporte ciudadano :,
139,2026-08-12 21:28:20,120363042493725288@g.us,Você,+52 229 356 6449,
139,2026-08-12 21:28:20,120363042493725288@g.us,Você,Reporte a atender sr Aurelio,
139,2026-08-12 21:37:34,120363042493725288@g.us,Você,"*Reporte al 9-1-1 (PRELIMINAR)*
Fecha y Hora: *12/08/2026 13:58:18*
Asunto: *FUGA DE GAS EN CILINDRO*
Colonia: *ARBOLEDAS SAN MIGUEL*
Calle: *LIMONES 22*
Entre calles: *ISLETA Y MANANTIAL*
Referencia: *A 4 CUADRAS DEL OXXO*
Localidad: *MEDELLIN DE BRAVO*
Municipio: *MEDELLIN DE BRAVO*
*Ubicación:*https://www.google.com/maps/place/19.084705559335,-96.179195950812
*Resumen de evento*
     SOLICITANTE REMEDIOS HERNÀNDEZ ROSAS, REPORTE FUGA DE GAS, TEL. 2721998657",
139,2026-08-12 21:37:43,120363042493725288@g.us,136734830530561,Procede 096 a laguna de laurel fracc San Ramón a valorar árbol según en riesgo,
139,2026-08-12 21:39:19,120363042493725288@g.us,136734830530561,Se cancela,AC9704A0DA44C3BC4F98CCA1E9C7229A
139,2026-08-12 21:39:30,120363042493725288@g.us,136734830530561,Se procede a servicio de fuga de gas,
139,2026-08-12 21:40:01,120363042493725288@g.us,214482211094536,Enterado gracias con precaución,
139,2026-08-12 22:01:05,120363042493725288@g.us,136734830530561,En el punto,
139,2026-08-12 22:10:40,120363042493725288@g.us,136734830530561,Retornando,
139,2026-08-12 22:24:10,120363042493725288@g.us,136734830530561,Odómetro de entrada unidad 096,
139,2026-08-12 22:28:36,120363042493725288@g.us,136734830530561,Mismo odómetro procede unidad 096 a laguna de laurel a checar árbol en supuesto riesgo,AC4AB936C312764726941B18EBE142A5
139,2026-08-12 22:49:59,120363042493725288@g.us,136734830530561,"Se valora el árbol y no hay abajo riesgo alguno ya que las raíces tiene cerca de 5 años que empezó a levantar la banqueta, se solicita el apoyo de parques y jardines para poda y la liberación de cables de internet y el alumbrado publico mpal el cual comentan está funcionando",
139,2026-08-12 22:50:20,120363042493725288@g.us,136734830530561,096 retorna a 58,
139,2026-08-12 22:50:36,120363042493725288@g.us,Você,Enterado en base,
139,2026-08-12 23:01:47,120363042493725288@g.us,136734830530561,"En 58 unidad 096, odómetro de entrada",
139,2026-08-12 23:06:03,120363042493725288@g.us,Você,Enterado en base,
139,2026-08-12 23:37:39,120363042493725288@g.us,170179606609930,Para que apoyen en la comandancia,
139,2026-08-12 23:37:45,120363042493725288@g.us,170179606609930,Un detenido,
139,2026-08-12 23:37:52,120363042493725288@g.us,170179606609930,En la policía municipal,
139,2026-08-12 23:37:57,120363042493725288@g.us,214482211094536,Enterado jefe,
139,2026-08-12 23:44:24,120363042493725288@g.us,214482211094536,Unidad 098 en el punto,
139,2026-08-12 23:47:43,120363042493725288@g.us,136734830530561,Se lleva la unidad 055 de servicios operativos uno de sus tanques vacíos para una actividad,
139,2026-08-13 01:01:27,120363042493725288@g.us,170179606609930,Enterado!,
139,2026-08-13 01:08:23,120363042493725288@g.us,170179606609930,Nos ayudan a compartir compañeros por favor,
139,2026-08-13 01:08:23,120363042493725288@g.us,170179606609930,https://www.facebook.com/share/p/1EJEkxDNBB/,
139,2026-08-13 01:41:46,120363042493725288@g.us,214482211094536,Enterado en base,
139,2026-08-13 02:03:58,120363042493725288@g.us,135450517885035,"lo del tanque vacio ,si, me lo pidio .",
139,2026-08-13 02:16:03,120363042493725288@g.us,213554649145471,Unidad 098 sale a intento de autolisis en el guasimal,
139,2026-08-13 02:16:49,120363042493725288@g.us,170179606609930,Ya se canalizó a ssp,
139,2026-08-13 02:31:50,120363042493725288@g.us,214482211094536,Unidad 098 en el punto,
139,2026-08-13 02:32:02,120363042493725288@g.us,194171226824727,Enterado base,
139,2026-08-13 02:43:22,120363042493725288@g.us,170179606609930,"Sipi, va la guardia",
139,2026-08-13 02:43:39,120363042493725288@g.us,214482211094536,Gracias jefe,
139,2026-08-13 03:09:44,120363042493725288@g.us,Você,Reportan culebra en esa ubicación,
139,2026-08-13 03:13:18,120363042493725288@g.us,214482211094536,Apóyame @194171226824727 y Carlos de favor en este tema,AC83BACCE10B3F3CFA9CE57CA27D7613
139,2026-08-13 03:14:22,120363042493725288@g.us,72104464666678,Unidad 096 en base,
139,2026-08-13 03:14:51,120363042493725288@g.us,Você,Estoy aquí en esta iglesia,
139,2026-08-13 03:15:23,120363042493725288@g.us,Você,La solicitante ya la tiene capturada está esperando la unidad,
139,2026-08-13 03:27:54,120363042493725288@g.us,265639449067682,Sale unidad u096 al servicio y procede a liberarla en su hábitat natural,
139,2026-08-13 03:32:49,120363042493725288@g.us,213554649145471,"Servicios periciales 
Al mando de franco cruz Alfredo + 1",
139,2026-08-13 03:33:36,120363042493725288@g.us,214482211094536,"Mando Policía Estatal:Víctor Hugo González De Los Santos 
Con 4 más de fuerza 
Unidad sp:4248",
139,2026-08-13 03:34:03,120363042493725288@g.us,170179606609930,Sabrán el nombre del fallecido,
139,2026-08-13 03:34:06,120363042493725288@g.us,170179606609930,Edad,
139,2026-08-13 03:38:34,120363042493725288@g.us,213554649145471,Dame un momento ahora te lo mando,
139,2026-08-13 03:39:47,120363042493725288@g.us,170179606609930,Yeyo me urge tu ubicación por GPS,
139,2026-08-13 03:39:56,120363042493725288@g.us,170179606609930,En tiempo real,
139,2026-08-13 03:40:08,120363042493725288@g.us,170179606609930,Gracias!,ACA7D1954A9F7BA6AEEE2989BDBD2F2C
139,2026-08-13 03:43:13,120363042493725288@g.us,170179606609930,Enterado!,AC55F19F90F716F1D702972D34AD8FA5
139,2026-08-13 03:44:12,120363042493725288@g.us,213554649145471,"*FECHA*  12/ 08/2026
*AMBULANCIA*  U-098
*OPERADOR* José Luis Prieto
*PARAMEDICO* Jorge Luna 
*TERCERO ABORDO*
Emily Janeth 
Yaiza Hernández 
*NOMBRE DEL PACIENTE* 
Noe De Jesús González Perez
*FECHA DE NACIMIENTO:* 
23/02/2008
*DIRECCIÓN DEL SERVICIO*  
Calle Jorge Obispo Hernández Lt8 Mz4/ col. Aquiles Córdova Morán/ 94270
*TIPO DE SERVICIO* 
Urgencia 
*T/A* 
*F/C* sin signos vitales 
*F/R*  
 *Spo2*  
 *TEMPERATURA* 
*GLUC/OPCIONAL* 
*EDAD* 18 años 
*ORIGINARIO (A)* Veracruz 
*DESCRIPCIÓN DE LO OCURRIDO*
Refiere familiar que al llegar a casa lo encontraron colgado 
Si especificar 
No agrega más datos. 
*DIAGNÓSTICO* 
Pb intento de autolisis + PB suicidio+ Probable Muerte por asfixia 
*HOSPITAL  DE TRASLADO* N/a
 *RECIBE* N/a
*CÓDIGO* negro 
*OBSERVACIONES* 
El cuerpo presenta signos post mortem 
Rigor mortis 
Livideses 
Sin signos vitales 
Se calcula que el cuerpo lleve colgado aproximadamente  de hora y media a dos horas.
*ANTECEDENTES PATOLOGICOS*
Portador de VIH SIDA 
*ANTECEDENTES  NO PATOLOGICOS*
Negados 
*ALERGIAS* negadas 

 *MEDICAMENTOS* 
 Negados 
*AUTORIDAD EN EL LUGAR* Mando Policía Estatal:Víctor Hugo González De Los Santos 
Con 4 más de fuerza 
Unidad sp:4248
Servicios periciales 
Al mando de franco cruz Alfredo + 1

*SEGURO* N/a
*DESPACHA* Agente Municipal de paso del toro  Daniel peña González",
139,2026-08-13 03:45:44,120363042493725288@g.us,170179606609930,Gracias Jorge,
139,2026-08-13 03:49:42,120363042493725288@g.us,135450517885035,Daniel ya,
139,2026-08-13 03:49:52,120363042493725288@g.us,135450517885035,se reporto Yeyo.,
139,2026-08-13 03:50:02,120363042493725288@g.us,265639449067682,U096 en base,
139,2026-08-13 03:50:05,120363042493725288@g.us,170179606609930,Ya licenciado,
139,2026-08-13 03:50:09,120363042493725288@g.us,170179606609930,Ya quedó el tema,
139,2026-08-13 03:50:31,120363042493725288@g.us,135450517885035,"ok ,estoy pendiente.",
139,2026-08-13 04:01:45,120363042493725288@g.us,170179606609930,Para que acuda la unidad al punto,AC35F25BDD75DF1D6A22541090B6D869
139,2026-08-13 04:01:56,120363042493725288@g.us,170179606609930,@214482211094536,
139,2026-08-13 04:07:18,120363042493725288@g.us,170179606609930,Enterado mando se canaliza,
139,2026-08-13 04:07:25,120363042493725288@g.us,170179606609930,Ya va ssp,
139,2026-08-13 04:07:39,120363042493725288@g.us,170179606609930,Al punto @214482211094536,
139,2026-08-13 04:12:22,120363042493725288@g.us,214482211094536,Enterado sale unidad 098 para el punto,
139,2026-08-13 04:15:28,120363042493725288@g.us,170179606609930,Va la comandancia de medellin compañero,
139,2026-08-13 04:21:10,120363042493725288@g.us,194171226824727,La unidad de La sep,
139,2026-08-13 04:21:10,120363042493725288@g.us,194171226824727,4465,
139,2026-08-13 04:30:26,120363042493725288@g.us,194171226824727,Enterado base,ACC21C66032A00915914BC8281890A82
139,2026-08-13 04:43:14,120363042493725288@g.us,194171226824727,Enterado base con precaución,AC65EE47426F4C93FBC5059E10F79ED6
139,2026-08-13 05:20:44,120363042493725288@g.us,214482211094536,Unidad 098 en HG boca del río en espera de equipo,
139,2026-08-13 05:49:05,120363042493725288@g.us,72104464666678,Salida de unidad 096 retirar al mismo domicilio,
139,2026-08-13 06:00:49,120363042493725288@g.us,213554649145471,En espera de cama en el HG de boca del rio,
139,2026-08-13 06:44:16,120363042493725288@g.us,213554649145471,Unidad 098 en base,
139,2026-08-13 06:44:22,120363042493725288@g.us,213554649145471,En breve datos,
139,2026-08-13 07:13:07,120363042493725288@g.us,213554649145471,"*FECHA*  12/ 08/2026
*AMBULANCIA*  U-098
*OPERADOR* José Luis Prieto
*PARAMEDICO* Jorge Luna 
*TERCERO ABORDO*
Emily Janeth 
Yaiza Hernández 
*NOMBRE DEL PACIENTE* 
Se desconoce 
*FECHA DE NACIMIENTO:* 
Se desconoce 
*DIRECCIÓN DEL SERVICIO*  
Localidad la joya 
*TIPO DE SERVICIO* 
Urgencia 
*T/A* 100/70 
*F/C* 55
*F/R*  18
 *Spo2*  95
 *TEMPERATURA* 35.7
*GLUC/OPCIONAL* 
*EDAD* 
*ORIGINARIO (A)* 
Se desconoce 
*DESCRIPCIÓN DE LO OCURRIDO*
Se encuentra al ciudadano tirado sobre el camino según el reporte de C5  al arribo de la escena se encuentra en posición decúbito supino con Glasgow de 8 
*DIAGNÓSTICO* 
Pb intoxicación por benzodiacepinas 
*HOSPITAL  DE TRASLADO* N/a
 *RECIBE* Dr. Sánchez 
*CÓDIGO* Martillo 
*OBSERVACIONES* 
Responde a estímulo doloroso,
Fc menor a 60 
1 periodo de apnea durante el traslado 
Intervalos de 2 minutos 
Pupilas mioticas no reactivas 
*ANTECEDENTES PATOLOGICOS*
Se desconoce 
*ANTECEDENTES  NO PATOLOGICOS*
Se desconoce 
*ALERGIAS* se desconoce 

 *MEDICAMENTOS* 
 Se desconoce 
*AUTORIDAD EN EL LUGAR* 
Mando Policía Estatal :Raúl Hernández Cortes 
Con 2 más de fuerza  en la unidad 
Sp-4465
*SEGURO* N/a
*DESPACHA* Dirección de protección civil de medellín",
141,2026-08-12 15:44:13,170179606609930@lid,Você,"Dirección: Calz San Ramón, San Ramon, 94274 Fraccionamiento Arboledas San Ramón, Ver.
Teléfono: 229 955 4774",
141,2026-08-12 15:53:02,170179606609930@lid,170179606609930,Que es,3EB0DA434F25C40CE30688
141,2026-08-12 16:09:34,170179606609930@lid,Você,REQUISITOS PARAMEDICO:,
141,2026-08-12 16:09:44,170179606609930@lid,Você,CREDENCIAL ELECTOR,
141,2026-08-12 16:09:47,170179606609930@lid,Você,ACTA DE NACIMIENTO,
141,2026-08-12 16:09:49,170179606609930@lid,Você,CURP,
141,2026-08-12 16:09:54,170179606609930@lid,Você,COMPROBANTE DE DOMICILIO,
141,2026-08-12 16:10:11,170179606609930@lid,Você,CONSTANCIA DE SITUACION FISCAL ACTUALIZADA,
141,2026-08-12 16:10:43,170179606609930@lid,Você,CARATULA DE BBVA DONDE SE VEA EL NUM DE CUENTA,
141,2026-08-12 16:12:46,170179606609930@lid,Você,DOCUMENTOS QUE AVALEN SUS CERTIFICACIONES,
143,2026-08-12 17:56:43,59326483923076@lid,Você,Pc,
143,2026-08-12 18:01:59,59326483923076@lid,59326483923076,"Laguna de laurel 33
Frac. Arboledas San Ramón 

Nayvi Susana Decena González",
143,2026-08-12 18:09:23,59326483923076@lid,59326483923076,Tiene costo ?,
143,2026-08-12 18:21:19,59326483923076@lid,Você,NINGUNO DE NUESTRSO SERVICIOS TIENE COSTO,
143,2026-08-12 18:22:01,59326483923076@lid,59326483923076,Quedó pendiente de su respuesta,
143,2026-08-12 18:26:40,59326483923076@lid,Você,le voy a proporcionar el num de parques y jardines,
143,2026-08-12 18:26:57,59326483923076@lid,Você,el arbol no se observa inclinado o con pendiente de caerse,
143,2026-08-12 18:27:00,59326483923076@lid,Você,es con parques y jardines,
143,2026-08-12 18:27:20,59326483923076@lid,59326483923076,Sí está inclinado hacia la calle,3EB0BDA317EB7A25191C30
143,2026-08-12 18:28:02,59326483923076@lid,Você,2294832172,
143,2026-08-12 18:28:15,59326483923076@lid,Você,es el num del jefe de parques y jardines,
143,2026-08-12 18:43:02,59326483923076@lid,Você,me puedes compartir la ubicacion de google,
143,2026-08-12 18:43:09,59326483923076@lid,Você,para que pase ahorita un compañero a checar de rapido,
143,2026-08-12 18:47:19,59326483923076@lid,59326483923076,Acabo de salir,3EB03ABEF44C1EEE3CD316
143,2026-08-12 18:48:15,59326483923076@lid,59326483923076,Pero es en la última calle pegada a la barda de campestre a la altura del Domo entre las dos glorietas,
143,2026-08-12 18:48:48,59326483923076@lid,59326483923076,https://maps.app.goo.gl/AJ5tPqdod7DQH1Nh9?g_st=aw,
143,2026-08-12 18:49:16,59326483923076@lid,Você,oki,
143,2026-08-12 18:49:27,59326483923076@lid,59326483923076,Pero ya le mandé la ubicación,
143,2026-08-12 18:49:58,59326483923076@lid,Você,paseme su nombre por favor,
143,2026-08-12 18:50:55,59326483923076@lid,59326483923076,Nayvi Susana Decena González,
143,2026-08-12 18:53:26,59326483923076@lid,59326483923076,Quedó pendiente de su comentario,
143,2026-08-12 18:53:49,59326483923076@lid,Você,ya salio mi compañero va a una inspeccion pero me dijo que pasaria a checar lo de su arbol al paso,
143,2026-08-12 18:54:18,59326483923076@lid,59326483923076,"Muy bien, gracias",
143,2026-08-12 18:59:32,59326483923076@lid,Você,para servirle,
144,2026-08-12 18:43:28,97890944999555@lid,Você,hola buenas tardes,
144,2026-08-12 18:43:46,97890944999555@lid,Você,me comunico de proteccion civil de parte del director,
144,2026-08-12 18:44:12,97890944999555@lid,Você,me podria por favor enviar fotos del panal y la ubicación del domicilio para enviarle hoy a un compañero,
149,2026-08-12 19:59:24,132688786780236@lid,Você,ANGEL BUENAS TARDES SOY ANEL DE PC,
149,2026-08-12 19:59:30,132688786780236@lid,Você,ESTE NUM ES EL WHATSSAPP DE LA BASE,
149,2026-08-12 19:59:35,132688786780236@lid,Você,TE PASO LOS NOMBRES:,
149,2026-08-12 20:01:06,132688786780236@lid,Você,MABEL MARQUES FERRER,
149,2026-08-12 20:01:13,132688786780236@lid,Você,YAIZA LILIANA HERNANDEZ PAREDES,
149,2026-08-12 20:01:49,132688786780236@lid,Você,CARLOS ALBERTO CADENAS MEJIA,
149,2026-08-12 20:01:58,132688786780236@lid,Você,estan ahorita en esta guardia,
149,2026-08-12 20:02:17,132688786780236@lid,Você,las 2 primeras son paramedicos y el ultimo es el coordinador de pc,
149,2026-08-12 20:04:04,132688786780236@lid,132688786780236,3 personas?,
149,2026-08-12 20:04:49,132688786780236@lid,Você,hoy si,
149,2026-08-12 20:04:52,132688786780236@lid,Você,mañana hay mas,
149,2026-08-12 20:05:10,132688786780236@lid,Você,y tengo a 2 mas que quiere el lic pastor se den de alta son de la cuadrilla de pintura que tiene asignada a su cargo,
149,2026-08-12 20:06:21,132688786780236@lid,Você,tengo aqui a los 2 señores,
149,2026-08-12 20:06:27,132688786780236@lid,Você,me puedes apoyar en darlos de alta???,
149,2026-08-12 20:06:32,132688786780236@lid,Você,TERESO RAMON MORA,
149,2026-08-12 20:06:38,132688786780236@lid,Você,HECTOR OLVERA OCHOA,
149,2026-08-12 20:06:48,132688786780236@lid,Você,Su horario de entrada es de 7 am a 2 pm,
149,2026-08-12 20:07:49,132688786780236@lid,132688786780236,Oks,
149,2026-08-12 20:09:34,132688786780236@lid,Você,me avisas para que esten en la pantalla,
149,2026-08-12 20:12:05,132688786780236@lid,132688786780236,Pon el primero y dime quién es,
149,2026-08-12 20:12:18,132688786780236@lid,Você,hector,
149,2026-08-12 20:12:20,132688786780236@lid,132688786780236,Porfa,
149,2026-08-12 20:12:44,132688786780236@lid,Você,ya esta ahi,
149,2026-08-12 20:14:08,132688786780236@lid,132688786780236,Se puede acercar más,
149,2026-08-12 20:14:34,132688786780236@lid,Você,Ya,
149,2026-08-12 20:17:55,132688786780236@lid,132688786780236,Ya puedes mandar a los de pc,
149,2026-08-12 20:18:00,132688786780236@lid,132688786780236,Porfa,
149,2026-08-12 20:20:00,132688786780236@lid,132688786780236,Me avisas,
149,2026-08-12 20:20:05,132688786780236@lid,Você,Va Mabel primero,
149,2026-08-12 20:21:32,132688786780236@lid,Você,Ya está ahi,
149,2026-08-12 20:24:18,132688786780236@lid,132688786780236,El que sigue,
149,2026-08-12 20:25:01,132688786780236@lid,Você,Va Yaiza,
149,2026-08-12 20:26:09,132688786780236@lid,132688786780236,Ella que es?,AC38965C044863026B70FE0FB261F3D3
149,2026-08-12 20:26:13,132688786780236@lid,Você,Paramédico,
149,2026-08-12 20:26:33,132688786780236@lid,132688786780236,Que se acerque más,
149,2026-08-12 20:27:35,132688786780236@lid,132688786780236,La que sigue,
149,2026-08-12 20:27:50,132688786780236@lid,Você,"Tengo también a:
CARLOS ALBERTO PEÑA PEREZ",
149,2026-08-12 20:27:55,132688786780236@lid,Você,es operador,
149,2026-08-12 20:28:49,132688786780236@lid,Você,Ya está ahi,
149,2026-08-12 20:29:06,132688786780236@lid,132688786780236,Es nuevo también?,
149,2026-08-12 20:29:37,132688786780236@lid,132688786780236,Ya quedó,
149,2026-08-12 20:30:51,132688786780236@lid,132688786780236,Ok luego me la mandas a Palácio a dejar un oficio o tomarme la presión jaja,AC26C39651B3044FF0912E9926205D2B
149,2026-08-12 20:31:10,132688786780236@lid,Você,Jajajaja,
149,2026-08-12 20:31:17,132688786780236@lid,132688786780236,Falta uno?,
149,2026-08-12 20:31:24,132688786780236@lid,Você,No está ahorita,
149,2026-08-12 20:31:32,132688786780236@lid,Você,Está en campo,
149,2026-08-12 20:32:45,132688786780236@lid,132688786780236,Oks,
151,2026-08-12 20:22:57,214774235267138@lid,214774235267138,"*Reporte al 9-1-1 (PRELIMINAR)*
Fecha y Hora: *12/08/2026 13:58:18*
Asunto: *FUGA DE GAS EN CILINDRO*
Colonia: *ARBOLEDAS SAN MIGUEL*
Calle: *LIMONES 22*
Entre calles: *ISLETA Y MANANTIAL*
Referencia: *A 4 CUADRAS DEL OXXO*
Localidad: *MEDELLIN DE BRAVO*
Municipio: *MEDELLIN DE BRAVO*
*Ubicación:*https://www.google.com/maps/place/19.084705559335,-96.179195950812
*Resumen de evento*
     SOLICITANTE REMEDIOS HERNÀNDEZ ROSAS, REPORTE FUGA DE GAS, TEL. 2721998657",
151,2026-08-12 20:32:25,214774235267138@lid,Você,Muchas gracias,
151,2026-08-12 20:32:45,214774235267138@lid,Você,En cuanto tenga la unidad se va a atender el servicio,
152,2026-08-12 20:45:52,97890944999555@lid,97890944999555,"Hay dos colmenas más aparte de estás, están en as ramas de un árbol de mango",
152,2026-08-12 21:05:38,97890944999555@lid,Você,Oki ahorita le comparto el dato al sr Aurelio para que el vaya a atender su petición,
152,2026-08-12 21:15:15,97890944999555@lid,97890944999555,"Gracias , ya vino hace días a ver! Le agradesco",
153,2026-08-12 20:54:19,136734830530561@lid,Você,"Hay dos colmenas más aparte de estás, están en as ramas de un árbol de mango",
153,2026-08-12 21:33:58,136734830530561@lid,Você,Pendientes don Yeyo,
153,2026-08-12 21:34:18,136734830530561@lid,Você,El que aparece en verde lo atendieron particular porque nunca fueron,
153,2026-08-12 21:35:28,136734830530561@lid,136734830530561,Procede 096 a laguna de laurel fracc San Ramón a valorar árbol según en riesgo,
155,2026-08-12 21:30:25,233453719150672@lid,Você,2295319835,
155,2026-08-12 21:31:03,233453719150672@lid,Você,8677424033,
155,2026-08-12 21:32:00,233453719150672@lid,Você,2291530018,
155,2026-08-12 21:32:40,233453719150672@lid,Você,6642367739,
155,2026-08-12 21:44:52,233453719150672@lid,Você,2291530078,
157,2026-08-12 21:32:08,216367701717209@lid,Você,Buenas tardes soy de PC medellin,
157,2026-08-12 21:32:18,216367701717209@lid,Você,Usted hizo un reporte de abejas?,
157,2026-08-12 21:41:24,216367701717209@lid,216367701717209,"Buenas tardes, no fui yo",
159,2026-08-12 21:49:11,61890596237436@lid,Você,me compartes aqui por favor el tema pndiente de las abejas,
159,2026-08-12 21:49:19,61890596237436@lid,Você,"ubicacion, foto y contacto",
159,2026-08-12 22:32:35,61890596237436@lid,61890596237436,"Ahí está, me dice Noemí que las abejas estan dentro de esa malesa",
159,2026-08-12 22:34:46,61890596237436@lid,61890596237436,En ese lote baldío,
159,2026-08-12 22:34:50,61890596237436@lid,Você,oki,
161,2026-08-13 00:24:00,152677497479338@lid,152677497479338,Perdón buenas tardes no estoy en casa sali muy temprano,
161,2026-08-13 00:24:56,152677497479338@lid,Você,Aque hrs se encuentra para que el personal llegue,
161,2026-08-13 00:25:39,152677497479338@lid,152677497479338,De hecho la señora donde está el enjambre o no sé si esté todavía porque no estoy en casa está ahí en su casa ella la afectada,
161,2026-08-13 00:26:34,152677497479338@lid,152677497479338,Está es la casa,
161,2026-08-13 00:27:11,152677497479338@lid,Você,No tendrá la ubicación,
161,2026-08-13 00:27:41,152677497479338@lid,152677497479338,Perame,
161,2026-08-13 00:28:35,152677497479338@lid,Você,Ok gracias,
161,2026-08-13 00:28:46,152677497479338@lid,152677497479338,De nada,
164,2026-08-13 03:08:51,196641218945199@lid,Você,Me puede pasar su ubicación,
164,2026-08-13 03:10:17,196641218945199@lid,196641218945199,Estoy aquí en esta iglesia,
164,2026-08-13 03:10:35,196641218945199@lid,Você,Ya va a salir la unidad,
165,2026-08-13 10:33:22,214774235267138@lid,214774235267138,"*Reporte al 9-1-1 (PRELIMINAR)*
Fecha y Hora: *13/08/2026 04:26:29*
Asunto: *URGENCIA POR ENFERMEDAD GENERAL*
Colonia: *LAGOS DE PUENTE MORENO*
Calle: *AGATA NORTE 21506*
Entre calles: *PASEO LAS JOYAS*
Referencia: *FRENTE A PARQUE*
Localidad: *MEDELLIN DE BRAVO*
Municipio: *MEDELLIN DE BRAVO*
*Ubicación:*https://www.google.com/maps/place/19.09924,-96.1609
*Resumen de evento*",
165,2026-08-13 10:33:52,214774235267138@lid,Você,11,
165,2026-08-13 11:35:35,214774235267138@lid,214774235267138,mando tendra la novedad de este reporte,3EB0C923E752F20887F4D2
166,2026-08-13 10:37:33,120363042493725288@g.us,Você,"*Reporte al 9-1-1 (PRELIMINAR)*
Fecha y Hora: *13/08/2026 04:26:29*
Asunto: *URGENCIA POR ENFERMEDAD GENERAL*
Colonia: *LAGOS DE PUENTE MORENO*
Calle: *AGATA NORTE 21506*
Entre calles: *PASEO LAS JOYAS*
Referencia: *FRENTE A PARQUE*
Localidad: *MEDELLIN DE BRAVO*
Municipio: *MEDELLIN DE BRAVO*
*Ubicación:*https://www.google.com/maps/place/19.09924,-96.1609
*Resumen de evento*",
166,2026-08-13 10:45:59,120363042493725288@g.us,223488774266954,U208 sale al punto,
166,2026-08-13 11:08:00,120363042493725288@g.us,223488774266954,U208 se dirige a HRBR,
166,2026-08-13 11:33:08,120363042493725288@g.us,223488774266954,U208 en Hospital Regional de Boca del 5,
166,2026-08-13 12:00:56,120363042493725288@g.us,223488774266954,U208 se dirige a base,
166,2026-08-13 12:12:46,120363042493725288@g.us,223488774266954,U208 en base.,
166,2026-08-13 12:37:51,120363042493725288@g.us,223488774266954,"*FECHA*  13/ 08/2026.
*AMBULANCIA*  U-208.
*OPERADOR* Luis Alberto Rivera.
*PARAMEDICO* Mabel Márquez Ferrer.
*TERCERO ABORDO*
N/A.
*DIRECCIÓN DEL SERVICIO*  Ágata oeste, fraccionamiento Lagos de Puente Moreno.
*TIPO DE SERVICIO* 
Urgencia.
*NOMBRE DEL PACIENTE* 
Héctor Velázquez Moreno.
*T/A* 140/120 mm/Hg
*F/C* 133 x'
*F/R*  16 x' 
 *Spo2*  98%
 *TEMPERATURA* 39.3 °C
*GLUC/OPCIONAL* -
*EDAD* 43 años.
*Glasgow* 15.
*ORIGINARIO ( A)* Veracruz. 
*DESCRIPCIÓN DE LO OCURRIDO* Paciente  masculino presenta escalofríos, dolor en el pecho, dificultad para respirar, mucosa oral seca. Se le valoran signos vitales y se le administra oxígeno a 6 Lt x min. 
*DIAGNÓSTICO* probable sx febril con dificultad para respirar.
*HOSPITAL  DE TRASLADO* Hospital Regional Boca del Río.
 *RECIBE* Médico de consulta.
*CÓDIGO* Amarillo.
*OBSERVACIONES* 
Px consciente, orientado en sus cuatro esferas, cooperador, temperatura de 39.3 °C, mucosa oral seca, con dificultad para respirar y dolor en el pecho.

*ANTECEDENTES PATOLOGICOS*
*Infección de vías respiratorias superiores (en tratamiento).
Hipertensión arterial (en tratamiento).
*ANTECEDENTES  NO PATOLOGICOS*
Negados.

*ALERGIAS* 
Negadas.

 *MEDICAMENTOS* 
 De control para la hipertensión.

*AUTORIDAD EN EL LUGAR*   -
*SEGURO*  -
*DESPACHA* Dirección de protección civil.",
166,2026-08-13 13:14:16,120363042493725288@g.us,170179606609930,https://maps.apple/p/~gsjsEIb90Enqb,
166,2026-08-13 13:14:16,120363042493725288@g.us,170179606609930,Inicia a las 9:00,
166,2026-08-13 13:14:16,120363042493725288@g.us,170179606609930,Amigo el curso es en la casa museo Salvador Díaz Miron 9:00,
166,2026-08-13 13:14:28,120363042493725288@g.us,170179606609930,Buen día disculpen la hora,
166,2026-08-13 13:15:37,120363042493725288@g.us,170179606609930,En un momentos nos vamos desayunen cámbiense y nos vamos en 1 hora,
166,2026-08-13 13:30:30,120363042493725288@g.us,72104464666678,Sale unidad 096 a recojer al DIF,
166,2026-08-13 13:30:52,120363042493725288@g.us,170179606609930,Enterado gracias,ACA0D3483016BEF51F54DB6F191BF41A
166,2026-08-13 13:30:55,120363042493725288@g.us,170179606609930,Buen día,
166,2026-08-13 14:18:34,120363042493725288@g.us,Você,Reportan caída de persona de un autobús en el 2 Oxxo de el tejar,
166,2026-08-13 14:21:03,120363042493725288@g.us,214482211094536,Número de el reportante,
166,2026-08-13 14:22:52,120363042493725288@g.us,170179606609930,Y la 096,
166,2026-08-13 14:23:05,120363042493725288@g.us,170179606609930,Buen día !,
166,2026-08-13 14:23:17,120363042493725288@g.us,214482211094536,Ahí va,
166,2026-08-13 14:23:30,120363042493725288@g.us,213554649145471,Sale la 098,ACFD29DB0109945BA810E6CDE8D80255
166,2026-08-13 14:29:17,120363042493725288@g.us,213554649145471,Unidad 098 en el punto,ACFD29DB0109945BA810E6CDE8D80255
166,2026-08-13 14:34:21,120363042493725288@g.us,Você,"C5 reporta fuga de gas en Circuito esturion Sur 33 esturion norte referencia frente a farmacia similares y un gym 
2291033828",
166,2026-08-13 14:39:31,120363042493725288@g.us,72104464666678,Unidad 096,
166,2026-08-13 14:39:49,120363042493725288@g.us,194171226824727,Sale la unidad,AC58AF25B59F3F8CBE5E14F9A0899FFA
166,2026-08-13 15:11:53,120363042493725288@g.us,214482211094536,Unidad 098 en HG boca del río en espera de equipo,
166,2026-08-13 15:13:01,120363042493725288@g.us,194171226824727,Unidad 096 en el punto,ACB7EB543DFB63061867A632E8799128
166,2026-08-13 15:39:23,120363042493725288@g.us,60314259308792,Se recibe U-208 sin novedad,
166,2026-08-13 15:45:06,120363042493725288@g.us,194171226824727,Se retira tanque estesenario circuito esturión sur 33 unidad 096 retorna a base,AC9567E43C0D46CC37AC46CE66872F59
166,2026-08-13 15:46:14,120363042493725288@g.us,194171226824727,Unidad 096 procedemos a cargar combustible ⛽  nada más tenemos un cuarto de combustible ⛽,
166,2026-08-13 15:53:05,120363042493725288@g.us,128733256110143,En curso de sistema de comando de incidentes en el municipio de Veracruz,
166,2026-08-13 15:53:30,120363042493725288@g.us,28067678416994,Enterada en base.,AC176FCA54F07A947CD6829FBE793273
166,2026-08-13 16:15:08,120363042493725288@g.us,136734830530561,"Excelente, Mucha atención y sean participativos.",AC423B7051B1A6746023D9AFA7841332
166,2026-08-13 16:17:26,120363042493725288@g.us,216359027896444,Éxito chic@s!!!,
166,2026-08-13 16:40:43,120363042493725288@g.us,213554649145471,"*FECHA*  13/ 08/2026
*AMBULANCIA*  U-098
*OPERADOR* José Luis Prieto
*PARAMEDICO* Jorge Luna 
*TERCERO ABORDO*
Emily Janeth 
Yaiza Hernández 
*NOMBRE DEL PACIENTE* 
Mauricio Martinez Mijango
*FECHA DE NACIMIENTO:* 
16 de abril 1984
*DIRECCIÓN DEL SERVICIO*  
Av independencia
Col el tejar 
Medellín De Bravo 
Referencia: frente al Oxxo 
*TIPO DE SERVICIO* 
Urgencia 
*T/A* 110/70
*F/C* 64
*F/R*  18
 *Spo2*  96
 *TEMPERATURA* 36.7
*GLUC/OPCIONAL* 
*EDAD* 42 años 
*ORIGINARIO (A)* 
Veracruz 
*DESCRIPCIÓN DE LO OCURRIDO*
Refiere el ciudadano que al tomar la ruta, el chófer aceleró bruscamente lo que generó que pasara mal y se desplazara su rodilla hacia atrás.

*DIAGNÓSTICO* 
Pb esguince de segundo o tercer grado.
Pb ruptura de ligamento cruzado anterior 

*HOSPITAL  DE TRASLADO* Hospital General De Boca Del Río.
 *RECIBE*  Dr. malpica 
*CÓDIGO* verde 
*OBSERVACIONES* 
Limitación de la movilidad, edema. 

*ANTECEDENTES PATOLOGICOS*
Rubtura de tendon Rotuliano 
+ Cerclanje oseo 
Hace 8 años aproximadamente.
*ANTECEDENTES  NO PATOLOGICOS*
Negados 
*ALERGIAS* Negados 

 *MEDICAMENTOS* 
 Ketorolaco 
Aproximadamente hace 10 minutos 
*AUTORIDAD EN EL LUGAR* 
Negados 
*SEGURO* N/a
*DESPACHA* Dirección de protección civil de medellín",
166,2026-08-13 16:43:02,120363042493725288@g.us,60314259308792,"Se recibe U-098 a Jorge y Yaiza, sin novedad",
166,2026-08-13 16:50:10,120363042493725288@g.us,170179606609930,https://maps.app.goo.gl/j3LYm6EA26WfVxjj6?g_st=aw,
166,2026-08-13 16:50:10,120363042493725288@g.us,170179606609930,Buenos oiga necesitamos de ayuda porque se reventó un cable de luz y está bajito y peligran los niños ya se habló a comicion  y no han venido a componer   necesitamos que ustedes vengan a ver,
166,2026-08-13 16:50:27,120363042493725288@g.us,170179606609930,En la moto,
166,2026-08-13 16:53:53,120363042493725288@g.us,136734830530561,18 se procede,
166,2026-08-13 17:24:41,120363042493725288@g.us,194171226824727,Sale la unidad 096 por reporte cables tirados en esa ubicación,3A72576CAB1C23826320
166,2026-08-13 17:26:01,120363042493725288@g.us,136734830530561,Enterado con precaución,
166,2026-08-13 17:47:25,120363042493725288@g.us,194171226824727,Unidad 096 en el punto,
166,2026-08-13 17:49:42,120363042493725288@g.us,136734830530561,18 unidad 096,
166,2026-08-13 18:06:41,120363042493725288@g.us,194171226824727,Unidad 096 retorna a base,
166,2026-08-13 18:15:41,120363042493725288@g.us,136734830530561,18 unidad 096,
166,2026-08-13 18:16:25,120363042493725288@g.us,170179606609930,Para conocimiento ahorita que se traslade la 096 hacer una inspección del inmueble que sufrió afectación por incendio en casa habitación,
166,2026-08-13 18:19:15,120363042493725288@g.us,136734830530561,18,
166,2026-08-13 18:27:04,120363042493725288@g.us,170179606609930,"Hola buenas tardes,Soy Alejandra velez gonzalez,del circuito ECUADOR SUR #45628-5",
166,2026-08-13 18:36:28,120363042493725288@g.us,170179606609930,Que vaya yeyo,
166,2026-08-13 18:36:33,120363042493725288@g.us,170179606609930,A dejar la 097,
166,2026-08-13 18:36:38,120363042493725288@g.us,170179606609930,A esta ubicación,
166,2026-08-13 18:42:19,120363042493725288@g.us,136734830530561,Bajando equipo de la 4,
166,2026-08-13 18:45:12,120363042493725288@g.us,170179606609930,Enterado!(,ACDEDBBC5076ADBA4A27847F6745E2DA
166,2026-08-13 19:28:02,120363042493725288@g.us,170179606609930,Que vaya la 096 a checar esto,3A33BC316AA5107234A4
166,2026-08-13 19:28:09,120363042493725288@g.us,170179606609930,Piwi y Carlos Alberto,
166,2026-08-13 19:54:26,120363042493725288@g.us,194171226824727,Sale la unidad 096,3A24AEA52E2B758A4AAC
166,2026-08-13 19:55:19,120363042493725288@g.us,136734830530561,"Ya se realizó contacto vía celular con la propietaria llega en 5 minutos al 19 siniestrado, unidad 096",AC938E48F85BC3042750F92981A32BC5
166,2026-08-13 19:55:23,120363042493725288@g.us,170179606609930,Como vamos chavos @128733256110143,
166,2026-08-13 19:55:52,120363042493725288@g.us,170179606609930,Mañana alas 8 am llevar la pipa para los tornillos y cambios de birlos a la gloria @265639449067682,
166,2026-08-13 19:55:55,120363042493725288@g.us,170179606609930,Te encargo eso,
166,2026-08-13 20:02:02,120363042493725288@g.us,136734830530561,Procediendo 097 al taller,AC66335C5E13AE7534926852E10714CA
166,2026-08-13 20:02:41,120363042493725288@g.us,128733256110143,Todo bien jefe ya terminamos el primer tiempo en una hora empieza el segundo,3AEC30DDD6E7C0E39324
166,2026-08-13 20:07:24,120363042493725288@g.us,194171226824727,Unidad en el punto,AC938E48F85BC3042750F92981A32BC5
166,2026-08-13 21:29:04,120363042493725288@g.us,194171226824727,Unidad 096 procedemos a buscar al compañero Yeyo,ACD58ED9F184EC7003623A9456A603D1
166,2026-08-13 21:42:02,120363042493725288@g.us,194171226824727,Unidad 096 llegando,
166,2026-08-13 21:42:52,120363042493725288@g.us,194171226824727,En el punto,3A11CC4505AA0DF20FA5
166,2026-08-13 21:56:26,120363042493725288@g.us,194171226824727,Unidad retorna a base con el compañero Yeyo,
166,2026-08-13 21:58:52,120363042493725288@g.us,216359027896444,Favor de atender ahorita este 👉 reporte de abejas con la agente Municipal @71803431043257,
166,2026-08-13 22:00:42,120363042493725288@g.us,216359027896444,Delia Tadeo,
166,2026-08-13 22:00:42,120363042493725288@g.us,216359027896444,+52 229 160 0062,
166,2026-08-13 22:08:46,120363042493725288@g.us,170179606609930,https://www.facebook.com/share/14iXSZFq9eb/?mibextid=wwXIfr,
166,2026-08-13 22:15:49,120363042493725288@g.us,194171226824727,En base la unidad 096,
166,2026-08-13 22:28:17,120363042493725288@g.us,194171226824727,Sale la unidad 096,
166,2026-08-13 22:37:47,120363042493725288@g.us,136734830530561,Limpieza general área de atención u-208,
166,2026-08-13 23:01:48,120363042493725288@g.us,194171226824727,Unidad 096 en base,
166,2026-08-13 23:05:44,120363042493725288@g.us,72104464666678,Unidad 096 en base,
166,2026-08-13 23:05:45,120363042493725288@g.us,72104464666678,De regreso en base,
166,2026-08-13 23:07:28,120363042493725288@g.us,72104464666678,Unidad 096 en base,
166,2026-08-13 23:29:42,120363042493725288@g.us,136734830530561,"Llave nueva de la 208, cuidarla por favor",
167,2026-08-13 14:19:12,214774235267138@lid,Você,"*FECHA*  13/ 08/2026.
*AMBULANCIA*  U-208.
*OPERADOR* Luis Alberto Rivera.
*PARAMEDICO* Mabel Márquez Ferrer.
*TERCERO ABORDO*
N/A.
*DIRECCIÓN DEL SERVICIO*  Ágata oeste, fraccionamiento Lagos de Puente Moreno.
*TIPO DE SERVICIO* 
Urgencia.
*NOMBRE DEL PACIENTE* 
Héctor Velázquez Moreno.
*T/A* 140/120 mm/Hg
*F/C* 133 x'
*F/R*  16 x' 
 *Spo2*  98%
 *TEMPERATURA* 39.3 °C
*GLUC/OPCIONAL* -
*EDAD* 43 años.
*Glasgow* 15.
*ORIGINARIO ( A)* Veracruz. 
*DESCRIPCIÓN DE LO OCURRIDO* Paciente  masculino presenta escalofríos, dolor en el pecho, dificultad para respirar, mucosa oral seca. Se le valoran signos vitales y se le administra oxígeno a 6 Lt x min. 
*DIAGNÓSTICO* probable sx febril con dificultad para respirar.
*HOSPITAL  DE TRASLADO* Hospital Regional Boca del Río.
 *RECIBE* Médico de consulta.
*CÓDIGO* Amarillo.
*OBSERVACIONES* 
Px consciente, orientado en sus cuatro esferas, cooperador, temperatura de 39.3 °C, mucosa oral seca, con dificultad para respirar y dolor en el pecho.

*ANTECEDENTES PATOLOGICOS*
*Infección de vías respiratorias superiores (en tratamiento).
Hipertensión arterial (en tratamiento).
*ANTECEDENTES  NO PATOLOGICOS*
Negados.

*ALERGIAS* 
Negadas.

 *MEDICAMENTOS* 
 De control para la hipertensión.

*AUTORIDAD EN EL LUGAR*   -
*SEGURO*  -
*DESPACHA* Dirección de protección civil.",
167,2026-08-13 14:32:58,214774235267138@lid,Você,Que tenemos mando,
167,2026-08-13 14:35:38,214774235267138@lid,Você,Alguna fuga,
167,2026-08-13 15:04:51,214774235267138@lid,214774235267138,"*Reporte al 9-1-1 (PRELIMINAR)*
Fecha y Hora: *13/08/2026 08:26:01*
Asunto: *FUGA DE GAS EN CILINDRO*
Colonia: *PUENTE MORENO*
Calle: *CTO ESTURION SUR 33*
Entre calles: *ESTURION NORTE Y OESTE*
Referencia: *FRENTE A FARMACIA SIMILIARES Y GYM*
Localidad: *MEDELLIN DE BRAVO*
Municipio: *MEDELLIN DE BRAVO*
*Ubicación:*https://www.google.com/maps/place/19.106427719778,-96.15531098262
*Resumen de evento*
     ANDRES RODRIGUEZ CEL: 2291033828",
167,2026-08-13 15:05:21,214774235267138@lid,214774235267138,"PERDON MANDO, SI UNA FUGA DE EN SU CILINDRO DE GAS DE 30 KG, SE SALE DE LA VÁLVULA",
167,2026-08-13 16:10:44,214774235267138@lid,Você,Bdias aqui anel,
167,2026-08-13 16:19:26,214774235267138@lid,214774235267138,si digame comando,
167,2026-08-13 16:20:00,214774235267138@lid,Você,fue atendido el servicio en la 096 al mando de ARturo Muñoz,
169,2026-08-13 16:40:10,281045681348749@lid,281045681348749,Buen diq,
169,2026-08-13 16:40:24,281045681348749@lid,281045681348749,Para reporta un panal de avispas para que lo quiten porfavor,
169,2026-08-13 16:46:20,281045681348749@lid,Você,con quien tengo el gusto??,
169,2026-08-13 16:46:59,281045681348749@lid,Você,me puede por favor enviar la ubicacion del domicilio,
169,2026-08-13 16:54:49,281045681348749@lid,281045681348749,Laguna de laurel #37,
169,2026-08-13 16:55:04,281045681348749@lid,281045681348749,Entre viveros de san isidro y jardines de bartolome,
169,2026-08-13 16:55:42,281045681348749@lid,281045681348749,Es un árbol de almendro,
169,2026-08-13 16:55:48,281045681348749@lid,281045681348749,Está en una hoja,
169,2026-08-13 16:56:46,281045681348749@lid,281045681348749,Si está bien,
170,2026-08-13 17:59:57,100880678424597@lid,100880678424597,Buenos días está es la ubicación donde está un panal de abejas,
170,2026-08-13 18:00:27,100880678424597@lid,100880678424597,Mi nombre es María Elga Nelson Cisneros,
170,2026-08-13 18:00:31,100880678424597@lid,Você,Su nombre por favor,
170,2026-08-13 18:00:49,100880678424597@lid,100880678424597,Gracias por su atención,
171,2026-08-13 18:41:28,44135453069479@lid,Você,"Hola muy buenas tarde, disculpe ya atendieron su reporte?",
171,2026-08-13 18:41:39,44135453069479@lid,Você,Estamos dando seguimiento,
171,2026-08-13 18:45:12,44135453069479@lid,44135453069479,Ya muchas gracias,
172,2026-08-13 19:30:40,170179606609930@lid,Você,FRANCISCO LARA FERNANDEZ,
172,2026-08-13 19:30:46,170179606609930@lid,Você,LUIS ALBERTO RIVERA VIQUE,
172,2026-08-13 19:30:52,170179606609930@lid,Você,LUZ ELENA HERNANDEZ RAVELO,
172,2026-08-13 19:30:58,170179606609930@lid,Você,ANGEL GABRIEL PUGA SALGADO,
172,2026-08-13 19:31:06,170179606609930@lid,Você,MIGUEL MARTINEZ HERNANDEZ,
172,2026-08-13 19:31:12,170179606609930@lid,Você,LUIS ALFREDO MERINO ZALETAS,
172,2026-08-13 19:31:22,170179606609930@lid,Você,LUIS GIOVANNI RODRIGUEZ GONZALEZ,
172,2026-08-13 19:31:44,170179606609930@lid,170179606609930,Sabes por qué no fue Emi,
173,2026-08-13 19:31:34,216359027896444@lid,Você,LUZ ELENA HERNANDEZ RAVELO,
173,2026-08-13 19:31:34,216359027896444@lid,Você,LUIS ALBERTO RIVERA VIQUE,
173,2026-08-13 19:31:34,216359027896444@lid,Você,FRANCISCO LARA FERNANDEZ,
173,2026-08-13 19:31:35,216359027896444@lid,Você,LUIS GIOVANNI RODRIGUEZ GONZALEZ,
173,2026-08-13 19:31:35,216359027896444@lid,Você,LUIS ALFREDO MERINO ZALETAS,
173,2026-08-13 19:31:35,216359027896444@lid,Você,MIGUEL MARTINEZ HERNANDEZ,
173,2026-08-13 19:31:35,216359027896444@lid,Você,ANGEL GABRIEL PUGA SALGADO,
174,2026-08-13 20:18:43,59326483923076@lid,59326483923076,Una pregunta,
174,2026-08-13 20:20:02,59326483923076@lid,59326483923076,"Ayer, la persona que pasó a revisar el árbol que reporté me comentó que pasaría el informe a parques y jardines. Solo quiero saber si esto es correcto o tengo que hablar yo",
174,2026-08-13 20:28:27,59326483923076@lid,Você,hable usted por favor,
174,2026-08-13 20:39:07,59326483923076@lid,59326483923076,Ok gracias,
174,2026-08-13 20:40:26,59326483923076@lid,Você,sino le atienden me vuelve a decir por favor,
174,2026-08-13 20:40:55,59326483923076@lid,59326483923076,Una disculpa,
174,2026-08-13 20:41:01,59326483923076@lid,59326483923076,Me puede proporcionar el número,
174,2026-08-13 20:41:12,59326483923076@lid,Você,...,3EB081FCBCB1E84D38AF50
175,2026-08-13 21:08:51,7860478058677@lid,Você,Hola muy buenas tardes,
175,2026-08-13 21:09:44,7860478058677@lid,Você,Realizó un reporte de abejas,
175,2026-08-13 21:09:52,7860478058677@lid,Você,Es para darle seguimiento,
175,2026-08-13 21:10:02,7860478058677@lid,7860478058677,Sii,
175,2026-08-13 21:10:12,7860478058677@lid,Você,Me proporciona por favor su nombre,
175,2026-08-13 21:14:02,7860478058677@lid,7860478058677,Maria concepción,
175,2026-08-13 21:14:13,7860478058677@lid,7860478058677,Agente municipal.playa de vacas,
175,2026-08-13 21:22:28,7860478058677@lid,Você,hola conchita soy anel,
175,2026-08-13 21:22:35,7860478058677@lid,Você,este es el num de la base,
175,2026-08-13 21:22:42,7860478058677@lid,Você,ya quedo agendada tu visita para hoyy,
175,2026-08-13 21:22:51,7860478058677@lid,Você,el sr aurelio va como a las 5 porque fue al taller,
176,2026-08-14 01:05:23,120363042493725288@g.us,170179606609930,Reportan incendio,
176,2026-08-14 01:13:43,120363042493725288@g.us,136734830530561,Salgan breve no les vaya a ganar,
176,2026-08-14 01:14:00,120363042493725288@g.us,97878764691675,Enterado u-096 sale al reporte,ACE8166A58DDF85C220643E8BC8FB595
176,2026-08-14 01:14:27,120363042493725288@g.us,170179606609930,Les recuerdo el odometro,
176,2026-08-14 01:15:46,120363042493725288@g.us,128733256110143,Con precaución manden el odómetro,AC1532C5E0F6C08EDD3BD0512D25AD7D
176,2026-08-14 01:58:22,120363042493725288@g.us,97878764691675,U-096 llegando a base,
176,2026-08-14 02:07:23,120363042493725288@g.us,97878764691675,Con esta hora se termina de sofocar el pastisal quedando apagado en su totalidad nos regresamos a base,
176,2026-08-14 02:18:35,120363042493725288@g.us,71803431043257,Odometro de la u096,
176,2026-08-14 02:52:12,120363042493725288@g.us,71803431043257,Se atiende un enjambre en pado de los arrieros,
176,2026-08-14 03:29:36,120363042493725288@g.us,71803431043257,Nos recibe. Quien dijo llamarse gabriel rodriguez cruz  sr retira un enjambre  de abejas,
176,2026-08-14 03:32:13,120363042493725288@g.us,128733256110143,Enterado en base,AC12EF37139D1604EDC4BF7CD7FDB146
176,2026-08-14 03:48:17,120363042493725288@g.us,Você,"*Reporte al 9-1-1 (PRELIMINAR)*
Fecha y Hora: *13/08/2026 21:38:27*
Asunto: *ACCIDENTE DE MOTOCICLISTA*
Colonia: *HERÒN PROAL*
Calle: *AV. VERACRUZ SN*
Entre calles: *CARRETERA FEDERAL 180 PASO DEL TORO A BOCA DEL RÌO*
Referencia: *CERCA DEL POLL0 FELIZ*
Localidad: *PASO DEL TORO*
Municipio: *MEDELLIN DE BRAVO*
*Ubicación:*https://www.google.com/maps/place/19.044016611455,-96.134634001223
*Resumen de evento*
     REPORTAN ACCIDENTE DE UN MOTOCICLISTA, EL CUAL PRESENTA GOLPES EN EL ROSTRO Y SANGRADO,  NO TRAIA CASCO, MASCULINO DE APRX. 18 A 19 AÑOS",
176,2026-08-14 03:48:47,120363042493725288@g.us,Você,Favor de acudir unidad 098 con precaución,
176,2026-08-14 03:54:59,120363042493725288@g.us,60314259308792,U-098 en ruta,
176,2026-08-14 03:59:08,120363042493725288@g.us,128733256110143,Unidad 098 retornen a base se cancela el servicio aviso el agente municipal de paso del toro Daniel González,
176,2026-08-14 04:05:32,120363042493725288@g.us,Você,"*Reporte al 9-1-1 (PRELIMINAR)*
Fecha y Hora: *13/08/2026 21:33:08*
Asunto: *ANIMAL PELIGROSO-SUELTO*
Colonia: *LAGOS DE PUENTE MORENO*
Calle: *CIRCUITO TURQUESA S*
Entre calles: *BELICE NORTE*
Referencia: *POR FARMACIA SIMILARES*
Localidad: *MEDELLIN DE BRAVO*
Municipio: *MEDELLIN DE BRAVO*
*Ubicación:*https://www.google.com/maps/place/19.09194,-96.16239",
176,2026-08-14 04:05:49,120363042493725288@g.us,Você,Favor de acudir unidad 096 Aurelio,AC0296B9B440FDDA30CA3FF352FD074D
176,2026-08-14 04:09:30,120363042493725288@g.us,28067678416994,18,ACBC4A2CEF49158EE9B162AAB0D56868
176,2026-08-14 04:10:16,120363042493725288@g.us,128733256110143,Pongan más atención de favor en el grupo @28067678416994 @60314259308792,
176,2026-08-14 04:11:54,120363042493725288@g.us,136734830530561,Ya se dirije la 096 al servicio del animal ??,AC12EF37139D1604EDC4BF7CD7FDB146
176,2026-08-14 04:12:39,120363042493725288@g.us,128733256110143,Afirmativo,ACA9E22E19EEE82432619AF6F5641FF8
176,2026-08-14 04:15:01,120363042493725288@g.us,71803431043257,Regresamos a base porque se rasgo el traje taybet para combatir las abejas nod trasladamos a una culebra,
176,2026-08-14 04:15:32,120363042493725288@g.us,170179606609930,Ya el martes llega el equipo,AC9CBF5C5992955B493F5A78AEFB0649
176,2026-08-14 04:16:17,120363042493725288@g.us,128733256110143,Gracias con precaución,AC9CBF5C5992955B493F5A78AEFB0649
176,2026-08-14 04:34:34,120363042493725288@g.us,60314259308792,U- 098 en base,
176,2026-08-14 04:51:24,120363042493725288@g.us,71803431043257,Arribamos al reporte de una culebra en turqueza sur nos recive el ciudadano constantino cruz,
176,2026-08-14 04:52:01,120363042493725288@g.us,128733256110143,Enterado en base,AC680AB79FD881E963E16F06F991B158
176,2026-08-14 04:53:13,120363042493725288@g.us,71803431043257,Se procede a ispeccionar el area no encontrando nada de lo reportado nis trasladamos a un enjambre a playa de baca,
176,2026-08-14 05:03:03,120363042493725288@g.us,71803431043257,Se acude a un emjambre en  playa de vaca,
176,2026-08-14 05:23:06,120363042493725288@g.us,170179606609930,Pendientes por la lluvia,
176,2026-08-14 05:23:16,120363042493725288@g.us,170179606609930,Estoy atento,
176,2026-08-14 05:23:29,120363042493725288@g.us,244006101479643,🫡,
176,2026-08-14 05:23:42,120363042493725288@g.us,28067678416994,31 en base,
176,2026-08-14 05:51:51,120363042493725288@g.us,71803431043257,No se retira el enjambre de playa de vaca por mal tirmpo queda pendiente por indicaciones del mando inmediato,
176,2026-08-14 06:48:09,120363042493725288@g.us,71803431043257,Sale la movil 096 a terminar el tema de las abejas en pkaya de vaca,
176,2026-08-14 07:21:34,120363042493725288@g.us,71803431043257,Se retira enjambre de abeja,
176,2026-08-14 07:55:19,120363042493725288@g.us,128733256110143,"Viene a base el señor Luis moran para reportar k su yerno se callo en su domicilio de su propia altura y nose puede mover ni levantar en el tejar en la calle Virgilio Uribe entre Juan de la barrera y monte de oca en el tejar sale la unidad 098 al lugar 
2291808860",
176,2026-08-14 08:00:59,120363042493725288@g.us,28067678416994,Unidad 098 en el punto.,
176,2026-08-14 08:01:25,120363042493725288@g.us,128733256110143,Enterado en base,AC4D1FFA9EFE12A0A98FE360C8F4EB5A
176,2026-08-14 08:09:27,120363042493725288@g.us,28067678416994,"Unidad 098 traslada a masculino a el ISSSTE, posterior datos.",
176,2026-08-14 08:10:00,120363042493725288@g.us,128733256110143,Enterado en base con precaución,AC29D65070904D5C0628E8D303431966
176,2026-08-14 08:21:06,120363042493725288@g.us,194171226824727,Compañeros con mucho cuidado en la calle tenemos tormentas eléctricas peligrosas,
176,2026-08-14 08:23:41,120363042493725288@g.us,194171226824727,Cuidase mucho allá fuera en los servicios,
176,2026-08-14 08:41:31,120363042493725288@g.us,28067678416994,Unidad 098 en el ISSSTE.,
176,2026-08-14 08:41:51,120363042493725288@g.us,128733256110143,Enterado en base,
176,2026-08-14 08:52:35,120363042493725288@g.us,28067678416994,"Unidas 098 sale del ISSSTE, hacemos 10 a 58.",
176,2026-08-14 08:53:05,120363042493725288@g.us,Você,Enterado en base,ACC18092E0DE2854C61D9FB0429FB6DC
176,2026-08-14 09:12:54,120363042493725288@g.us,28067678416994,Unidad 098 ya en 58.,
177,2026-08-14 01:27:29,214774235267138@lid,214774235267138,"*Reporte al 9-1-1 (PRELIMINAR)*
Fecha y Hora: *13/08/2026 19:13:56*
Asunto: *INCENDIO DE LOTE BALDÍO*
Colonia: *PUENTE MORENO*
Calle: *CTO JUPITER SUR S/N*
Entre calles: *JUPITER NORTE Y OESTE*
Referencia: *CERCA DEL TEC MILENIO*
Localidad: *MEDELLIN DE BRAVO*
Municipio: *MEDELLIN DE BRAVO*
*Ubicación:*https://www.google.com/maps/place/19.106337733068,-96.153090650262
*Resumen de evento*
     *INCENDIO DE LOTE BALDÍO*",
177,2026-08-14 01:27:35,214774235267138@lid,214774235267138,COMANDO ME APOYA CON ESE FOLIO,
177,2026-08-14 01:27:37,214774235267138@lid,214774235267138,POR FAVOR,
177,2026-08-14 01:28:07,214774235267138@lid,Você,Ya está la unidad 096 en el punto comando,
177,2026-08-14 01:29:14,214774235267138@lid,Você,Me informan k ya está sofocado solo están enfriando le mando en un momento gráficas,
177,2026-08-14 01:29:49,214774235267138@lid,214774235267138,"ENTERADO MANDO, GRACIAS",
177,2026-08-14 01:30:03,214774235267138@lid,Você,De nada pendiente,
178,2026-08-14 03:40:17,214774235267138@lid,Você,M podría mandar la dirección de la víbora 🐍 gracias,
178,2026-08-14 03:40:56,214774235267138@lid,214774235267138,"*Reporte al 9-1-1 (PRELIMINAR)*
Fecha y Hora: *13/08/2026 21:33:08*
Asunto: *ANIMAL PELIGROSO-SUELTO*
Colonia: *LAGOS DE PUENTE MORENO*
Calle: *CIRCUITO TURQUESA S*
Entre calles: *BELICE NORTE*
Referencia: *POR FARMACIA SIMILARES*
Localidad: *MEDELLIN DE BRAVO*
Municipio: *MEDELLIN DE BRAVO*
*Ubicación:*https://www.google.com/maps/place/19.09194,-96.16239",
178,2026-08-14 03:46:21,214774235267138@lid,214774235267138,"*Reporte al 9-1-1 (PRELIMINAR)*
Fecha y Hora: *13/08/2026 21:38:27*
Asunto: *ACCIDENTE DE MOTOCICLISTA*
Colonia: *HERÒN PROAL*
Calle: *AV. VERACRUZ SN*
Entre calles: *CARRETERA FEDERAL 180 PASO DEL TORO A BOCA DEL RÌO*
Referencia: *CERCA DEL POLL0 FELIZ*
Localidad: *PASO DEL TORO*
Municipio: *MEDELLIN DE BRAVO*
*Ubicación:*https://www.google.com/maps/place/19.044016611455,-96.134634001223
*Resumen de evento*
     REPORTAN ACCIDENTE DE UN MOTOCICLISTA, EL CUAL PRESENTA GOLPES EN EL ROSTRO Y SANGRADO,  NO TRAIA CASCO, MASCULINO DE APRX. 18 A 19 AÑOS",
178,2026-08-14 03:46:48,214774235267138@lid,214774235267138,APOYEME CON EL ACCIDENTE MANDO,
178,2026-08-14 03:47:03,214774235267138@lid,Você,Enterado sale la 098 la punto,3EB0981A5ACFF2627255B8
180,2026-08-14 06:12:28,214774235267138@lid,214774235267138,MANDO TIENE LA NOVEDAD?,3EB0F0A4AF101E48238479
180,2026-08-14 06:12:36,214774235267138@lid,214774235267138,TIENE NOVEDAD?,3EB0A0AD54A3BB587F3AE3
180,2026-08-14 06:12:44,214774235267138@lid,214774235267138,TIENE NOVEDAD?,3EB047BABABB5CFC6A7408
180,2026-08-14 06:13:45,214774235267138@lid,Você,Con esta hora se termina de sofocar el pastisal quedando apagado en su totalidad nos regresamos a base,
180,2026-08-14 06:15:05,214774235267138@lid,Você,Arribamos al reporte de una culebra en turqueza sur nos recive el ciudadano constantino cruz,
180,2026-08-14 07:34:25,214774235267138@lid,214774235267138,"*Reporte al 9-1-1 (PRELIMINAR)*
Fecha y Hora: *14/08/2026 01:20:16*
Asunto: *TLM-INCONSCIENTE*
Colonia: *EL TEJAR*
Calle: *VIRGILIO URIBE *
Entre calles: *JUAN DE LA BARRERA Y MONTES DE OCA*
Referencia: *EN LA ESQUINA HAY EN ESTE MOMENTO UN VELORIO, A 5-6 CUADRAS ENTRANDO POR EL OXXO*
Localidad: *NO ESPECIFICADO*
Municipio: *MEDELLIN DE BRAVO*
*Ubicación:*https://www.google.com/maps/place/19.08001,-96.15567
*Resumen de evento*
     Masculino de 44 años, inconsciente, desde hace 20 minutos, si respira con dificultad, no padece ninguna enfermedad, cuenta con seguro medico, agrega que hace 4 meses le hicieron prueba de glucosa y salio alto",
180,2026-08-14 07:34:40,214774235267138@lid,214774235267138,"buen dia mando, apoyeme con estwe evento",
182,2026-08-14 13:13:20,120363042493725288@g.us,170179606609930,Alguna novedad relevante,
182,2026-08-14 13:13:26,120363042493725288@g.us,170179606609930,Buen día equipo,
182,2026-08-14 13:13:58,120363042493725288@g.us,128733256110143,Buen día jefe nada todo sin novedad,3A3697E95FC0316AD854
182,2026-08-14 13:18:33,120363042493725288@g.us,170179606609930,https://www.facebook.com/share/p/1Kn1bt9bEz/?mibextid=wwXIfr,
182,2026-08-14 13:35:12,120363042493725288@g.us,97878764691675,U-096 con niveles correctos de aceite de motor aceite hidráulico y liquido de frenos,
182,2026-08-14 13:39:25,120363042493725288@g.us,97878764691675,U-098 con niveles correctos de aceite de motor aceite hidráulico y liquido de frenos,
182,2026-08-14 13:41:24,120363042493725288@g.us,28067678416994,"*FECHA*: 14 de Agosto del 2026
*AMBULANCIA*: 098
*OPERADOR*: Miguel Martinez 
*PARAMEDICO*: Arely Avendaño 
*TERCERO ABORDO*: Rut Sanchez.
*DIRECCIÓN DEL SERVICIO*: Calle Virgilio Uribe #60, colonia Héroes de Veracruz, el Tejar.
*TIPO DE SERVICIO*: Urgencia de Paciente Clinico.
*NOMBRE DEL PACIENTE*: Aurelio Martin Celedonio Medina.
*EDAD*: 43 años.

*T/A*: 130/90 mmHg
*F/C*: 90 LPM.
*F/R*: 16 RPM.
 *Spo2*: 98%
 *TEMPERATURA*: 36.7°
*GLUC/OPCIONAL*: ...
*Glasgow*: 14 pts.

*ORIGINARIO ( A)*: Veracruz. 
*DESCRIPCIÓN DE LO OCURRIDO*: Viene a la base un familiar del paciente a reportar que el px se había caído y estaba inconsciente.
Al arribo del servicio el px ya había recuperado la conciencia y estaba acostado en su cama, se valoran signos vitales y se determina su traslado a un hospital.
*DIAGNÓSTICO*: Pb. Hipoglucemia.
*HOSPITAL  DE TRASLADO*: ISSSTE.
 *RECIBE*: DR. Alejandro Martinez Guzmán.
*CÓDIGO*: Amarillo.
*OBSERVACIONES*:
*ANTECEDENTES PATOLOGICOS*: Negado.
*ANTECEDENTES  NO PATOLOGICOS*: ...
*ALERGIAS*: Negado.
 *MEDICAMENTOS*: Negado.
*AUTORIDAD EN EL LUGAR*: ...
*SEGURO*: ISSTE.
*DESPACHA*: Protección Civil Medellín.",AC7E53F44C0655B438336E6813F77ACE
182,2026-08-14 13:43:13,120363042493725288@g.us,128733256110143,Enterado gracias,AC673B5A3389CA4C644D189B28253F7B
182,2026-08-14 13:46:04,120363042493725288@g.us,97878764691675,U-208 con niveles correctos de aceite de motor aceite hidráulico y liquido de frenos,
182,2026-08-14 13:53:07,120363042493725288@g.us,97878764691675,"U-072 con niveles correctos de aceite de motor aceite hidráulico y anticongelante 
Observación:
El aceite de motor ya está muy quemado requiere el servicio",
182,2026-08-14 15:02:36,120363042493725288@g.us,97878764691675,U-096 sale a dejar personal al curso de comando de incidente al museo de salvador Díaz Miron,
182,2026-08-14 15:21:52,120363042493725288@g.us,214482211094536,Buenos días ocupo combustible para la unidad 098,
182,2026-08-14 15:33:28,120363042493725288@g.us,28067678416994,"Buenos dias con esta hora se termina la entrega y recepción de las unidades 098 y 208 a los compañeros Jorge, Mabel y Yaiza, sin novedades.",
182,2026-08-14 15:33:56,120363042493725288@g.us,128733256110143,Enterado gracias,AC9CAAB2F1782A08F9B75EF39C7CA665
182,2026-08-14 15:38:01,120363042493725288@g.us,170179606609930,Segundo día de curso Sistema de comando de Incidentes,
183,2026-08-14 13:16:39,214774235267138@lid,214774235267138,"Mando, tiene alguna novedad",
183,2026-08-14 13:20:18,214774235267138@lid,Você,Se llevó al ISSSTE,3EB018CE2E633877B2E43D
183,2026-08-14 13:29:26,214774235267138@lid,214774235267138,QUE UNIDAD ACUDIO MANDO,
183,2026-08-14 13:29:57,214774235267138@lid,Você,La unidad 098,3EB0766B4D0A3ED1A46B67
183,2026-08-14 13:30:05,214774235267138@lid,Você,Enseguida le paso los datos,
183,2026-08-14 13:30:49,214774235267138@lid,Você,"Aurelio Martin Celedonio Medina, 43 años.",
183,2026-08-14 13:52:18,214774235267138@lid,Você,.,
183,2026-08-14 13:52:38,214774235267138@lid,214774235267138,"*Reporte al 9-1-1 (PRELIMINAR)*
Fecha y Hora: *14/08/2026 07:42:19*
Asunto: *TLM-INCONSCIENTE*
Colonia: *HERÒN PROAL*
Calle: *AMALIA MORALES LTE. 14*
Entre calles: *UBALDO GONZÀLEZ*
Referencia: *POR TIENDA DE DON GOLLO*
Localidad: *MEDELLIN DE BRAVO*
Municipio: *MEDELLIN DE BRAVO*
*Ubicación:*https://www.google.com/maps/place/19.01537,-96.09642",
186,2026-08-14 17:11:09,120363042493725288@g.us,136734830530561,Consciente,
186,2026-08-14 17:22:27,120363042493725288@g.us,265639449067682,Sale unidad 208,
186,2026-08-14 17:31:42,120363042493725288@g.us,265639449067682,En el punto 208,AC936509C2E391B7E99036EA88CD656D
186,2026-08-14 17:32:25,120363042493725288@g.us,136734830530561,Enterado 208,
186,2026-08-14 17:44:05,120363042493725288@g.us,170179606609930,Quedó pendientes a su depósito,
186,2026-08-14 17:44:12,120363042493725288@g.us,170179606609930,"Buen día. !
Chicos",
186,2026-08-14 17:46:52,120363042493725288@g.us,170179606609930,Cómo va el curso,
186,2026-08-14 17:47:26,120363042493725288@g.us,265639449067682,U 208 traslada a femenina ala torre pediátrica de 20 de noviembre,
186,2026-08-14 17:47:52,120363042493725288@g.us,214482211094536,Enterado con precaución,
186,2026-08-14 17:48:23,120363042493725288@g.us,128733256110143,Estamos en exposición,AC644A2745A7B3F5C1FB3C59B532051E
186,2026-08-14 18:19:42,120363042493725288@g.us,265639449067682,U208 en Torre pediátrica en espera de equipo,
186,2026-08-14 19:14:44,120363042493725288@g.us,265639449067682,U208 aún en espera de equipo en Torre pediátrica,
186,2026-08-14 19:54:43,120363042493725288@g.us,136734830530561,18 u-208,
186,2026-08-14 20:21:55,120363042493725288@g.us,223488774266954,"U208 sale de torre pediátrica con paciente , se dirige a su domicilio en Arboledas San Ramón.",
186,2026-08-14 20:24:09,120363042493725288@g.us,170179606609930,Hay que ir a tirarle el agua a la 072 en la gloria,
186,2026-08-14 20:53:21,120363042493725288@g.us,223488774266954,U208 en base,
186,2026-08-14 22:09:16,120363042493725288@g.us,216359027896444,Don @71803431043257 favor de comunicar con @128733256110143,
186,2026-08-14 22:34:59,120363042493725288@g.us,Você,Enterado con precaución,
186,2026-08-14 22:35:20,120363042493725288@g.us,136734830530561,Quedan 3 elementos 31 a espera de la 096,
186,2026-08-14 22:51:27,120363042493725288@g.us,170179606609930,208 llevarla para diagnóstico mañana,
186,2026-08-14 22:51:27,120363042493725288@g.us,170179606609930,Aquí es la ubicación para que vengan a checar lo del clima,
186,2026-08-14 23:10:54,120363042493725288@g.us,170179606609930,Gracias!,ACC89C4B01C66EBF72F8B22D0D07059A
186,2026-08-14 23:38:11,120363042493725288@g.us,136734830530561,"Reporta c5 accidente de moto en av. Medellín  esq. Las aves ,1 lesionado",
186,2026-08-14 23:38:35,120363042493725288@g.us,Você,"*Reporte al 9-1-1 (PRELIMINAR)*
Fecha y Hora: *14/08/2026 17:28:53*
Asunto: *TLM-DESCOMPENSACIÓN DE LA DIABETES*
Colonia: *LAGOS DE PUENTE MORENO*
Calle: *CTO TURQUESA NORTE 42025*
Entre calles: *NO ESPECIFICADO*
Referencia: *ENFRENTE DEL PARQUE*
Localidad: *MEDELLIN DE BRAVO*
Municipio: *MEDELLIN DE BRAVO*
*Ubicación:*https://www.google.com/maps/place/19.09265,-96.16243
*Resumen de evento*
 El reporte de la diabetes",
186,2026-08-14 23:38:35,120363042493725288@g.us,Você,"*Reporte al 9-1-1 (PRELIMINAR)*
Fecha y Hora: *14/08/2026 17:26:31*
Asunto: *CHOQUE VEHICULAR CON  PERSONA LESIONADA*
Colonia: *PUENTE MORENO*
Calle: *AV. MEDELLIN S/N*
Entre calles: *PASEO DE LAS AVES*
Referencia: *SIN*
Localidad: *MEDELLIN DE BRAVO*
Municipio: *MEDELLIN DE BRAVO*
*Ubicación:*https://www.google.com/maps/place/19.099364236294,-96.153554712481
*Resumen de evento*
Es aquí mando",
186,2026-08-14 23:39:21,120363042493725288@g.us,136734830530561,098,AC203EC93EF441D52C9A7209F5713411
186,2026-08-14 23:39:34,120363042493725288@g.us,136734830530561,208 procedan,ACB7C8202AF2B938F3A3B3CBF9AF3972
186,2026-08-14 23:44:57,120363042493725288@g.us,214482211094536,Unidad 098 en el punto,AC63B0379AD1F85CEE36AF76F41B147C
186,2026-08-14 23:45:48,120363042493725288@g.us,214482211094536,Negativo de accidente,
186,2026-08-14 23:45:53,120363042493725288@g.us,213554649145471,Una unidad de policía estatal 4248 al mando de Enrique Romero Zárate y dos más de fuerza,
186,2026-08-14 23:45:57,120363042493725288@g.us,214482211094536,No sé visualiza nada,
186,2026-08-14 23:51:10,120363042493725288@g.us,136734830530561,Enterado 098,AC6D189A3765A31D112D08DF994CDB45
186,2026-08-14 23:55:29,120363042493725288@g.us,265639449067682,Ya quedo listo el tema ya en base,3A6E7C2ADF8E9C0CA848
186,2026-08-14 23:56:31,120363042493725288@g.us,213554649145471,Unidad 098 en base,
186,2026-08-15 00:03:00,120363042493725288@g.us,223488774266954,"U208 en el punto, nadie salió al llamado de la unidad",
186,2026-08-15 00:03:32,120363042493725288@g.us,214482211094536,Enterado retornen a base de favor,
186,2026-08-15 00:10:54,120363042493725288@g.us,223488774266954,U208 retorna a base,
186,2026-08-15 00:13:44,120363042493725288@g.us,223488774266954,U208 en base,
186,2026-08-15 00:25:58,120363042493725288@g.us,194171226824727,Llega un ciudadano a base a pedir el apoyo para una ambulancia que refiere ay un acidente circuito ópalo referencia por el neto,
186,2026-08-15 00:27:06,120363042493725288@g.us,214482211094536,Sale unidad 098,ACEBF59BB729D2CDBA2D1DFD4E6463B0
186,2026-08-15 00:29:53,120363042493725288@g.us,194171226824727,Enterado base con precaución,ACC86AEF79A06926BC426F38F9E12D22
186,2026-08-15 00:31:05,120363042493725288@g.us,170179606609930,Terminando del servicio vayan,ACC86AEF79A06926BC426F38F9E12D22
186,2026-08-15 00:31:19,120363042493725288@g.us,170179606609930,A cargar la 98,
186,2026-08-15 00:32:00,120363042493725288@g.us,214482211094536,Unidad 098 en el punto,ACEBF59BB729D2CDBA2D1DFD4E6463B0
186,2026-08-15 00:32:06,120363042493725288@g.us,214482211094536,Enterado jefe,3A35C87551D0FF89A83D
186,2026-08-15 00:32:40,120363042493725288@g.us,265639449067682,Sale o0960 a la gloria de paso del toro a buscar la pipa,
186,2026-08-15 00:51:28,120363042493725288@g.us,213554649145471,"Los px se quedan esperando pases médicos en el lugar, se firma el deslinde y se retira la unidad",
186,2026-08-15 00:52:13,120363042493725288@g.us,213554649145471,Unidad 098 procede a carga de combustible,
186,2026-08-15 00:53:57,120363042493725288@g.us,194171226824727,Enterado base,AC94103FF83706D06E1479DA0BDB14AC
186,2026-08-15 01:20:56,120363042493725288@g.us,213554649145471,Unidad 098 en base,
186,2026-08-15 01:20:58,120363042493725288@g.us,213554649145471,"*FECHA*  14/ 08/2026
*AMBULANCIA*  U-098
*OPERADOR* José Luis Prieto
*PARAMEDICO* Jorge Luna 
*TERCERO ABORDO*
Emily Janeth 

*NOMBRE DEL PACIENTE* 
Karla Fabiola Constantino Rebolledo 
*FECHA DE NACIMIENTO:* 
23/abril/ 1985 
*DIRECCIÓN DEL SERVICIO*  
P. Las Joyas / Ópalo y  Circuito Rubí 
Fraccionamiento puente moreno 
Medellín de bravo Veracruz
*TIPO DE SERVICIO* 
Urgencia 
*T/A* 
*F/C* 85
*F/R*  19
 *Spo2*  98
 *TEMPERATURA* 36.0
*GLUC/OPCIONAL* 
*EDAD* 41 años 
*ORIGINARIO (A)* 
Veracruz 
*DESCRIPCIÓN DE LO OCURRIDO*
Refiere la ciudadana que al incorporarse a la av principal sobre ópalo el taxi los impacto de manera lateral, el taxi alcanzó a frenar pero aún así impacto la motocicleta.

*DIAGNÓSTICO* 
PB esguince en rotula izquierda + PB esguince en tobillo izquierdo 

*HOSPITAL  DE TRASLADO* 
Niega traslado firma, deslinde, decide quedarse a esperar pases médicos 
 *RECIBE*  N/a 
*CÓDIGO* verde 
*OBSERVACIONES* 
Edema en rotula y tobillo derecho + dermoabrasion 

*ANTECEDENTES PATOLOGICOS*
Negados 
*ANTECEDENTES  NO PATOLOGICOS*
Negados 
*ALERGIAS* Negados 

 *MEDICAMENTOS* 
 Negados 
*AUTORIDAD EN EL LUGAR* 
Ninguna 
*SEGURO* N/a 
*DESPACHA* 
Acude un motociclista a solicitar el apoyo",
186,2026-08-15 01:35:34,120363042493725288@g.us,265639449067682,U072 próximo a grupo más para carga de agua,
186,2026-08-15 01:35:44,120363042493725288@g.us,214482211094536,Enterado en base,
186,2026-08-15 01:35:49,120363042493725288@g.us,213554649145471,"*FECHA*  14/ 08/2026
*AMBULANCIA*  U-098
*OPERADOR* José Luis Prieto
*PARAMEDICO* Jorge Luna 
*TERCERO ABORDO*
Emily Janeth 

*NOMBRE DEL PACIENTE* 
Megan Amaya  Constantino Robledo
*FECHA DE NACIMIENTO:* 
11 de diciembre del 2022
*DIRECCIÓN DEL SERVICIO*  
P. Las Joyas / Ópalo y  Circuito Rubí 
Fraccionamiento puente moreno 
Medellín de bravo Veracruz
*TIPO DE SERVICIO* 
Urgencia 
*T/A* 
*F/C* 97
*F/R*  25
 *Spo2*  95
 *TEMPERATURA* 
*GLUC/OPCIONAL* 
*EDAD* 4 años 
*ORIGINARIO (A)* 
Veracruz 
*DESCRIPCIÓN DE LO OCURRIDO*
Refiere la ciudadana ( mamá ) que al incorporarse a la av principal sobre p. Las joyas  el taxi los impacto de manera lateral, el taxi alcanzó a frenar pero aún así impacto la motocicleta.

*DIAGNÓSTICO* 
Dermoabrasion en rotula derecha 

*HOSPITAL  DE TRASLADO* 
Niega traslado firma, deslinde, ( la mamá)decide quedarse a esperar pases médicos 
 *RECIBE*  N/a 
*CÓDIGO* verde 
*OBSERVACIONES* 
Duermoabrasion en rotula izquierda 

*ANTECEDENTES PATOLOGICOS*
Negados por la mamá 
*ANTECEDENTES  NO PATOLOGICOS*
Negados por la mamá 
*ALERGIAS* Negadas por la mamá 

 *MEDICAMENTOS* 
 Negadas por la mamá 
*AUTORIDAD EN EL LUGAR* 
Ninguna 
*SEGURO* N/a 
*DESPACHA* 
Acude un motociclista a solicitar el apoyo",
186,2026-08-15 02:14:39,120363042493725288@g.us,72104464666678,Unidad 096 de regreso en base,
186,2026-08-15 02:21:20,120363042493725288@g.us,Você,"*Reporte al 9-1-1 (PRELIMINAR)*
Fecha y Hora: *14/08/2026 20:13:09*
Asunto: *RESCATE ANIMAL*
Colonia: *PLAYA DE VACAS*
Calle: *AV. CALLEJON SIN NUMERO 110*
Entre calles: *NO ESPECIFICADO*
Referencia: *FRENTE AL SALON EL ENCANTO*
Localidad: *PLAYA DE VACAS*
Municipio: *MEDELLIN DE BRAVO*
*Ubicación:*https://www.google.com/maps/place/19.09469414937,-96.121253705887
*Resumen de evento*
     FABIOLA DAMBILA 2291075025",
186,2026-08-15 02:28:21,120363042493725288@g.us,214482211094536,Sale unidad 096 con Aurelio y Carlos,ACD1727DC8CBE33CC58A3C0C72D28F46
186,2026-08-15 03:01:53,120363042493725288@g.us,71803431043257,"Nos reportamos en el lugar del rescate se libero en el rio , dc faviola  esmeralda martines bramvila",
186,2026-08-15 03:31:28,120363042493725288@g.us,72104464666678,Sale unidad 096 rescate de serpiente 🐍,
186,2026-08-15 03:33:17,120363042493725288@g.us,72104464666678,"Unidad 096, en base, y sale al servicio con el mismo kilometraje",
186,2026-08-15 03:34:43,120363042493725288@g.us,Você,Enterado en base,
186,2026-08-15 04:13:03,120363042493725288@g.us,72104464666678,Se intervino en el domicilio no se avistó ningún ofidio dentro de la propiedad,
186,2026-08-15 04:13:57,120363042493725288@g.us,72104464666678,Unidad 096 en base,
186,2026-08-15 05:00:16,120363042493725288@g.us,214482211094536,Enterado con precaución,
186,2026-08-15 06:07:28,120363042493725288@g.us,194171226824727,Sale la unidad la unidad 096 por un reporte de culebra 🐍 en ponte moreno,
186,2026-08-15 06:20:57,120363042493725288@g.us,194171226824727,Unidad 096 en el punto,
186,2026-08-15 06:39:16,120363042493725288@g.us,194171226824727,Sara cisneros Domínguez   32 preotaria que nos reporto de un serpiente 🐍 en su domicilio ponte moreno número de casa 1,
186,2026-08-15 06:43:58,120363042493725288@g.us,194171226824727,Unidad 096 retorna a base,
186,2026-08-15 06:55:27,120363042493725288@g.us,194171226824727,Unidad 096 en base,
186,2026-08-15 07:05:07,120363042493725288@g.us,72104464666678,Sale de base a dejar a Yeyo a su domicilio,
186,2026-08-15 07:23:25,120363042493725288@g.us,72104464666678,En basa unidad 096,
186,2026-08-15 07:49:26,120363042493725288@g.us,214482211094536,Reportan persona con supuesto infarto en esa ubicación,
186,2026-08-15 07:50:23,120363042493725288@g.us,214482211094536,Sale unidad 098,
186,2026-08-15 07:55:22,120363042493725288@g.us,214482211094536,Unidad 098 en el punto,
186,2026-08-15 08:16:29,120363042493725288@g.us,213554649145471,Unidad 098 en base,
186,2026-08-15 08:25:58,120363042493725288@g.us,213554649145471,"*FECHA*  15/ 08/2026
*AMBULANCIA*  U-098
*OPERADOR* José Luis Prieto
*PARAMEDICO* Jorge Luna 
*TERCERO ABORDO*

*NOMBRE DEL PACIENTE* 
José Capetillo Contreras es el 14 del 08
*FECHA DE NACIMIENTO:* 
14 de agosto del 1990
*DIRECCIÓN DEL SERVICIO*  
Juan de la Barrera 8 Colonia héroes de Veracruz
Medellín de bravo Veracruz
*TIPO DE SERVICIO* 
Urgencia 
*T/A* 140/100
*F/C* 97
*F/R*  19
 *Spo2*  97%
 *TEMPERATURA* 36.1
*GLUC/OPCIONAL* 
*EDAD* 36 años 
*ORIGINARIO (A)* 
Veracruz 
*DESCRIPCIÓN DE LO OCURRIDO*
Arribo de la unidad del paciente se encuentra deambulando en la esquina de su domicilio refiere que se encontraba dormido cuando comenzó a sentir palpitaciones en el pecho y debilidad.

*DIAGNÓSTICO* 
Hipertensión reactiva por pb intoxicación 
Crisis nerviosa 
Y omisión de su medicamento 
Deshidratación leve 

*HOSPITAL  DE TRASLADO* 
Niega traslado firma, deslinde.
 *RECIBE*  N/a 
*CÓDIGO* verde 
*OBSERVACIONES* 
El paciente decide quedarse niega el traslado y firma un deslinde. 
Se brindan las recomendaciones verbales correspondientes 
*ANTECEDENTES PATOLOGICOS*
Hipertensión 
*ANTECEDENTES  NO PATOLOGICOS*
Negados  
*ALERGIAS* Negadas 

 *MEDICAMENTOS* 
 Losartan de 50mg
*AUTORIDAD EN EL LUGAR* 
Ninguna 
*SEGURO* No
*DESPACHA* 
Llamada directa",
187,2026-08-14 19:08:22,66121122222226@lid,Você,No se preocupe solo mandeme que se vea bien la hoja del dia 17,
187,2026-08-14 19:08:28,66121122222226@lid,Você,esta,AC098B1167ADF869BF19EAFD360918A1
187,2026-08-14 19:59:23,66121122222226@lid,66121122222226,Es lo mejor que pude hacer esta bien esta última,
187,2026-08-14 19:59:45,66121122222226@lid,66121122222226,Más al rato voy a la papelería a realizar la otra hoja,
187,2026-08-14 20:01:32,66121122222226@lid,Você,con eso esta bien,
187,2026-08-14 20:02:13,66121122222226@lid,66121122222226,Ahh bueno muchas gracias,3EB027ABE15D78E3689E6A
190,2026-08-14 23:34:44,214774235267138@lid,Você,Buenas tardes mandó que tenemos por este lado,
190,2026-08-14 23:36:11,214774235267138@lid,214774235267138,"*Reporte al 9-1-1 (PRELIMINAR)*
Fecha y Hora: *14/08/2026 17:26:31*
Asunto: *CHOQUE VEHICULAR CON  PERSONA LESIONADA*
Colonia: *PUENTE MORENO*
Calle: *AV. MEDELLIN S/N*
Entre calles: *PASEO DE LAS AVES*
Referencia: *SIN*
Localidad: *MEDELLIN DE BRAVO*
Municipio: *MEDELLIN DE BRAVO*
*Ubicación:*https://www.google.com/maps/place/19.099364236294,-96.153554712481
*Resumen de evento*
Es aquí mando",
190,2026-08-14 23:37:53,214774235267138@lid,214774235267138,"*Reporte al 9-1-1 (PRELIMINAR)*
Fecha y Hora: *14/08/2026 17:28:53*
Asunto: *TLM-DESCOMPENSACIÓN DE LA DIABETES*
Colonia: *LAGOS DE PUENTE MORENO*
Calle: *CTO TURQUESA NORTE 42025*
Entre calles: *NO ESPECIFICADO*
Referencia: *ENFRENTE DEL PARQUE*
Localidad: *MEDELLIN DE BRAVO*
Municipio: *MEDELLIN DE BRAVO*
*Ubicación:*https://www.google.com/maps/place/19.09265,-96.16243
*Resumen de evento*
 El reporte de la diabetes",
190,2026-08-15 00:34:59,214774235267138@lid,214774235267138,Mando ¿Tendrá novedades del choque y el reporte de la diabetes?,
192,2026-08-15 14:39:35,120363042493725288@g.us,170179606609930,Envío la ubicación del día de mañana,
192,2026-08-15 14:39:35,120363042493725288@g.us,170179606609930,https://maps.app.goo.gl/gjtfokzUsXGRZPqs6?g_st=iwb,
192,2026-08-15 14:54:26,120363042493725288@g.us,170179606609930,Mando,
192,2026-08-15 14:54:33,120363042493725288@g.us,170179606609930,Choque,
192,2026-08-15 14:54:44,120363042493725288@g.us,170179606609930,Para que acuda la ambulancia,
192,2026-08-15 14:57:18,120363042493725288@g.us,18241313366191,Ubicación,3AB58E627FFBC1AE6CD8
192,2026-08-15 14:57:43,120363042493725288@g.us,18241313366191,"Mando, me marca el profesor Arquímedes",
192,2026-08-15 14:58:03,120363042493725288@g.us,18241313366191,Para saber si es el choque de un spark con una camioneta,
192,2026-08-15 14:58:09,120363042493725288@g.us,18241313366191,@170179606609930,3AFE761347096F99E599
192,2026-08-15 14:58:14,120363042493725288@g.us,170179606609930,Ya le comenté a Checo,3AA1BC849128DA700A89
192,2026-08-15 14:58:36,120363042493725288@g.us,214482211094536,Ya sale la unidad 098 a el mando de Francisco lara,
192,2026-08-15 15:10:39,120363042493725288@g.us,128733256110143,098 en el punto,3AA1BC849128DA700A89
192,2026-08-15 15:23:12,120363042493725288@g.us,28067678416994,"Buenos dias para conocimiento de los mandos a esta hora termino la recepción de la unidad 208 al compañero Jorge y la compañera Yaiza, sin novedades.",
192,2026-08-15 15:37:20,120363042493725288@g.us,170179606609930,Gracia!,AC7E25A4B30EFF2FD31A983B86D9E6D4
192,2026-08-15 16:33:43,120363042493725288@g.us,170188213383234,"Aceite de motor, hidráulico, anticongelante y aceite de la moto bomba correctos",
192,2026-08-15 16:37:35,120363042493725288@g.us,97878764691675,U-208 con niveles correctos de aceite de motor aceite hidráulico y liquido de frenos,
192,2026-08-15 16:52:57,120363042493725288@g.us,170188213383234,Se rellena depósito de Diesel de bomba de agua y posterior mente se rellena galón de 5 litros de Diesel,
192,2026-08-15 16:56:59,120363042493725288@g.us,97878764691675,U-098 con niveles correctos de aceite de motor aceite hidráulico y liquido de frenos,
192,2026-08-15 18:07:24,120363042493725288@g.us,97878764691675,Sale U-208 a taller del clima para chequeo,
192,2026-08-15 18:08:36,120363042493725288@g.us,128733256110143,Con precaución,ACB64B3594057440148CD68E33CA2E70
192,2026-08-15 18:10:35,120363042493725288@g.us,170179606609930,Es por que van a ir varios abuelitos y van a estar algunos en el sol y por cualquier cosa,
192,2026-08-15 18:10:35,120363042493725288@g.us,170179606609930,De 8 de la mañana a 3,
192,2026-08-15 18:10:50,120363042493725288@g.us,170179606609930,@136734830530561 @128733256110143,
192,2026-08-15 18:11:00,120363042493725288@g.us,128733256110143,Enterado gracias,3A53A74D7880679597B0
192,2026-08-15 18:11:04,120363042493725288@g.us,170179606609930,Si hay que mandarla con la guardia en turno y ahí se hace el relevo,
192,2026-08-15 18:11:05,120363042493725288@g.us,136734830530561,18 se checa,3A53A74D7880679597B0
192,2026-08-15 18:11:10,120363042493725288@g.us,170179606609930,Porfavor,
192,2026-08-15 18:11:49,120363042493725288@g.us,170179606609930,Eso no exime que cumplan con los honores a la bandera a la guardia entrante gracias,
192,2026-08-15 18:12:36,120363042493725288@g.us,136734830530561,@214482211094536 al rato te paso 36 de este tema,
192,2026-08-15 18:14:38,120363042493725288@g.us,214482211094536,Enterado gracias,
192,2026-08-15 18:17:07,120363042493725288@g.us,170188213383234,Sale la móvil 072 para que le pongan el retrovisor lado piloto...al Tejar,
192,2026-08-15 18:18:14,120363042493725288@g.us,28067678416994,Enterada,3A6F50389F4280E5C5E9
192,2026-08-15 18:27:21,120363042493725288@g.us,170188213383234,Ya se colocó el retrovisor nos retiramos a base,
192,2026-08-15 18:31:45,120363042493725288@g.us,97878764691675,U-208 llegando al taller,
192,2026-08-15 18:31:54,120363042493725288@g.us,Você,Enterado en base,ACC5BB44C227C2562BC4D34E14B84688
192,2026-08-15 18:37:44,120363042493725288@g.us,170188213383234,Se traslada la m-072 en apoyo con agua al panteón en la Laguna,
192,2026-08-15 18:39:20,120363042493725288@g.us,Você,Con precaución gracias,ACC0A49B9041B19E3BF7E6A6379309DD
192,2026-08-15 18:48:18,120363042493725288@g.us,136734830530561,Motorizada procede a servicio  administrativos,
192,2026-08-15 18:50:03,120363042493725288@g.us,Você,Enterado con precaución,ACEACEAA2CBAF7D2EF2C2FA24F9D2DD4
192,2026-08-15 18:51:30,120363042493725288@g.us,Você,Se realiza inventario de bodega de insumos de material medico por indicaciones del director,
192,2026-08-15 18:54:47,120363042493725288@g.us,97878764691675,U-208 retorno a base,
192,2026-08-15 18:55:07,120363042493725288@g.us,Você,Con precaución gracias,AC89A59BFB8ACFC3ACC52607EE6DC05D
192,2026-08-15 19:19:41,120363042493725288@g.us,97878764691675,U-208 llegando a basé,
192,2026-08-15 19:22:05,120363042493725288@g.us,170188213383234,Dando apoyo de agua al panteón de La Laguna,
192,2026-08-15 19:22:24,120363042493725288@g.us,Você,Enterado en base,AC95D8AFB3C4A32528A298EA6EEE7A57
192,2026-08-15 19:28:37,120363042493725288@g.us,170188213383234,"Nos recibe encargado del panteón de la laguna refugio Uscanga rojas 
Se procede a rellenar un Rotoplas de capacidad 1100 litros que dando abastecido nos trasladamos a bse",AC95D8AFB3C4A32528A298EA6EEE7A57
192,2026-08-15 19:29:16,120363042493725288@g.us,Você,Con precaución gracias,ACB3E0D0525A09885D81C58DD4D03547
192,2026-08-15 19:37:04,120363042493725288@g.us,Você,Keda ordenado y contado,AC578942BCA192B21211D5F48449B61F
192,2026-08-15 19:46:12,120363042493725288@g.us,136734830530561,Retornando unidad motorizada,
192,2026-08-15 19:46:33,120363042493725288@g.us,Você,Enterado en base,AC9563C6F1B9D2352A8D4B37CBE19164
192,2026-08-15 20:17:15,120363042493725288@g.us,170188213383234,Unidad 072 en base,
192,2026-08-15 20:21:38,120363042493725288@g.us,136734830530561,Unidad motorizada en 58,
192,2026-08-15 20:32:34,120363042493725288@g.us,97878764691675,Sale U-096 a inspección,
192,2026-08-15 20:32:50,120363042493725288@g.us,170179606609930,Le encargo gráficas,ACCB9F1326BB987075FAD9D9CF71A450
192,2026-08-15 20:33:05,120363042493725288@g.us,170179606609930,Y probar la frecuencia de los radios,
192,2026-08-15 20:33:06,120363042493725288@g.us,Você,Enterado en base,ACCB9F1326BB987075FAD9D9CF71A450
192,2026-08-15 20:33:13,120363042493725288@g.us,170179606609930,Porfavor,
192,2026-08-15 20:49:50,120363042493725288@g.us,97878764691675,U-096 llegando a base,
192,2026-08-15 21:03:36,120363042493725288@g.us,136734830530561,"Derivado de recorridos de seguridad y por orden de dirección se realiza inspección a obras afuera de Autozone, por lo que al contar con las medidas de seguridad vial y del personal pero no muestran documentación se le realiza una amonestación para presentarse el día lunes del presente mes a esta dirección de PC",
192,2026-08-15 21:04:33,120363042493725288@g.us,128733256110143,Enterado en base,ACDE3133BF7D9FB1558BA15CAA79AE19
192,2026-08-15 21:57:14,120363042493725288@g.us,97878764691675,U-096 sale en apoyo con el compañero Yovani a dejar la U-R-051,
192,2026-08-15 21:57:47,120363042493725288@g.us,97878764691675,Salida,
192,2026-08-15 21:57:58,120363042493725288@g.us,128733256110143,Enterado con precaución,ACD6F106D2BC23D04859D96CF0130618
192,2026-08-15 22:16:37,120363042493725288@g.us,97878764691675,U-R-051 en el estacionamiento del palacio y entregando las llaves al oficial en turno,
192,2026-08-15 22:16:46,120363042493725288@g.us,97878764691675,U-096 retorna a base,
192,2026-08-15 22:17:08,120363042493725288@g.us,128733256110143,Enterado gracias,AC5BCDA9FDD092A923E2D7D2B0EBA64E
192,2026-08-15 22:30:07,120363042493725288@g.us,97878764691675,Odómetro de llegada U-096,
193,2026-08-16 02:03:42,120363042493725288@g.us,136734830530561,Unidad motorizada en 10  a inspección a la feria en puente moreno,
193,2026-08-16 02:04:16,120363042493725288@g.us,128733256110143,Enterado unidad 096 saliendo para el punto,ACE7BCFAC69692B156D14F47BE39A822
193,2026-08-16 02:07:15,120363042493725288@g.us,244006101479643,Sale la u-096 para inspeccionar la feria de puente moreno,
193,2026-08-16 03:09:53,120363042493725288@g.us,136734830530561,Retorno de unidad 096 a 58,
193,2026-08-16 03:10:20,120363042493725288@g.us,128733256110143,Enterado en base,AC9838793D4D9DB018A82C82B4D93F9B
193,2026-08-16 03:17:31,120363042493725288@g.us,170179606609930,Enterado!,ACBA3D908DB9949847B07F31C810917A
193,2026-08-16 03:21:50,120363042493725288@g.us,244006101479643,Unidad 096 en base,
194,2026-08-16 05:36:09,120363042493725288@g.us,Você,Viena a base el señor julio cesar Triana para reportar un accidente de moto en la primera entrada de puente moreno sale la unidad 208 para el punto,
194,2026-08-16 05:37:05,120363042493725288@g.us,28067678416994,Enterada,
194,2026-08-16 05:37:10,120363042493725288@g.us,28067678416994,Nos dirigimos,
194,2026-08-16 05:46:38,120363042493725288@g.us,28067678416994,Unidad 208 traslada a femenina a la clinica #71 del IMSS.,
194,2026-08-16 05:47:12,120363042493725288@g.us,Você,Enterado en base con precaución,ACA0F88F2745A105508F58AEE5DBB4D7
194,2026-08-16 05:58:22,120363042493725288@g.us,97878764691675,Sale u-208,
194,2026-08-16 05:59:09,120363042493725288@g.us,97878764691675,U-208 en clínica 71,
194,2026-08-16 05:59:53,120363042493725288@g.us,Você,Enterado en base,AC5FCB1743B45F34B208DFF26C64B9C0
194,2026-08-16 06:33:43,120363042493725288@g.us,97878764691675,U-208 retorna a base,
194,2026-08-16 06:34:25,120363042493725288@g.us,Você,Enterado en base con precaución,ACB1645B51F37A586906573996FA5E1D
194,2026-08-16 06:50:45,120363042493725288@g.us,97878764691675,U-208 en base con equipo contaminado posterior datos,
195,2026-08-16 08:29:20,214774235267138@lid,Você,.,
195,2026-08-16 08:30:55,214774235267138@lid,214774235267138,"*Reporte al 9-1-1 (PRELIMINAR)*
Fecha y Hora: *16/08/2026 02:20:55*
Asunto: *PERSONA(S) LESIONADA(S) POR CAÍDA*
Colonia: *ARBOLEDAS SAN RAMÓN*
Calle: *COSTA DE CASSINE 77*
Entre calles: *AV LAS TORRES*
Referencia: *A 3 CUADRAS DEL OXXO*
Localidad: *MEDELLIN DE BRAVO*
Municipio: *MEDELLIN DE BRAVO*
*Ubicación:*https://www.google.com/maps/place/19.094817833972,-96.154098850646
*Resumen de evento*
Es aquí mando",
195,2026-08-16 08:31:31,214774235267138@lid,Você,Sale la unidad 208 al punto,3EB01F86ECE7AD87AF9F07
196,2026-08-16 08:36:17,120363042493725288@g.us,128733256110143,"*Reporte al 9-1-1 (PRELIMINAR)*
Fecha y Hora: *16/08/2026 02:20:55*
Asunto: *PERSONA(S) LESIONADA(S) POR CAÍDA*
Colonia: *ARBOLEDAS SAN RAMÓN*
Calle: *COSTA DE CASSINE 77*
Entre calles: *AV LAS TORRES*
Referencia: *A 3 CUADRAS DEL OXXO*
Localidad: *MEDELLIN DE BRAVO*
Municipio: *MEDELLIN DE BRAVO*
*Ubicación:*https://www.google.com/maps/place/19.094817833972,-96.154098850646
*Resumen de evento*
     Reportan que se cayó en el baño.",
196,2026-08-16 08:36:40,120363042493725288@g.us,128733256110143,Sale unidad 208 al punto,AC2B3B0160325816AB9BCCBAD84F2E53
196,2026-08-16 08:37:15,120363042493725288@g.us,136734830530561,"Enterado, con precaución",
196,2026-08-16 08:56:53,120363042493725288@g.us,60314259308792,U-208 en el lugar,
196,2026-08-16 08:56:54,120363042493725288@g.us,60314259308792,U-208 traslada a gen boca,
196,2026-08-16 08:57:14,120363042493725288@g.us,128733256110143,Enterado con precaución,AC2C412D39C99FCA1D2B0E092A484886
196,2026-08-16 09:56:17,120363042493725288@g.us,60314259308792,U-208 retorna a base,
196,2026-08-16 09:56:17,120363042493725288@g.us,60314259308792,U-208 en hospi,
196,2026-08-16 09:56:36,120363042493725288@g.us,60314259308792,U-208 en base,
196,2026-08-16 10:26:29,120363042493725288@g.us,60314259308792,"*FECHA*: 16/08/2026
*AMBULANCIA*: unidad 208
*OPERADOR*: Giovanni Rodríguez 
*PARAMEDICO*: Rut Sánchez 
*TERCERO ABORDO*:-
*DIRECCIÓN DEL SERVICIO*: calle Costa casines #77 esq. Las torres, arboledas san Ramón 
*TIPO DE SERVICIO*: urgencia 
*NOMBRE DEL PACIENTE*: Carlos Alberto Gamboa Carvajal 
*EDAD*: 47 años 

*T/A*: 140/100
*F/C*: 82
*F/R*: 18
 *Spo2*: 98
 *TEMPERATURA*:36
*GLUC/OPCIONAL*:
*Glasgow*: no valorable 

*ORIGINARIO ( A)*:
*DESCRIPCIÓN DE LO OCURRIDO*: se recibe llamada de c5 reportando una persona que se cayó y requiere valoración, al llegar al domicilio encontramos al px fuera de su casa de pie y caminando en estado etílico. El px refiere que se resbaló en el baño, cayó y se golpeó sobre su lado izquierdo con el filo de cenefa del baño, refiere que hace dos años se fracturó 4 costillas de ese mismo lado.
*DIAGNÓSTICO*: posible fractura de costilla
*HOSPITAL  DE TRASLADO*: HR boca del río 
 *RECIBE*: Dra Bazán 
*CÓDIGO*: amarillo
*OBSERVACIONES*: paciente medianamente letargico, con notoria molestia por dolor 
*ANTECEDENTES PATOLOGICOS*:  hipertensión 
*ANTECEDENTES  NO PATOLOGICOS*: negados 
*ALERGIAS*: negadas 
 *MEDICAMENTOS*: negados 
*AUTORIDAD EN EL LUGAR*:
*SEGURO*: N/A
*DESPACHA*: protección civil Medellín",
197,2026-08-16 13:39:04,214774235267138@lid,214774235267138,Mando buen día ¿Tendrá novedad de un accidente de motociclista en Playa de Vaca?,
197,2026-08-16 13:39:13,214774235267138@lid,214774235267138,"*Reporte al 9-1-1 (PRELIMINAR)*
Fecha y Hora: *15/08/2026 23:34:37*
Asunto: *ACCIDENTE DE MOTOCICLISTA*
Colonia: *PLAYA DE VACA*
Calle: *CARRETERA   VERACRUZ - JAMAPA S/N*
Entre calles: *AV. MEDELLIN*
Referencia: *PLAYA   DE   VACA   EL  CRUCERO*
Localidad: *PLAYA DE   VACA*
Municipio: *MEDELLIN DE BRAVO*
*Ubicación:*https://www.google.com/maps/place/19.096890137483,-96.150414816156
Fue aquí",
197,2026-08-16 13:40:13,214774235267138@lid,Você,Buen día se traslado una femenina al hospital 71 de días mirón,3EB0F5EEA0A3DADBB132F6
197,2026-08-16 13:41:08,214774235267138@lid,Você,"*FECHA*:  15 de Agosto del 2026.
*HORA DEL REPORTE*: 23:36 
*AMBULANCIA*: Unidad 208.
*OPERADOR*: Miguel Martinez. 
*PARAMEDICO*: Arely Avendaño. 
*TERCERO ABORDO*: N/A.
*DIRECCIÓN DEL SERVICIO*:  Carretera Veracruz El Tejar, Antes de la entrada de Lagos de Puente Moreno.
*TIPO DE SERVICIO*: Urgencia. 
*NOMBRE DEL PACIENTE*: Nadia Ivon Olivares Arigusnaga.
*EDAD*: 47 años.

*T/A*: 90/60 mmHg.
*F/C*: 120 LPM.
*F/R*: 22 RPM.
 *Spo2*: 89%
 *TEMPERATURA*: 36.8°.
*GLUC/OPCIONAL*: ...
*Glasgow*: 3 puntos. 

*ORIGINARIO ( A)*: Veracruz.
*DESCRIPCIÓN DE LO OCURRIDO*: Llega a la base un ciudadano a reportar un accidente de motocicleta, al arribo de la unidad me encuentro a una  femenina en posición supina con una Hx Abulsiva en el rostro lado izquierdo de unos 10cm de largo en vertical. 
*DIAGNÓSTICO*: TCE Grave, Hermorragia Activa, Estado de Choque.
*HOSPITAL  DE TRASLADO*: IMSS #71. 
 *RECIBE*: Jazmín Castillo Reyes.
*CÓDIGO*: (1) ROJO
*OBSERVACIONES*: Familiar Responsable: Rosa Elena Rodriguez Ixtepan.
*ANTECEDENTES PATOLOGICOS*: HTA.
*ANTECEDENTES  NO PATOLOGICOS*: N/A.
*ALERGIAS*: Negado.
 *MEDICAMENTOS*: Losartan de 50mg cada 24 hrs.
*AUTORIDAD EN EL LUGAR*: N/A.
*SEGURO*:
*DESPACHA*: Protección Civil Medellín.",
197,2026-08-16 13:41:31,214774235267138@lid,Você,De nada pendiente,
198,2026-08-16 13:48:48,120363042493725288@g.us,97878764691675,"U-072 con niveles correctos de aceite de motor aceite hidráulico  liquido de frenos y anticongelante 
Observación:
El aceite de motor ya está muy quemado requiere el servicio",
198,2026-08-16 14:00:25,120363042493725288@g.us,97878764691675,U-208 con niveles correctos de aceite de motor aceite hidráulico y liquido de frenos correctos,
198,2026-08-16 14:10:39,120363042493725288@g.us,97878764691675,U-098 con niveles correctos de aceite de motor aceite hidráulico y liquido de frenos,
198,2026-08-16 14:30:29,120363042493725288@g.us,97878764691675,U-096 con niveles correctos de aceite de motor aceite hidráulico y liquido de frenos,
198,2026-08-16 14:40:57,120363042493725288@g.us,Você,Al parecer se está infarto,
198,2026-08-16 14:40:57,120363042493725288@g.us,Você,Persona se siente mal,
198,2026-08-16 14:40:57,120363042493725288@g.us,Você,Buen día me pueden apoyar,
198,2026-08-16 14:41:26,120363042493725288@g.us,Você,Favor de acudir unidad 208 pide apoyo la policía estatal,
198,2026-08-16 14:41:59,120363042493725288@g.us,28067678416994,Enterada,
198,2026-08-16 14:44:18,120363042493725288@g.us,97878764691675,U-208 odómetro de salida,
198,2026-08-16 14:50:45,120363042493725288@g.us,128733256110143,"Buen día novedades del día 15/08/26 PC Medellín guardia (1)

08:58 sale unidad 098 a accidente automovilístico en Medellín sin personas lesionadas 09:54 retorna a base 

12:07 Sale unidad 096 a taller de clima en Veracruz 12:55 retorna a base 

12:17 sale la unidad 072 a reparar espejo lado derecho de operador 12:27 retornan a base 

12:37 sale la unidad 072 a apoyo de agua en el panteón de la laguna 14:17 retornan a base 

12:48 sale unidad motorizada a un servicio administrativo a Veracruz 14:21 retorna a base 

14:32 sale la unidad 096 a hacer inspección al AutoZone de el tejar 14:50 retorna a base

15:57 sale la unidad 096 en apoyo para ir a dejar carro versa k estaba prestado en base se dejó en el palacio municipal de Medellín 16:30 retornan a base 

20:03 sal unidad motorizada a inspección de feria en puente moreno 

20:07 Sale la unidad 096 a apoyo de inspección en feria de puente moreno 21:21 retornan a base 

23:36 sale la unidad 208 a atender accidente de moto en la entrada de playa de vacas se traslada a la 71 de días mirón 24:50 retorna a base 

02:36 sale la unidad 208 a atender persona lesionada por caída en arboledas san Ramón se traslada al HG de boca para su atención 03:56 retornan a base 

08:41 sale la unidad 208 a atender reporte de un masculino k se siente mal al parecer kiere darle un infarto en el crucero de Medellín pasando el puente como referencia al lado de un six",
198,2026-08-16 14:59:29,120363042493725288@g.us,97878764691675,U-208 en el punto,
198,2026-08-16 15:08:40,120363042493725288@g.us,28067678416994,"Unidad 208 retorna a base, posterior datos.
NO AMERITA TRASLADO, PX EN ESTADO ETÍLICO.",
198,2026-08-16 15:10:49,120363042493725288@g.us,128733256110143,Enterado en base,AC6A2E5B140C7D5D0BEB74E075975EA4
198,2026-08-16 15:20:36,120363042493725288@g.us,97878764691675,Odómetro de llegada U-208,
198,2026-08-16 15:24:15,120363042493725288@g.us,28067678416994,"*FECHA*: 16 de Agosto del 2026.
*HORA*: 08:40
*AMBULANCIA*: Unidad 208
*OPERADOR*: Miguel Martinez.
*PARAMEDICO*: Arely Avendaño.
*TERCERO ABORDO*: N/A.
*DIRECCIÓN DEL SERVICIO*: Carretera El Tejar/Jamapa, en la entrada de la colonia Las Mariposas.
*TIPO DE SERVICIO*: Urgencia.
*NOMBRE DEL PACIENTE*: Jaime Carvajal Martinez.
*EDAD*: 62 años.

*T/A*: 130/80 mmHg.
*F/C*: 78 LPM.
*F/R*: 16 RPM.
 *Spo2*: 98%
 *TEMPERATURA*: 36.9°.
*GLUC/OPCIONAL*: ...
*Glasgow*: 14 puntos. 

*ORIGINARIO ( A)*: Medellín De Bravo.
*DESCRIPCIÓN DE LO OCURRIDO*:
*DIAGNÓSTICO*: Paciente Estable, ESTADO ETÍLICO.
*HOSPITAL  DE TRASLADO*: NO AMERITÓ TRASLADO.
 *RECIBE*: N/A
*CÓDIGO*: Verde.
*OBSERVACIONES*: 
*ANTECEDENTES PATOLOGICOS*: HTA y diabetes.
*ANTECEDENTES  NO PATOLOGICOS*: Negado.
*ALERGIAS*: Negado.
 *MEDICAMENTOS*: Losartan y Metformida. 
*AUTORIDAD EN EL LUGAR*: Policia Estatal unidad SP-4465 a cargo de Jonathan Noé Cortez Fuentes.
*SEGURO*: Derecho habiente IMSS.
*DESPACHA*: Protección Civil Medellín.",
198,2026-08-16 15:32:42,120363042493725288@g.us,28067678416994,"Buenos dias 
A esta hora se termina la entrega y recepción de la unidad 098 y 208, al compañero Jorge, Yaiza y Angel.",
198,2026-08-16 15:35:34,120363042493725288@g.us,170179606609930,https://www.facebook.com/share/r/1PZZa1oBS1/?mibextid=wwXIfr,
198,2026-08-16 15:35:54,120363042493725288@g.us,136734830530561,Enterado buen día,AC3EF54C9568C50C38FF692D4C1F5090
198,2026-08-16 15:38:39,120363042493725288@g.us,213554649145471,Se recibe unidad 208 y 098 sin novedad,
198,2026-08-16 15:42:47,120363042493725288@g.us,213554649145471,Para conocimiento se sube equipo de diagnóstico y el agua oxigenada de la 098 a la 208,
198,2026-08-16 15:47:07,120363042493725288@g.us,Você,Pide apoyo la comandancia municipal para valoración de compañera que se siente mal,
198,2026-08-16 15:51:53,120363042493725288@g.us,214482211094536,Frente al dantista y la virgen que está en la vía,
198,2026-08-16 15:51:53,120363042493725288@g.us,214482211094536,Puedes mandar unidad para que le brinden servicios,
198,2026-08-16 15:51:53,120363042493725288@g.us,214482211094536,La señora se tiene mal,
198,2026-08-16 15:52:12,120363042493725288@g.us,214482211094536,Sale unidad U_208 a la localidad de paso del toro,
198,2026-08-16 15:52:44,120363042493725288@g.us,214482211094536,Y unidad 096 a valoración de la compañera de la comandancia municipal,
198,2026-08-16 15:56:41,120363042493725288@g.us,65915584544854,Sale unidad 208 a paso del Toro,
198,2026-08-16 15:56:53,120363042493725288@g.us,170179606609930,Enterado con precaución,3A10B168BBFC41B0BD80
198,2026-08-16 15:57:12,120363042493725288@g.us,170179606609930,Si le puedes mandar la dirección por GPS,
198,2026-08-16 15:57:19,120363042493725288@g.us,23670235877476,Sale unidad 096 a checar a elemento de la policía municipal,
198,2026-08-16 15:57:37,120363042493725288@g.us,170179606609930,Al operador,
198,2026-08-16 15:58:25,120363042493725288@g.us,23670235877476,La 096 se encuentra en el punto,
198,2026-08-16 15:58:25,120363042493725288@g.us,43465723384010,Unidad 208 sale a paso del toro,
198,2026-08-16 15:58:29,120363042493725288@g.us,214482211094536,https://maps.app.goo.gl/V9AKyp4CMF8af9A3A?g_st=iw,
198,2026-08-16 16:22:41,120363042493725288@g.us,65915584544854,Unidad 208 en el punto,
198,2026-08-16 16:24:31,120363042493725288@g.us,Você,Enterado  base,3A8060B99200AE7D60C0
198,2026-08-16 16:24:36,120363042493725288@g.us,72104464666678,Unidad 096 en servicio,
198,2026-08-16 16:25:21,120363042493725288@g.us,72104464666678,Unidad 096 de regreso en base,
198,2026-08-16 16:39:29,120363042493725288@g.us,65915584544854,Unidad 208 retorno a base,
198,2026-08-16 16:39:42,120363042493725288@g.us,194171226824727,Enterado base,
198,2026-08-16 16:40:08,120363042493725288@g.us,24395531739173,"*FECHA*: 16/08/2026
*AMBULANCIA*: unidad 096
*OPERADOR*: Carlos Peña 
*PARAMEDICO*: Yaiza Hernández
*TERCERO ABORDO*:- Emily Janeth 
*DIRECCIÓN DEL SERVICIO*: Comandancia municipal 
*TIPO DE SERVICIO*: Urgencia 
*NOMBRE DEL PACIENTE*: Denisse Alejandra Hernández Tenorio
*EDAD*: 32 años 

*T/A*: 142/60
*F/C*: 98
*F/R*: 19
 *Spo2*: 99
 *TEMPERATURA*:36.2
*GLUC/OPCIONAL*:
*Glasgow*: 15 

*ORIGINARIO ( A)*: Veracruz 
*DESCRIPCIÓN DE LO OCURRIDO*: Refiere haber comenzado días previos con dolor de cabeza y fiebre
*DIAGNÓSTICO*: Hipertensión reactiva, elevación de la T/A reactiva 
*HOSPITAL  DE TRASLADO*: N/A
 *RECIBE*: N/A  
*CÓDIGO*: verde
*OBSERVACIONES*: Elevación de la T/A sistolica 
*ANTECEDENTES PATOLOGICOS*:  Negados  
*ANTECEDENTES  NO PATOLOGICOS*: negados 
*ALERGIAS*: negadas 
 *MEDICAMENTOS*: negados 
*AUTORIDAD EN EL LUGAR*: Apoyo a comandancia municipal 
*SEGURO*: N/A
*DESPACHA*: protección civil Medellín",
198,2026-08-16 17:05:14,120363042493725288@g.us,43465723384010,"*FECHA*: 16/08/2026
*AMBULANCIA*: unidad 208
*OPERADOR*: Jonathan García 
*PARAMEDICO*: Angel Camiron
*TERCERO ABORDO*:-
*DIRECCIÓN DEL SERVICIO*: insurgentes sur
*TIPO DE SERVICIO*: Urgencia 
*NOMBRE DEL PACIENTE*: luz María Palacios Andrea 
*EDAD*: 67años 

*T/A*: 150/80
*F/C*: 79
*F/R*: 18
 *Spo2*: 97
 *TEMPERATURA*:36.5
*GLUC/OPCIONAL*:
*Glasgow*: 15 

*ORIGINARIO ( A)*: Veracruz 
*DESCRIPCIÓN DE LO OCURRIDO*: Refiere haber estado recolectando basura y una calle antes de llegar a su domicilio sentir un dolor punzante en la cabeza acompañado con hormigueo en la pierna izquierda
*DIAGNÓSTICO*: hipoglicemia 
*HOSPITAL  DE TRASLADO*: N/A
 *RECIBE*: N/A  
*CÓDIGO*: verde
*OBSERVACIONES*: Elevación de la T/A sistolica 
*ANTECEDENTES PATOLOGICOS*:  diabetes 
*ANTECEDENTES  NO PATOLOGICOS*: negados 
*ALERGIAS*: negadas 
 *MEDICAMENTOS*:toma medicamentos para controlar la glucosa pero no específico cuál 
*AUTORIDAD EN EL LUGAR*: N/A
*SEGURO*: N/A
*DESPACHA*: protección civil Medellín",
198,2026-08-16 17:05:28,120363042493725288@g.us,65915584544854,Unidad 208 llegada a base,
199,2026-08-16 14:40:34,128733256110143@lid,128733256110143,Persona se siente mal,
199,2026-08-16 14:40:34,128733256110143@lid,128733256110143,Buen día me pueden apoyar,
199,2026-08-16 14:40:35,128733256110143@lid,128733256110143,Al parecer se está infarto,
200,2026-08-16 19:06:57,120363042493725288@g.us,214482211094536,Reportan persona inconciente en esa ubicación en la localidad de los robles,
200,2026-08-16 19:07:03,120363042493725288@g.us,214482211094536,Sale unidad 208,
200,2026-08-16 19:11:20,120363042493725288@g.us,194171226824727,Enterado base con precaución,
200,2026-08-16 19:30:10,120363042493725288@g.us,214482211094536,Unidad en el punto,
200,2026-08-16 19:32:18,120363042493725288@g.us,214482211094536,PX código negro,
200,2026-08-16 20:28:47,120363042493725288@g.us,214482211094536,A qui mismo en los robles derrape de moto,
200,2026-08-16 21:27:41,120363042493725288@g.us,213554649145471,"*FECHA*  16/ 08/2026
*AMBULANCIA*  U-208
*OPERADOR* José Luis Prieto
*PARAMEDICO* Jorge Luna 
*TERCERO ABORDO*
Emily Janeth 
Yaiza  Hernández 
*NOMBRE DEL PACIENTE* 
Julio Jiménez Alarcón 
*FECHA DE NACIMIENTO:* 
02/06/ 1967
*DIRECCIÓN DEL SERVICIO*  
Ignacio Aldama S/n/ Alberto Tejeda y sin nombre 
Loc: Los robles 
Medellín De Bravo 
*TIPO DE SERVICIO* 
Urgencia 
*T/A* 
*F/C*
*F/R*  
 *Spo2*  
 *TEMPERATURA* 
*GLUC/OPCIONAL* 
*EDAD* 57 años 
*ORIGINARIO (A)* 
Veracruz 
*DESCRIPCIÓN DE LO OCURRIDO*
Refieren familiares que a la hora del almuerzo no quiso comer con la familia debido a que no tenía apetito, posterior al acontecimiento sus familiares lo encontraron en decubito supino sobre su cama y no les respondía. 

*DIAGNÓSTICO* 
PB IAM 
*HOSPITAL  DE TRASLADO* 
N/a 
 *RECIBE*  N/a 
*CÓDIGO* Negro 
*OBSERVACIONES* 
El paciente se encuentra en su cama, tapado completamente,  en decubito supino, sin pulso central ni distal, 
Pupilas midriaticas no reactivas.
Ausencia de ruidos respiratorios 
Ausencia de Ruidos Cardíacos 
*ANTECEDENTES PATOLOGICOS*
Hipertension 
Derrame pleural 
Cardiomegalia 
*ANTECEDENTES  NO PATOLOGICOS*
Negados  
*ALERGIAS* Negadas 

 *MEDICAMENTOS* 
 Polifarmacia 
*AUTORIDAD EN EL LUGAR* 
Mando Policía Municipal:Evelyn De Los Ángeles Puerto Domingues Con 3 más de fuerza 
En la unidad:PM:109
*SEGURO* N/a
*DESPACHA* 
Policía municipal C5",
200,2026-08-16 21:36:15,120363042493725288@g.us,213554649145471,Unidad 208 en base,
200,2026-08-16 22:27:10,120363042493725288@g.us,65915584544854,Unidad 208 sale a carga de combustible,
200,2026-08-16 22:27:35,120363042493725288@g.us,214482211094536,Enterado con precaución,
200,2026-08-16 22:36:56,120363042493725288@g.us,65915584544854,Unidad 208 cargando combustible,
200,2026-08-16 22:59:44,120363042493725288@g.us,65915584544854,Unidad 206 regresa de carga de combustible,
200,2026-08-16 23:26:00,120363042493725288@g.us,136734830530561,208,
200,2026-08-17 00:44:51,120363042493725288@g.us,170179606609930,"*Buen día, equipo.*

Para mañana tenemos varias actividades programadas:

* *Guardia entrante:nos vemos en el homenaje a la bandera en la 208, a las 8:10 a. m.*
* *Guardia saliente:* deberá estar a las *7:30 a. m. en el DIF* para la entrega de lentes.
* En el DIF estaremos realizando también el *relevo de ambulancias*

Quedo pendiente de cualquier indicación.

*Favor de confirmar de enterado o reaccionar a este mensaje.*

Gracias a todos.",
200,2026-08-17 00:50:35,120363042493725288@g.us,226585563119766,Enterada,3A70CA22158A47E33B03
200,2026-08-17 01:03:12,120363042493725288@g.us,Você,"*Ubicación:*https://www.google.com/maps/place/19.07816,-96.15176",
200,2026-08-17 01:03:28,120363042493725288@g.us,Você,Reportan accidente de moto en esa ubicación,
200,2026-08-17 01:03:44,120363042493725288@g.us,214482211094536,Sale unidad 098,
200,2026-08-17 01:12:26,120363042493725288@g.us,214482211094536,Una moto,
200,2026-08-17 01:12:26,120363042493725288@g.us,214482211094536,En la laguna bro,
200,2026-08-17 01:13:32,120363042493725288@g.us,65915584544854,Enterado vamos saliendo,
200,2026-08-17 01:13:52,120363042493725288@g.us,65915584544854,208,
200,2026-08-17 01:16:11,120363042493725288@g.us,65915584544854,Unidad 208 saliendo de base,
200,2026-08-17 01:22:39,120363042493725288@g.us,170179606609930,Con cuidado,
200,2026-08-17 01:22:44,120363042493725288@g.us,170179606609930,Quedo pendiente,
200,2026-08-17 01:23:50,120363042493725288@g.us,65915584544854,Llegando al punto,
200,2026-08-17 01:24:32,120363042493725288@g.us,65915584544854,Unidad 208,3AC3C8C992146061829F
200,2026-08-17 01:52:44,120363042493725288@g.us,65915584544854,Unidad 208 en regional de boca del rio,
200,2026-08-17 01:53:10,120363042493725288@g.us,Você,Enterado base,
200,2026-08-17 01:54:37,120363042493725288@g.us,24395531739173,Unidad 098 en el punto,
200,2026-08-17 01:58:43,120363042493725288@g.us,194171226824727,Enterado base,AC3B34A6D8114CC544372BA51B0A59ED
200,2026-08-17 02:14:54,120363042493725288@g.us,65915584544854,Siguiente servido de la unidad 208 rumbo hacia a Juan de Alfaro,
200,2026-08-17 02:17:14,120363042493725288@g.us,65915584544854,Me mandan la ubicación,
200,2026-08-17 02:17:19,120363042493725288@g.us,65915584544854,Porfavor,
200,2026-08-17 02:17:37,120363042493725288@g.us,170179606609930,Quien le reportó?,ACF6D918D11819539623ECDF13AFAFD9
200,2026-08-17 02:18:38,120363042493725288@g.us,170179606609930,Enterado!,
200,2026-08-17 02:22:14,120363042493725288@g.us,136734830530561,Ya procediste 208??,3AC41B3F372A4B4F9867
200,2026-08-17 02:22:38,120363042493725288@g.us,Você,"*Reporte al 9-1-1 (PRELIMINAR)*
Fecha y Hora: *16/08/2026 20:07:14*
Asunto: *ACCIDENTE DE MOTOCICLISTA*
Colonia: *JUAN  DE  ALFARO*
Calle: *CORDOBA   BOCA DEL RIO S/N*
Entre calles: *NO ESPECIFICADO*
Referencia: *NO ESPECIFICADO*
Localidad: *JUAN DE  ALFARO*
Municipio: *MEDELLIN DE BRAVO*
*Ubicación:*https://www.google.com/maps/place/19.011472423716,-96.153357089181
*Resumen de evento*",
200,2026-08-17 02:26:08,120363042493725288@g.us,214482211094536,Unidad 098 en clínica 61 en espera de equipo,
200,2026-08-17 02:30:02,120363042493725288@g.us,170179606609930,Chicos no podemos estar saliendo así,
200,2026-08-17 02:30:12,120363042493725288@g.us,170179606609930,Y mover un vehículo a grandes distancias,
200,2026-08-17 02:30:27,120363042493725288@g.us,214482211094536,Enterado jefe,
200,2026-08-17 02:30:28,120363042493725288@g.us,170179606609930,Apóyense con la policía que está haciendo recorridos preventivos,
200,2026-08-17 02:33:49,120363042493725288@g.us,170179606609930,Lleguen y tomen datos,AC2AAC21906D30D191EB7D35808771A3
200,2026-08-17 02:33:55,120363042493725288@g.us,170179606609930,Para que el crin,
200,2026-08-17 02:33:59,120363042493725288@g.us,170179606609930,Tenga conocimiento,
200,2026-08-17 02:34:03,120363042493725288@g.us,170179606609930,Del servicio,
200,2026-08-17 02:34:26,120363042493725288@g.us,65915584544854,Unidad 206 arribando a Juan de Alfaro,
200,2026-08-17 02:34:35,120363042493725288@g.us,214482211094536,208,3ACB2B76CB28FD34193A
200,2026-08-17 02:34:36,120363042493725288@g.us,136734830530561,"Si está tomado y ya lo tienen en un vehículo ya lo movieron, entonces no tiene caso que lleguen",3A7ADB5B1A3EE455FDD6
200,2026-08-17 02:34:47,120363042493725288@g.us,136734830530561,Por donde van 208 ??,
200,2026-08-17 02:38:46,120363042493725288@g.us,170179606609930,Ahí no hay señal,
200,2026-08-17 03:11:15,120363042493725288@g.us,213554649145471,Unidad 098 en base,
200,2026-08-17 03:16:02,120363042493725288@g.us,65915584544854,Unidad 208 Nos retiramos del lugar con el paciente rumbo hacia boca del rio por revaloracion fuerte dolor abdominal posible fractura de costilla 5ta costilla,
200,2026-08-17 03:25:56,120363042493725288@g.us,65915584544854,Unidad 208 en boca del rio,
200,2026-08-17 03:26:23,120363042493725288@g.us,214482211094536,Enterado en base,
200,2026-08-17 03:57:29,120363042493725288@g.us,65915584544854,Unidad 208 saliendo de boca del rio rumbo a base,
200,2026-08-17 03:57:38,120363042493725288@g.us,170179606609930,Enterado gracias,3A6D20801E546C855683
200,2026-08-17 04:10:37,120363042493725288@g.us,43465723384010,"*FECHA*  16/ 08/2026
*AMBULANCIA*  208
*OPERADOR* Jonatan García 
*PARAMEDICO* angel Esaed Camiron 
*TERCERO ABORDO*Carlos Alberto Peña Pérez 
*NOMBRE DEL PACIENTE* 
Pedro Ángel aterano Guevara 
*FECHA DE NACIMIENTO:* 
*DIRECCIÓN DEL SERVICIO*  calle lirios
Colonia:Gutiérrez de la rosa 
*TIPO DE SERVICIO* 
Urgencia 
*T/A* 
*F/C*
*F/R*  
 *Spo2*  
 *TEMPERATURA* 
*GLUC/OPCIONAL* 
*EDAD* 37 años 
*ORIGINARIO (A)* 
Veracruz 
*DESCRIPCIÓN DE LO OCURRIDO*
Refiere que dándole mantenimiento a su moto sus dedos índice y medio quedaron aprastados con la cadena 

*DIAGNÓSTICO* 
Fractura dedo índice y medio 
*HOSPITAL  DE TRASLADO* 
Hospital de boca del río",
200,2026-08-17 04:15:41,120363042493725288@g.us,43465723384010,"*FECHA*  16/ 08/2026
*AMBULANCIA*  208
*OPERADOR* Jonatan García 
*PARAMEDICO* angel Esaed Camiron 
*TERCERO ABORDO*Carlos Alberto Peña Pérez 
*NOMBRE DEL PACIENTE* Jorge delfino merengues Osorio 
*FECHA DE NACIMIENTO:* 

*DIRECCIÓN DEL SERVICIO*  Juan de Alfaro 
*TIPO DE SERVICIO* 
Urgencia 
*T/A* 
*F/C*
*F/R*  
 *Spo2*  
 *TEMPERATURA* 

*GLUC/OPCIONAL* 
*EDAD* 56 años 
*ORIGINARIO (A)* 
Veracruz 
*DESCRIPCIÓN DE LO OCURRIDO*
Paciente alcoholizado tuvo axidente en motocicleta,presenta laceraciones en estremidades superiores e inferiores,refiere dolor torácico 

*DIAGNÓSTICO* 
Posible fractura aproximadamente en la quinta o sexta costilla 

*HOSPITAL  DE TRASLADO* 
Hospital de boca del río",
200,2026-08-17 04:17:24,120363042493725288@g.us,170179606609930,https://www.facebook.com/share/1KUnMj1tcf/?mibextid=wwXIfr,
200,2026-08-17 04:17:47,120363042493725288@g.us,65915584544854,Unidad 208 en base,
201,2026-08-17 01:02:20,214774235267138@lid,Você,...,
201,2026-08-17 01:02:57,214774235267138@lid,214774235267138,"*Ubicación:*https://www.google.com/maps/place/19.07816,-96.15176",
201,2026-08-17 01:03:04,214774235267138@lid,Você,11 mandó,
201,2026-08-17 02:22:29,214774235267138@lid,214774235267138,"*Reporte al 9-1-1 (PRELIMINAR)*
Fecha y Hora: *16/08/2026 20:07:14*
Asunto: *ACCIDENTE DE MOTOCICLISTA*
Colonia: *JUAN  DE  ALFARO*
Calle: *CORDOBA   BOCA DEL RIO S/N*
Entre calles: *NO ESPECIFICADO*
Referencia: *NO ESPECIFICADO*
Localidad: *JUAN DE  ALFARO*
Municipio: *MEDELLIN DE BRAVO*
*Ubicación:*https://www.google.com/maps/place/19.011472423716,-96.153357089181
*Resumen de evento*",
202,2026-08-17 06:12:32,214774235267138@lid,214774235267138,"https://www.google.com/maps/place/19.096281881546,-96.167997820468 *ACCIDENTE CON LESIONAD EN CTO EUROPA ESQUINA CIRCUITO GRECIA*",
202,2026-08-17 06:13:19,214774235267138@lid,Você,Sale unidad u-098,
202,2026-08-17 07:07:25,214774235267138@lid,214774235267138,de este tiene novedad mando,3EB00330982886AF50E147
202,2026-08-17 07:11:59,214774235267138@lid,Você,"Paciente Jorge Delfino merengues Osorio 

Edad 56

En estado etílico y policontundido se traslado al hospital regional de boca del rio para descartar posible fractura de costilla 

U208 al mandó Jonathan García",
203,2026-08-17 06:12:41,120363042493725288@g.us,Você,"https://www.google.com/maps/place/19.096281881546,-96.167997820468 *ACCIDENTE CON LESIONAD EN CTO EUROPA ESQUINA CIRCUITO GRECIA*",
203,2026-08-17 06:16:58,120363042493725288@g.us,Você,Reportan femenina con sangrado y golpe en la cabeza,
203,2026-08-17 06:19:37,120363042493725288@g.us,23670235877476,Sale unidad 098,
203,2026-08-17 06:27:12,120363042493725288@g.us,214482211094536,Unidad 098 en el punto,AC93DA2585132923432C67FDB9C3A1D2
203,2026-08-17 06:29:00,120363042493725288@g.us,214482211094536,Policía estatal Jonathan Noé cortez fuentes con 3 mas de fuerza unidad SP _ 4465,
203,2026-08-17 06:32:46,120363042493725288@g.us,23670235877476,"Mando de tránsito:Jesús Hernández con 1 elemento más 
En la unidad: TE 01088",
203,2026-08-17 06:33:07,120363042493725288@g.us,265639449067682,Enterado base,
203,2026-08-17 06:43:39,120363042493725288@g.us,213554649145471,"Px codigo verde 
Dx: policontundido sin perdida del estado de alerta 
Decide quedarse en el lugar a la espera de pases médicos particulares.",
203,2026-08-17 06:43:52,120363042493725288@g.us,213554649145471,En breve más datos,
203,2026-08-17 06:46:57,120363042493725288@g.us,213554649145471,Unidad 098 en base,
203,2026-08-17 07:06:20,120363042493725288@g.us,213554649145471,"*FECHA*  17/ 08/2026
*AMBULANCIA*  U-098
*OPERADOR* José Luis Prieto
*PARAMEDICO* Jorge Luna 
*TERCERO ABORDO*
Emily Janeth 
Yaiza  Hernández 
*NOMBRE DEL PACIENTE* 
BRIZA DEL ANGEL CHABLE CHIÑAS  
*FECHA DE NACIMIENTO:* 
NO APORTA 
*DIRECCIÓN DEL SERVICIO*  
AV EUROPA 
CIRCUITO HOLANDA 
FRACCIONAMIENTO PUENTE MORENO 
MEDELLÍN DE BRAVO 
*TIPO DE SERVICIO* 
URGENCIA 
*T/A* 160/100
*F/C* 98
*F/R*  18
 *Spo2*  97
 *TEMPERATURA* 
*GLUC/OPCIONAL* 
*EDAD* 24 años 
*ORIGINARIO (A)* 
VERACRUZ 
*DESCRIPCIÓN DE LO OCURRIDO*
REFIERE CIRCULAR SOBRE LA AV PRINCIPAL SIN CASCO DE SEGURIDAD CUANDO OTRO VEHÍCULO PARTICULAR QUE YA NO SE ENCONTRABA EN EL LUGAR SE ATRAVESÓ PROVOCANDO LA CAIDA.

*DIAGNÓSTICO* 
PX POLICONTUNDIDO 
*HOSPITAL  DE TRASLADO* 
N/a 
 *RECIBE*  N/a 
*CÓDIGO* VERDE 
*OBSERVACIONES* 
El PACIENTE SE ENCUENTRA CONSCIENTE Y  ORIENTADO EN POSICIÓN SEDENTE, A LA VALORACIÓN SE ENCUENTRAN CONTUSIONES MENORES 
HIPERTENSIÓN REACTIVA.
PX SE QUEDA CON TRANSITO PARA EL DESLINDE DE RESPONSABILIDAD Y PASES MEDICOS.
*ANTECEDENTES PATOLOGICOS*
NEGADOS 
*ANTECEDENTES  NO PATOLOGICOS*
NEGADOS 
*ALERGIAS* NEGADAS 

 *MEDICAMENTOS* 
 NEGADOS 
*AUTORIDAD EN EL LUGAR* 
Policía estatal Jonathan Noé cortez fuentes con 3 mas de fuerza unidad SP _ 4465

Mando de tránsito:Jesús Hernández con 1 elemento más 
En la unidad: TE 01088
*SEGURO* N/a
*DESPACHA* 
C5 911",
204,2026-08-17 08:54:16,120363042493725288@g.us,265639449067682,"Oasis de ojaranso #50
Fraccionamiento arboledas San Ramón 
Reporta compañero spp que llegaron a pedir el apoyo para valoración a esa ubicación",
204,2026-08-17 09:12:14,120363042493725288@g.us,65915584544854,Salida se base,
204,2026-08-17 09:13:56,120363042493725288@g.us,65915584544854,Unidad 208 en dominio,
204,2026-08-17 09:31:47,120363042493725288@g.us,Você,"*Reporte al 9-1-1 (PRELIMINAR)*
Fecha y Hora: *17/08/2026 03:23:06*
Asunto: *VIOLENCIA FAMILIAR*
Colonia: *LA GLORIA*
Calle: *CALLEJON SAN MARTIN CABALLERO S/N*
Entre calles: *NO ESPECIFICADO*
Referencia: *CERCA  TORTILERIA LA GLORIA*
Localidad: *MEDELLIN DE BRAVO*
Municipio: *MEDELLIN DE BRAVO*
*Ubicación:*https://www.google.com/maps/place/19.015386999217,-96.125179220008
*Resumen de evento*",
204,2026-08-17 09:32:47,120363042493725288@g.us,Você,Femenina sangre de la frente en espera de confirmación de la unidad dela ssp,
204,2026-08-17 09:43:00,120363042493725288@g.us,65915584544854,Regreso a base,
204,2026-08-17 09:44:41,120363042493725288@g.us,65915584544854,Unidad 208,
204,2026-08-17 09:48:49,120363042493725288@g.us,65915584544854,Unidad 208 en base,
204,2026-08-17 09:50:20,120363042493725288@g.us,Você,"YA ESTAN EN EL PUNTO, VAN A CHECAR LA SITUACION",
204,2026-08-17 09:56:15,120363042493725288@g.us,Você,SE MOLESTO PORQUE SUS PADRES PIDIERON EL APOYO,
204,2026-08-17 09:56:15,120363042493725288@g.us,Você,LA FEMENINA NO QUIERE NADA,
204,2026-08-17 09:56:15,120363042493725288@g.us,Você,YA SIN EFECTO MANDO,
204,2026-08-17 09:56:32,120363042493725288@g.us,Você,Se cancela el servicio,AC4140B1557624B7AAC7DB5BD9EA6F46
204,2026-08-17 09:56:41,120363042493725288@g.us,43465723384010,"*FECHA*  17/ 08/2026
*AMBULANCIA*  U-098
*OPERADOR* Yonatan García 
*PARAMEDICO* Ángel Esaed Camiron Maldonado 
*TERCERO ABORDO

*NOMBRE DEL PACIENTE* Edith Rangel luna 
*FECHA DE NACIMIENTO:* 

NO APORTA 
*DIRECCIÓN DEL SERVICIO*  oasis de ojaranzo #50
*TIPO DE SERVICIO*
urgencia 
*T/A*
*F/C*
*F/R* 
 *Spo2* 
 *TEMPERATURA* 
*GLUC/OPCIONAL* 
*EDAD* 49 años 
*ORIGINARIO (A)* 
VERACRUZ 
*DESCRIPCIÓN DE LO OCURRIDO*
REFIERE dolor abdominal generalizado,comenta que defeca muy poco y con muchos gases

*DIAGNÓSTICO* 
PX con estreñimiento sebero
*HOSPITAL  DE TRASLADO* 
N/a 
 *RECIBE*  N/a 
*CÓDIGO* VERDE
*OBSERVACIONES* 
La paciente cuenta con acomulacion de gases y heses,comenta que tiene intestino perezoso,se descarto posible apendicitis 
*ANTECEDENTES PATOLOGICOS*
Intestino perezoso 
*ANTECEDENTES  NO PATOLOGICOS*
NEGADOS",
205,2026-08-17 09:31:35,214774235267138@lid,214774235267138,"*Reporte al 9-1-1 (PRELIMINAR)*
Fecha y Hora: *17/08/2026 03:23:06*
Asunto: *VIOLENCIA FAMILIAR*
Colonia: *LA GLORIA*
Calle: *CALLEJON SAN MARTIN CABALLERO S/N*
Entre calles: *NO ESPECIFICADO*
Referencia: *CERCA  TORTILERIA LA GLORIA*
Localidad: *MEDELLIN DE BRAVO*
Municipio: *MEDELLIN DE BRAVO*
*Ubicación:*https://www.google.com/maps/place/19.015386999217,-96.125179220008
*Resumen de evento*",
205,2026-08-17 09:33:25,214774235267138@lid,Você,Me avisa cuando este la unidad en el punto comando,
205,2026-08-17 09:48:16,214774235267138@lid,Você,?,
205,2026-08-17 09:50:03,214774235267138@lid,214774235267138,"YA ESTAN EN EL PUNTO, VAN A CHECAR LA SITUACION",
205,2026-08-17 09:50:30,214774235267138@lid,Você,Ok mandó,
205,2026-08-17 09:55:23,214774235267138@lid,Você,Sale u-208,
205,2026-08-17 09:55:38,214774235267138@lid,214774235267138,YA SIN EFECTO MANDO,
205,2026-08-17 09:55:43,214774235267138@lid,214774235267138,LA FEMENINA NO QUIERE NADA,
205,2026-08-17 09:55:56,214774235267138@lid,Você,Ok gracias,
205,2026-08-17 09:55:58,214774235267138@lid,214774235267138,SE MOLESTO PORQUE SUS PADRES PIDIERON EL APOYO,
205,2026-08-17 09:56:59,214774235267138@lid,Você,Cancelo pendiente,
205,2026-08-17 09:57:35,214774235267138@lid,214774235267138,si mando gracias,
205,2026-08-17 10:16:09,214774235267138@lid,Você,"Paciente=Briza del angel chable chiñas 

Edad 24 años 

Diagnóstico px policontundido 
No requirió traslado se queda en el lugar para el pase medico 

U-098 al mandó de José Luis prieto",3EB0E023D9A71FF6AE6878
206,2026-08-17 10:02:24,170179606609930@lid,170179606609930,Quien está al teléfono de WhatsApp,ACD0BDEAC646F7D62CDCA87614FD6128
206,2026-08-17 10:02:26,170179606609930@lid,170179606609930,?,
206,2026-08-17 10:03:17,170179606609930@lid,Você,Chapo,
206,2026-08-17 10:03:24,170179606609930@lid,Você,Diga,
206,2026-08-17 10:03:29,170179606609930@lid,170179606609930,Oye pásame la ubicación,
206,2026-08-17 10:03:35,170179606609930@lid,170179606609930,De donde es la rotonda nueva,
206,2026-08-17 10:03:43,170179606609930@lid,170179606609930,Dónde se llevan acabo los eventos,
206,2026-08-17 10:03:50,170179606609930@lid,170179606609930,De los bailes de cumbia fest,
206,2026-08-17 10:04:51,170179606609930@lid,Você,https://maps.app.goo.gl/n6kBZX6M1sSJTBzk8,
206,2026-08-17 10:05:02,170179606609930@lid,170179606609930,Ahí es ?,
206,2026-08-17 10:05:06,170179606609930@lid,Você,Sip,
206,2026-08-17 10:05:26,170179606609930@lid,Você,Es donde está la feria en puente,
206,2026-08-17 10:06:37,170179606609930@lid,170179606609930,Señálame el espacio acá ?,
206,2026-08-17 10:07:58,170179606609930@lid,Você,La feria esta en el espacio grandote,
206,2026-08-17 10:08:11,170179606609930@lid,170179606609930,Vientos,
206,2026-08-17 10:08:21,170179606609930@lid,Você,Y ay es el baile donde siempre lo haces es un campo,
206,2026-08-17 10:08:35,170179606609930@lid,170179606609930,En el círculo redondo verde que me marcaste,AC95C16AB7900BA6604551F1287ED4D8
206,2026-08-17 10:09:46,170179606609930@lid,Você,Así es,
206,2026-08-17 10:09:56,170179606609930@lid,Você,Ay va hacer el baile,
206,2026-08-17 10:11:58,170179606609930@lid,Você,Es ese espacio,
206,2026-08-17 10:12:26,170179606609930@lid,Você,El otro es para la feria y estacionamiento,
207,2026-08-17 12:42:57,120363042493725288@g.us,170179606609930,Buen día ☀️ equipo excelente inicio de semana,3A70CA22158A47E33B03
207,2026-08-17 12:53:40,120363042493725288@g.us,142696480022690,Se solicita ambulancia en rancho del padre porfavor si lo pueden atender,
207,2026-08-17 13:03:51,120363042493725288@g.us,65915584544854,Unidad 208 saliendo de base,
207,2026-08-17 13:04:11,120363042493725288@g.us,170179606609930,Con precaución,3A614145AFD7C6879D39
207,2026-08-17 13:22:39,120363042493725288@g.us,23670235877476,Sale unidad 098 al evento del DIF,
207,2026-08-17 13:22:39,120363042493725288@g.us,65915584544854,Llegada al lugar,
207,2026-08-17 13:29:41,120363042493725288@g.us,43465723384010,Código negro,
207,2026-08-17 13:32:55,120363042493725288@g.us,65915584544854,Se da atención,
207,2026-08-17 13:33:10,120363042493725288@g.us,23670235877476,Unidad 098 en el punto del DIF,
207,2026-08-17 14:01:56,120363042493725288@g.us,135450517885035,que paso con la señora de Rancho del.padre.,
207,2026-08-17 14:02:25,120363042493725288@g.us,170179606609930,Fallecido,AC1738C1A80D4CF017CA0A9BAD273988
207,2026-08-17 14:02:29,120363042493725288@g.us,170179606609930,Licenciado,
207,2026-08-17 14:02:29,120363042493725288@g.us,65915584544854,Estamos esperando a que venga la policía municipal,
207,2026-08-17 14:02:33,120363042493725288@g.us,65915584544854,Falleció,
207,2026-08-17 14:10:36,120363042493725288@g.us,136734830530561,Unidad motorizada 10 a acto civico,
207,2026-08-17 14:12:31,120363042493725288@g.us,226585563119766,Sale unidad 096 al palacio con personal de pc para el acto civico,
207,2026-08-17 14:16:33,120363042493725288@g.us,128733256110143,096 en palacio,A5D0A992CE5CDA8793B8488921908B91
207,2026-08-17 14:16:53,120363042493725288@g.us,170179606609930,Gracias!,
207,2026-08-17 14:25:35,120363042493725288@g.us,Você,Reportan culebra en esa ubicación,
207,2026-08-17 14:26:00,120363042493725288@g.us,65915584544854,Unidad. 208 regresa a base,
207,2026-08-17 14:53:46,120363042493725288@g.us,Você,Ahí está,
207,2026-08-17 14:54:01,120363042493725288@g.us,Você,El reporte dela culebra,
207,2026-08-17 15:06:52,120363042493725288@g.us,170188213383234,Sale U-096 al reporte,ACF3C3C56FEC8104D5E98EED4B3F2B91
207,2026-08-17 15:07:07,120363042493725288@g.us,128733256110143,Enterado con precaución,AC828B29B5712D484D06D2D3CAD55FEE
207,2026-08-17 15:13:45,120363042493725288@g.us,170179606609930,Enterado muchas gracias,AC11DF832B4BF579EFBC870EADAD3B4B
207,2026-08-17 15:13:48,120363042493725288@g.us,97878764691675,"Se captura culebra en domicilio serranía de saval con la ciudadana que dijo llamarse:
Rosario Torres González",
207,2026-08-17 15:15:09,120363042493725288@g.us,65915584544854,Unidad 208 en base,
207,2026-08-17 15:28:26,120363042493725288@g.us,97878764691675,Se procede a liberar ala víbora,
207,2026-08-17 15:35:19,120363042493725288@g.us,97878764691675,Odómetro de llegada a base,
207,2026-08-17 15:44:31,120363042493725288@g.us,97878764691675,U-072 con niveles correctos de aceite de motor aceite hidráulico liquido de frenos y aceite de motor de bomba  de agua,
207,2026-08-17 15:45:24,120363042493725288@g.us,136734830530561,Listo módulo PC,
207,2026-08-17 15:47:41,120363042493725288@g.us,97878764691675,U-208 falta poner a nivel aceite de motor con 1/2 litro delos demás niveles están correctos,
207,2026-08-17 15:48:52,120363042493725288@g.us,170179606609930,Gracias!,AC4702822C67441F2A4455AAFF97DB0E
207,2026-08-17 15:54:13,120363042493725288@g.us,97878764691675,Poniendo a nivel de aceite de motor el compañero Yonatan,
207,2026-08-17 15:57:45,120363042493725288@g.us,136734830530561,Queda el personal asignado de la 098,
207,2026-08-17 15:59:50,120363042493725288@g.us,136734830530561,Unidad motorizada 10 a 58,
207,2026-08-17 16:10:13,120363042493725288@g.us,128733256110143,096 en base,
207,2026-08-17 16:10:43,120363042493725288@g.us,170179606609930,Gracias!,ACA726796816B8221DE1DB6888B0C531
207,2026-08-17 17:21:26,120363042493725288@g.us,170188213383234,Unidad 072 Abastecio de agua la base,
207,2026-08-17 17:25:29,120363042493725288@g.us,170179606609930,"Buen día equipo!

Compañeros, es importante que se realice la revisión de posibles fugas, ya que no podemos estar ocupados en actividades que nos impidan atender estos servicios.

Les encargo a los jefes de guardia realizar recorridos y verificar posibles fugas, así como reportarlas oportunamente para su atención.

Asimismo, todo permiso o cambio de guardia deberá solicitarse **por escrito**, dejando copia de conocimiento a **Recursos Humanos (RH)**, a fin de evitar que se genere algún descuento adicional.

Les agradezco su apoyo y cumplimiento.",ACE4F996C968893BEAEC206BDB023BF0
207,2026-08-17 17:26:59,120363042493725288@g.us,28067678416994,Enterada.,3AD76D5E1C5B45F1EB17
207,2026-08-17 17:34:00,120363042493725288@g.us,226585563119766,Enterada,3AD76D5E1C5B45F1EB17
207,2026-08-17 17:52:44,120363042493725288@g.us,128733256110143,Se coloca póliza de seguro en la unidad 096,
207,2026-08-17 17:55:02,120363042493725288@g.us,97878764691675,Se guarda póliza de seguro en el maletín dela U-208,
207,2026-08-17 18:09:00,120363042493725288@g.us,170179606609930,Descansamos,
207,2026-08-17 18:27:06,120363042493725288@g.us,170179606609930,👀,
207,2026-08-17 18:44:53,120363042493725288@g.us,136734830530561,"BUEN DÍA, SE REPORTA CAPACIDAD DE RECEPCIÓN HOSPITALARIA AL DÍA DE HOY:


*JORNADA MATUTINA*

*FECHA: 17/AGOSTO/2026*

*HOSPITALES:*


* Hospital de Alta Especialidad de Veracruz
-SIN RESPUESTA EL DIA DE HOY 


* Hospital General de Boca del Rio
-URGENCIAS AL 20% DE SU CAPACIDAD CON ÁREA DE TRAUMA CHOQUE LIBERADA
-HOSPITALIZACIÓN AL 33% DE SU CAPACIDAD   


* Hospital General de Tarimoya
-URGENCIAS AL 60% DE SU CAPACIDAD


* Hospital General de José Cardel
-URGENCIAS AL 10% DE SU CAPACIDAD 
-HOSPITALIZACIÓN AL 10% DE SU CAPACIDAD  


* Hospital General de Tierra Blanca
-SIN RESPUESTA EL DIA DE HOY 
 

*GRUPOS DE APOYO*

* ZONA VERACRUZ

CRUM/SAMUV:  
SIN UNIDAD DISPONIBLE 

CRUZ ROJA: 
2 UNIDADES DE AMBULANCIA DISPONIBLE PARA URGENCIAS/TRASLADOS

PROTECCIÓN CIVIL DE VERACRUZ:
1 UNIDAD DE AMBULANCIA DISPONIBLE PARA URGENCIAS


* ZONA CONURBADA, BOMBEROS CONURBADOS: 
2  UNIDADES (EN CENTRAL BOCA DEL RIO Y EN BASE VIRGINIA)

* ZONA ALTAMIRANO
PC MANLIO FABIO ALTAMIRANO: 
1 AMBULANCIA 

* URSULO GALVAN: 
-Protección Civil Unidad:  
1 de atención médica prehospitalaria
                            
                              
* LA ANTIGUA:
Protección Civil de La Antigua: 
1 UNIDAD DE AMBULANCIA
1 UNIDAD DE PRIMER RESPONDIENTE

* PUENTE NACIONAL
-Protección Civil de Puente Nacional:
1 UNIDAD DE AMBULANCIA DISPONIBLE PARA URGENCIAS EN LA ZONA 

* PASO DE OVEJAS
-Protección Civil de Paso de Ovejas 
1 UNIDAD DE AMBULANCIA 

* SOLEDAD DE DOBLADO
Protección Civil de Soledad de Doblado: 
1 UNIDAD DE AMBULANCIA


* JAMAPA
Protección Civil de Jamapa: 
1 UNIDAD DE PRIMER RESPONDIENTE
1 AMBULANCIA

* MEDELLIN
Protección Civil de Medellin: 
1 UNIDAD DE AMBULANCIA

* ALVARADO
Protección Civil de Alvarado: 
1 UNIDAD DE AMBULANCIA RIVIERA VERACRUZANA
1 UNIDAD DE AMBULANCIA Y 
1 DE PRIMER RESPONDIENTE EN CABECERA MUNICIPAL
                                             

* TLALIXCOYAN
Protección Civil de Tlalixcoyan: 
1 UNIDAD DE PRIMER RESPONDIENTE

* IGNACIO DE LA LLAVE
Protección De Ignacio de la Llave:
1 UNIDAD DE AMBULANCIA DISPONIBLE PARA URGENCIAS EN LA ZONA

-Personal de Guardia en el Centro Regulador de Urgencias Medicas (CRUM).
TUM. Hannia Itzel Sánchez Lagunes
2291586841/2299012152
9-1-1
A LA ORDEN ANTE CUALQUIER EVENTUALIDAD DE URGENCIA/EMERGENCIA.",
207,2026-08-17 18:51:38,120363042493725288@g.us,216359027896444,Btardes para llevar mejor control de los Odometros por Guardia. Siguiendo las indicaciones del Director 😊,
207,2026-08-17 18:52:19,120363042493725288@g.us,216359027896444,Se entregarán por Guardia,
207,2026-08-17 18:54:05,120363042493725288@g.us,97878764691675,Odómetro de llegada a base de U-096,
207,2026-08-17 19:58:08,120363042493725288@g.us,136734830530561,Se baja el personal por las situación climática,
207,2026-08-17 19:58:34,120363042493725288@g.us,128733256110143,Enterado en base,AC46453D80C81DFC565BB47C9C378362
207,2026-08-17 19:59:15,120363042493725288@g.us,136734830530561,"Al arribo ya empezaban a bajar los dos elementos que se encontraban en la parte alta del letrero, se le solicita al encargado la documentación respectiva por parte de PC municipal",
207,2026-08-17 20:00:13,120363042493725288@g.us,170179606609930,Gracias!,AC46453D80C81DFC565BB47C9C378362
207,2026-08-17 20:11:58,120363042493725288@g.us,244006101479643,Unidad 098 hacemos 10 a base,
207,2026-08-17 20:12:17,120363042493725288@g.us,128733256110143,Es pregunta ya acabo el aventón,3AA03F2CC3456F0921F2
207,2026-08-17 20:13:12,120363042493725288@g.us,128733256110143,Enterado gracias con precaución,3A8A3E280594E41AC2DD
207,2026-08-17 20:13:25,120363042493725288@g.us,244006101479643,🫡,
207,2026-08-17 20:29:24,120363042493725288@g.us,244006101479643,Unidad 098 en base,
207,2026-08-17 20:39:25,120363042493725288@g.us,136734830530561,🚦... *TOMAR PRECAUCIONES* ..🚧 Protección Civil del Gobierno del Estado de Veracruz,
207,2026-08-17 20:42:54,120363042493725288@g.us,128733256110143,Recibo casco de seguridad recibo dos impermeables recibo arnés de seguridad para trabajo en altura recibo mosquetón para trabajo en altura y línea de vida,
207,2026-08-17 20:43:04,120363042493725288@g.us,128733256110143,Recibe el compañero Luis Merino,AC310C89D6862C4B2C5B6612FC8723D9
207,2026-08-17 20:45:38,120363042493725288@g.us,170179606609930,El casco pásenlo,AC310C89D6862C4B2C5B6612FC8723D9
207,2026-08-17 20:49:21,120363042493725288@g.us,128733256110143,Traje completo de abejas roto de la parte del cuello,
207,2026-08-17 20:51:00,120363042493725288@g.us,128733256110143,Motosierra funcional,AC6CC1B1233E34D989602DE7AA25FED8
207,2026-08-17 20:56:49,120363042493725288@g.us,128733256110143,Entrega Yeyo material de la estakita,AC1316283EF3D975AA63ED5A3E5E6523
207,2026-08-17 21:26:07,120363042493725288@g.us,136734830530561,096 10 al 19 del 20 para su diálisis en Veracruz,
207,2026-08-17 21:27:58,120363042493725288@g.us,128733256110143,Enterado con precaución,ACA677EDFD9098AA5FEBA09140600DC7
207,2026-08-17 21:40:44,120363042493725288@g.us,138276522463346,Hay una mujer atropellada en la primera entrada de puente moreno,
207,2026-08-17 21:40:50,120363042493725288@g.us,138276522463346,Me voy acercar para ver si solicita apoyo,
207,2026-08-17 21:40:58,120363042493725288@g.us,170179606609930,208,
207,2026-08-17 21:41:19,120363042493725288@g.us,28067678416994,Enterada,
207,2026-08-17 21:41:38,120363042493725288@g.us,138276522463346,Necesita valoración,
207,2026-08-17 21:42:53,120363042493725288@g.us,138276522463346,"Me apoyan con una ambulancia por fa , fue derrape de moto",
207,2026-08-17 21:43:01,120363042493725288@g.us,28067678416994,Sale la 208.,
207,2026-08-17 21:44:47,120363042493725288@g.us,28067678416994,"Unidad 208 en el punto, mencionado.",
207,2026-08-17 21:45:21,120363042493725288@g.us,128733256110143,208 en el punto,3AA69132473DB110CA0F
207,2026-08-17 21:54:40,120363042493725288@g.us,170179606609930,Enterado gracias,AC5A2F494A1014273950AB490D10C848
207,2026-08-17 22:07:04,120363042493725288@g.us,28067678416994,Unidad 208 en el General de Boca Del Río,
207,2026-08-17 22:26:52,120363042493725288@g.us,170179606609930,Enterado! Gracias,AC4209BC49B6878A2FAE20E493C89663
207,2026-08-17 22:28:02,120363042493725288@g.us,28067678416994,"Unidad 208 sale del Hospital General de Boca Del Río, 10 a 58.",
207,2026-08-17 22:39:55,120363042493725288@g.us,28067678416994,"*FECHA*: 17 de Agosto de 2026
*HORA*: 15:43
*AMBULANCIA*: Unidad 208
*OPERADOR*: Francisco Lara
*PARAMEDICO*: Arely Avendaño 
*TERCERO ABORDO*: Familiar Responsable: Angélica Chavez Velasquez.
*DIRECCIÓN DEL SERVICIO*: Carretera Veracruz - El Tejar, En la entrada de Puente Moreno.
*TIPO DE SERVICIO*: Urgencia.
*NOMBRE DEL PACIENTE*: Beatriz Adriana Chavez Velasquez.
*EDAD*: 42 años.

*T/A*: 110/70 mmHg.
*F/C*: 82 LPM.
*F/R*: 16 RPM.
 *Spo2*: 98%.
 *TEMPERATURA*: 36.4°
*GLUC/OPCIONAL*: ...
*Glasgow*: 15 Puntos.

*ORIGINARIO ( A)*: Boca Del Río, Veracruz. 
*DESCRIPCIÓN DE LO OCURRIDO*: Nos hace el llamado de emergencia un compañero del municipio, al arribo del accidente me encuentro a la px conciente, orientada, con laceraciónes menores en codo derecho y rodilla derecha, quemadura de 2do grado en extremidad inferior derecha con un probable esguince de tobillo de 2do grado con fisura en la tibia.
*DIAGNÓSTICO*: pb. Esguince de Tobillo de segundo grado con fisura en la tibia.
*HOSPITAL  DE TRASLADO*: Hospital General Boca Del Río.
 *RECIBE*: Dr. Victor Hugo Tlapalaya.
*CÓDIGO*: Amarillo.
*OBSERVACIONES*: ...
*ANTECEDENTES PATOLOGICOS*: Negado. 
*ANTECEDENTES  NO PATOLOGICOS*: Negado. 
*ALERGIAS*: Negado.
 *MEDICAMENTOS*: Negado.
*AUTORIDAD EN EL LUGAR*: ...
*SEGURO*: No derecho habiente.
*DESPACHA*:Protección Civil Medellín De Bravo.",
207,2026-08-17 22:44:10,120363042493725288@g.us,128733256110143,208 en base,
207,2026-08-17 22:44:34,120363042493725288@g.us,Você,Por favor para ir al Hospital General de Boca del Río,
207,2026-08-17 22:44:34,120363042493725288@g.us,Você,Le recuerdo de la ambulancia acá en Croacia Sur#57,
207,2026-08-17 22:49:04,120363042493725288@g.us,244006101479643,Sale unidad 208 a traslado,
207,2026-08-17 23:12:33,120363042493725288@g.us,60314259308792,U-208 traslada a gen de boca del río,
207,2026-08-17 23:12:52,120363042493725288@g.us,128733256110143,Enterado en base,ACE250DA32B7E9BC0B461CEF17BDDA5F
207,2026-08-17 23:14:03,120363042493725288@g.us,170179606609930,Buenas tardes equipo nos ayudan a compartir con sus colaboradores y le den difusión por favor,
207,2026-08-17 23:16:22,120363042493725288@g.us,136734830530561,096 en 58,
207,2026-08-17 23:27:50,120363042493725288@g.us,136734830530561,Procede 096 a valorar servicio de  abejas en la gasolinera de la Candelaria así mismo entrega de apercibimiento,
207,2026-08-17 23:28:12,120363042493725288@g.us,Você,Enterado con precaución,ACEE75A2E2BA1178F342824E149FD1DF
207,2026-08-17 23:31:03,120363042493725288@g.us,60314259308792,U-208 en general de boca,
207,2026-08-17 23:31:24,120363042493725288@g.us,Você,Enterado en base,ACAC21EC7D796132B66AC685CE2F8CBB
207,2026-08-18 00:16:30,120363042493725288@g.us,170179606609930,00906.pdf,
207,2026-08-18 00:16:31,120363042493725288@g.us,170179606609930,Buenas tardes! Se envía oficio de alertamiento para su difusión! Gracias!!,
207,2026-08-18 00:28:52,120363042493725288@g.us,60314259308792,U-208 hace 10 a 58,
207,2026-08-18 00:30:34,120363042493725288@g.us,136734830530561,"Retornando a 58 se entrega apercibimiento y se dejan recomendaciones, se le indica que posterior se pasa al retiro",
207,2026-08-18 00:30:39,120363042493725288@g.us,136734830530561,En el 19 de la gasolinera de la Candelaria carr. Fed. 150 km 92+500,
207,2026-08-18 00:34:51,120363042493725288@g.us,Você,Enterado en base,ACFC7FAC6C09D352E5D1DAE2618401A7
207,2026-08-18 00:44:20,120363042493725288@g.us,136734830530561,En 58 la u-096,
207,2026-08-18 00:44:43,120363042493725288@g.us,128733256110143,Enterado gracias,AC260A9C0304E19246B4EF3A0F6B4FC5
207,2026-08-18 00:51:43,120363042493725288@g.us,244006101479643,Unidad 208 en base,
207,2026-08-18 01:22:18,120363042493725288@g.us,Você,"*Reporte al 9-1-1 (PRELIMINAR)*
Fecha y Hora: *17/08/2026 18:52:14*
Asunto: *VIOLENCIA FÍSICA CONTRA LAS MUJERES*
Colonia: *FRACC. ARBOLEDAS DE SAN MIGUEL*
Calle: *MANANTIAL 16*
Entre calles: *SAN MIGUEL*
Referencia: *NO ESPECIFICADO*
Localidad: *VERACRUZ*
Municipio: *MEDELLIN DE BRAVO*
*Ubicación:*https://www.google.com/maps/place/19.085396543419,-96.17900918093",
207,2026-08-18 01:24:53,120363042493725288@g.us,97878764691675,Odómetro de salida U-208,
207,2026-08-18 01:32:14,120363042493725288@g.us,135450517885035,"todos estos telefonos pongan su nombre en su celular para que aparezcan con el , algunos no tienen nombre y otros con claves.",
207,2026-08-18 01:42:23,120363042493725288@g.us,97878764691675,U-208 en el punto,
207,2026-08-18 01:42:38,120363042493725288@g.us,128733256110143,Enterado en base,ACBE794BE6A393398FF8BB3F7A7D60BD
207,2026-08-18 01:45:47,120363042493725288@g.us,23670235877476,"Emily Janeth Prieto Martínez 
Mi número es: 272 258 7854",AC1AC19423239D32878353822F2F6C61
207,2026-08-18 01:53:49,120363042493725288@g.us,128733256110143,Enterado acaba de llamar a base también C5,3AEA82F7FD0BC10855C1
207,2026-08-18 01:56:57,120363042493725288@g.us,97878764691675,Se está checando ala segunda persona,
207,2026-08-18 02:06:59,120363042493725288@g.us,97878764691675,U-208 libre,
207,2026-08-18 02:07:42,120363042493725288@g.us,Você,"*Reporte al 9-1-1 (PRELIMINAR)*
Fecha y Hora: *17/08/2026 19:40:57*
Asunto: *CHOQUE VEHICULAR CON  PERSONA LESIONADA*
Colonia: *PASO DEL TORO*
Calle: *CARRETERA COSTERA DEL GOLFO *
Entre calles: *CARRETERA FEDERAL CORDOBA*
Referencia: *EN EL PUENTE DE LA Y*
Localidad: *PASO DEL TORO*
Municipio: *MEDELLIN DE BRAVO*
*Ubicación:*https://www.google.com/maps/place/19.023295005712,-96.135146860247",
207,2026-08-18 02:08:21,120363042493725288@g.us,226585563119766,Unidad 208 acude al apoyo,AC2AEA12F89FD9E24EC071725F0E09DF
207,2026-08-18 02:11:06,120363042493725288@g.us,128733256110143,Con precaución gracias,A5D09C667F99E1E60B4B687B6709FA7C
207,2026-08-18 02:12:15,120363042493725288@g.us,136734830530561,Ya con conocimiento la GN,
207,2026-08-18 02:20:16,120363042493725288@g.us,136734830530561,Confirma guardia de GN unidad en ruta,
207,2026-08-18 02:20:46,120363042493725288@g.us,128733256110143,Enterado en base,AC5492D59114AE51C7FE8F89C8681296
207,2026-08-18 02:25:00,120363042493725288@g.us,97878764691675,U-208 en el punto,
207,2026-08-18 02:42:22,120363042493725288@g.us,226585563119766,"Unidad 208 se dirige ala clinica 61 del IMSS 
Posterior datos",
207,2026-08-18 02:42:37,120363042493725288@g.us,128733256110143,Con precaución gracias,A54F5345AC3E911C30921910BEEFA344
207,2026-08-18 02:43:39,120363042493725288@g.us,226585563119766,"Se traslada 3 femeninas
En codigo verde",
207,2026-08-18 03:11:19,120363042493725288@g.us,97878764691675,U-208 en clínica 61,
207,2026-08-18 03:12:17,120363042493725288@g.us,128733256110143,Enterado en base,AC63D9AA96771F89FD7F4C25FCC90B1D
207,2026-08-18 03:37:14,120363042493725288@g.us,226585563119766,Unidad 208 en carga de combustible,
207,2026-08-18 03:37:29,120363042493725288@g.us,128733256110143,Enterado en base,A5C49182FC7EBCEB4264B38408DA3371
207,2026-08-18 03:37:53,120363042493725288@g.us,97878764691675,Carga de combustible,
207,2026-08-18 03:44:01,120363042493725288@g.us,136734830530561,"@128733256110143 para que envíes la 096 a rampa del 45 hg 20 de noviembre. Ya salió la persona, por favor",
207,2026-08-18 03:55:17,120363042493725288@g.us,97878764691675,U-208 llegando a base,
207,2026-08-18 03:55:38,120363042493725288@g.us,244006101479643,Unidad 096 sale a traslado de 20 de noviembre al tejar,
207,2026-08-18 03:56:15,120363042493725288@g.us,128733256110143,Enterado con precaución,3A2C68DCEBFAF1552952
207,2026-08-18 04:07:18,120363042493725288@g.us,170179606609930,Gracias!,3A2C68DCEBFAF1552952
207,2026-08-18 04:19:53,120363042493725288@g.us,244006101479643,Unidad 096 en el punto,
207,2026-08-18 04:20:10,120363042493725288@g.us,128733256110143,Enterado en base,3AAC8B89C69B38D64549
207,2026-08-18 04:20:57,120363042493725288@g.us,244006101479643,Me muevo a casa del paciente,
207,2026-08-18 04:21:06,120363042493725288@g.us,128733256110143,Con precaución gracias,3ACAAA2A4D92015689C3
207,2026-08-18 04:41:03,120363042493725288@g.us,226585563119766,"Se acude a llamado de Emergencia en el Fraccionamiento Arboledas Sana Miguel 
Porcreporte de Femenina agredida ( intrafamiliar).
Px: Ana Laura Rodriguez Sandoval
28 años
DX: paciente valorada en Glasgow de 15
T/A 138/72
Spo2-98
FC- 118
FR- 21
Golpe contuso en en el labio inferior lado derecho
No amerita traslado
Asi mismo se estabiliza por crisis nerviosa PX: Epifania Sandoval
De 69 años ( no amerita Traslado)",AC7C6E806AD866C4F542D161C421C858
207,2026-08-18 04:59:00,120363042493725288@g.us,244006101479643,Unidad 096 hago 10 a base,
207,2026-08-18 05:00:30,120363042493725288@g.us,128733256110143,Enterado en base,3AA030A361C5C837D1CB
207,2026-08-18 05:03:54,120363042493725288@g.us,128733256110143,Llega  base femenina con dolor en la estómago se valora por la compañera Luz,
207,2026-08-18 05:13:24,120363042493725288@g.us,226585563119766,"No quiso proporcionar Datos se puso combativa 
Se retira por sus medios",ACCE8A9817A8D360620850B9707CFE3F
207,2026-08-18 05:17:06,120363042493725288@g.us,244006101479643,Unidad 096 en base,
208,2026-08-17 12:52:07,214774235267138@lid,214774235267138,mando,
208,2026-08-17 12:53:39,214774235267138@lid,214774235267138,"https://www.google.com/maps/place/19.05489,-96.19328 *femenina de 27 años inconsciente, le hanblan y no responde*",
208,2026-08-17 13:42:29,214774235267138@lid,Você,F7,
208,2026-08-17 13:42:55,214774235267138@lid,214774235267138,enterada mando,
208,2026-08-17 13:43:03,214774235267138@lid,214774235267138,quiere apoyo de patrulla,
208,2026-08-17 13:43:04,214774235267138@lid,214774235267138,??,
208,2026-08-17 13:43:09,214774235267138@lid,214774235267138,ministerial,
208,2026-08-17 13:43:10,214774235267138@lid,214774235267138,?,
208,2026-08-17 13:43:17,214774235267138@lid,214774235267138,o le van a dar asesoria,
208,2026-08-17 13:43:22,214774235267138@lid,Você,Fue muerte patológica,
208,2026-08-17 13:43:25,214774235267138@lid,214774235267138,tiene golpes o signos de violencia,
208,2026-08-17 13:43:32,214774235267138@lid,214774235267138,ok mando,
208,2026-08-17 13:43:35,214774235267138@lid,Você,Ninguno,3EB01D65295343EA4A61C9
209,2026-08-17 14:25:13,7168484995219@lid,Você,Si me podría apoyar con la se lo agradecería y no nose preocupe,
209,2026-08-17 14:25:32,7168484995219@lid,7168484995219,le iba a tomar foto pero la tienen agarrada con una escoba,
209,2026-08-17 14:25:55,7168484995219@lid,7168484995219,Y no se quiere mover la persona porque se mueve,
209,2026-08-17 14:26:06,7168484995219@lid,Você,Ok mandó la unidad enseguida,
209,2026-08-17 14:50:41,7168484995219@lid,7168484995219,Ahí está,
210,2026-08-17 14:29:22,216359027896444@lid,Você,Buenos días,
210,2026-08-17 14:40:25,216359027896444@lid,Você,Anel me comenta el director que te marcara,
210,2026-08-17 14:43:50,216359027896444@lid,Você,Esq se requiere un documento dela oficina,
211,2026-08-17 14:38:05,170179606609930@lid,Você,No contesta,
211,2026-08-17 14:51:31,170179606609930@lid,170179606609930,Ya va,
211,2026-08-17 14:51:41,170179606609930@lid,170179606609930,Cintia,
212,2026-08-17 15:16:54,280951041073268@lid,280951041073268,Buen día disculpe tanto mensaje ya me tocará la poda del arbol,
212,2026-08-17 15:26:31,280951041073268@lid,280951041073268,Gracias buen inicio de semana,
212,2026-08-17 15:28:56,280951041073268@lid,Você,Igualmente para usted,
214,2026-08-17 20:09:10,64635550093363@lid,Você,Buenas tardes me comunico de la dirección de protección civil de medellín,
214,2026-08-17 20:09:18,64635550093363@lid,Você,Me puede decir cuál es su reporte?,
214,2026-08-17 20:09:21,64635550093363@lid,Você,☺️,
215,2026-08-17 22:38:50,66121122222226@lid,66121122222226,Le recuerdo de la ambulancia acá en Croacia Sur#57,
215,2026-08-17 22:39:04,66121122222226@lid,66121122222226,Por favor para ir al Hospital General de Boca del Río,
215,2026-08-17 22:40:08,66121122222226@lid,66121122222226,Ojalá no se les olvide,
215,2026-08-17 22:40:35,66121122222226@lid,66121122222226,Deberíamos estar allá a las 5 pm,
215,2026-08-17 22:40:53,66121122222226@lid,66121122222226,No podía comunicarme con ustedes por falta de señal,
216,2026-08-17 23:25:32,64635550093363@lid,Você,Ya van para allá la unidad 096 si gusta espere en la gasolinera gracias,
216,2026-08-18 00:14:28,64635550093363@lid,Você,Salieron ya deben ir a medio camino,
216,2026-08-18 00:34:27,64635550093363@lid,64635550093363,Oiga no han yegado,
216,2026-08-18 00:34:51,64635550093363@lid,64635550093363,Ya estoy  aquí en gasolinera,
217,2026-08-18 01:21:03,214774235267138@lid,214774235267138,"*Reporte al 9-1-1 (PRELIMINAR)*
Fecha y Hora: *17/08/2026 18:52:14*
Asunto: *VIOLENCIA FÍSICA CONTRA LAS MUJERES*
Colonia: *FRACC. ARBOLEDAS DE SAN MIGUEL*
Calle: *MANANTIAL 16*
Entre calles: *SAN MIGUEL*
Referencia: *NO ESPECIFICADO*
Localidad: *VERACRUZ*
Municipio: *MEDELLIN DE BRAVO*
*Ubicación:*https://www.google.com/maps/place/19.085396543419,-96.17900918093",
217,2026-08-18 01:51:08,214774235267138@lid,214774235267138,"*Reporte al 9-1-1 (PRELIMINAR)*
Fecha y Hora: *17/08/2026 19:40:57*
Asunto: *CHOQUE VEHICULAR CON  PERSONA LESIONADA*
Colonia: *PASO DEL TORO*
Calle: *CARRETERA COSTERA DEL GOLFO *
Entre calles: *CARRETERA FEDERAL CORDOBA*
Referencia: *EN EL PUENTE DE LA Y*
Localidad: *PASO DEL TORO*
Municipio: *MEDELLIN DE BRAVO*
*Ubicación:*https://www.google.com/maps/place/19.023295005712,-96.135146860247",
217,2026-08-18 02:10:14,214774235267138@lid,Você,.,
217,2026-08-18 02:10:44,214774235267138@lid,Você,.,
217,2026-08-18 02:13:38,214774235267138@lid,Você,Buenas noches comando m podrá mandar la Geo de la otra volcadura o es la misma de paso de toro,
217,2026-08-18 02:14:36,214774235267138@lid,214774235267138,"*Ubicación:*https://www.google.com/maps/place/19.019920877811,-96.130795688589",
217,2026-08-18 02:20:56,214774235267138@lid,214774235267138,"Buenas noches, sabrá por dónde va la ambulancia?",3EB0A9BFFD577335F2AA00
217,2026-08-18 03:13:39,214774235267138@lid,Você,Está en la 61 de días mirón entregando pacientes,3EB061B38DF6453FFABF08
217,2026-08-18 03:13:57,214774235267138@lid,Você,Posterior k suban datos celos paso,
217,2026-08-18 03:14:45,214774235267138@lid,214774235267138,"Si comando, gracias",
220,2026-08-18 13:37:20,120363042493725288@g.us,97878764691675,"U-072 con niveles correctos de aceite de motor aceite hidráulico y liquido de frenos 
Observación:
El aceite de motor ya está muy quemado requiere el servicio",
220,2026-08-18 13:48:02,120363042493725288@g.us,97878764691675,U-208 con niveles correctos de aceite de motor aceite hidráulico y liquido de frenos,
220,2026-08-18 13:51:07,120363042493725288@g.us,97878764691675,U-098 con niveles correctos de aceite de motor aceite hidráulico y liquido de frenos,
220,2026-08-18 14:35:03,120363042493725288@g.us,97878764691675,Odómetro de salida a clínica 61,
220,2026-08-18 14:37:08,120363042493725288@g.us,28067678416994,"Llega ciudadana a la base a solicitar apoyo, se traslada a la clinica #61 del IMSS, por crisis hipertensiva.
Posterior más datos.",
220,2026-08-18 14:41:01,120363042493725288@g.us,128733256110143,Enterado con precaución,AC1D94A381D491CB78BA6B6DE0A1B89B
220,2026-08-18 14:42:52,120363042493725288@g.us,136734830530561,18,ACE49A450E599BA2BA6C7254C0471A3B
220,2026-08-18 14:43:10,120363042493725288@g.us,136734830530561,Buen día,
220,2026-08-18 14:49:59,120363042493725288@g.us,170179606609930,"*Informe Meteorológico*
Xalapa, Veracruz, martes 18 de agosto de 2026

*RESUMEN:*
En las próximas 24 horas se espera que aumente el potencial para lluvias y tormentas. La intensidad de las lluvias será moderada, con eventos localmente fuertes, especialmente entre el centro y sur del estado. El ambiente diurno continuará caluroso y bochornoso, mientras que durante la noche y madrugada será templado a fresco. El viento soplará del Norte, Noreste, Este y Sureste, con velocidades de 20 a 35 km/h y rachas en las costas y áreas de tormenta.

Se recomienda a la población en general mantener las precauciones ante los efectos del calor y las lluvias, que podrían estar acompañadas de actividad eléctrica y ráfagas de viento. Consulte la información actualizada de la Secretaría de Protección Civil del Estado de Veracruz. 

*Condiciones actuales:*
La imagen de satélite de esta mañana muestra una gran actividad de nublados con posibles lluvias y actividad eléctrica en el sur de la Península de Baja California, extendiéndose hacia el Golfo de California, sur de Sonora y norte de Sinaloa.  Además, en el sur del Golfo de México se observa actividad convectiva asociada con la vaguada que persiste en la región. En el resto del país, la nubosidad es dispersa y de poco espesor.

Temperaturas máximas y mínimas (°C) registradas en los observatorios meteorológicos de la Comisión Nacional del Agua (CONAGUA):
Tuxpan: —/—
Xalapa: 27.5/ 12.0
Boca del Río: 32.5/ 23.7
Orizaba: 24.8 / 14.5
Coatzacoalcos: 31.6 / 24.2
Lluvias acumuladas (mm) registradas en los observatorios meteorológicos de la CONAGUA: 32.5 en Xalapa y 19.6 en Coatzacoalcos.

*Sistemas meteorológicos:*
*Superficie:* Persiste la *vaguada* con eje a lo largo del Golfo de California, también la *vaguada* con eje en el Golfo de México, frente a las costas de Veracruz, por último, una vaguada más con eje entre el centro de Texas, E.U.A., hasta el sur de Coahuila. La *onda tropical núm. 28* avanza sobre estados del sur y suroeste de México, con eje al suroeste de las costas de Guerrero, muy cerca de la costa de Tamaulipas. En el Golfo de México, persiste una *dorsal* con eje extendido entre el noreste del golfo y la costa de Tamaulipas. Se da seguimiento a una nueva onda tropical (núm.29) en el occidente del Mar Caribe, con eje frente a las costas de Honduras y Nicaragua. 
*Niveles medios (500 hPa):* Una amplia *circulación anticiclónica* con centro sobre la costa noroeste de Baja California, cubre el noroeste del territorio nacional. Otra *circulación anticiclónica* con centro sobre el interior de Texas, E.U.A., extiende su influencia hacia el norte y noreste del Golfo de México. Una *circulación ciclónica* entre el sur de Sonora y el norte de Sinaloa, centrada sobre el eje de una *vaguada* con eje entre el norte de Chihuahua y el sur del Golfo de California. 
*Niveles altos (200 hPa):* *Flujo anticiclónico* cubre el noroeste de México. Se analizan dos *circulaciones ciclónicas*, la primera con centro entre los límites de Texas, E.U.A., y Chihuahua y la segunda con centro en el oeste del Golfo de México, frente a las costas de Tamaulipas y Veracruz. 

*En los Trópicos:*
*Océano Pacífico:* 
El NHC prevé que una baja presión al sur de México se desarrolle hacia el fin de semana, posiblemente formando una depresión tropical mientras se mueve al oeste-noreste.  Tiene un 80% de probabilidad de convertirse en ciclón tropical en siete días.  Una onda tropical al sur de Baja California también podría fortalecerse y convertirse en ciclón tropical, con un 60% de probabilidad en siete días. 
*Océano Atlántico:* No se espera la formación de ciclones tropicales durante los próximos siete días.
Para obtener información detallada, consulte el *Boletín Tropical*.


*Pronóstico General para el Territorio Nacional (Próximas 24 Horas):*
Se prevé que continúe un patrón de lluvias y tormentas de distribución irregular, con mayor actividad sobre sectores del noroeste, occidente, centro, sur y sureste del país. La mayor concentración de precipitación se proyecta sobre la Sierra Madre Occidental, occidente, centro-sur, Guerrero, Oaxaca, Chiapas y sectores de la Península de Yucatán, con acumulados generalmente moderados a localmente fuertes, sin descartar mayores. También se observan lluvias de similar intensidad sobre sectores de Baja California, Sonora, Chihuahua y Durango. En el oriente, la actividad es más irregular, aunque se observan precipitaciones sobre sectores de Puebla, Veracruz y regiones vecinas, con posibilidad de tormentas localmente fuertes. En la Península de Yucatán y áreas próximas se mantiene también potencial para lluvias y tormentas aisladas.
En cuanto a las temperaturas máximas, persistirá un ambiente muy caluroso sobre buena parte del norte y noreste del territorio, con valores de 38 a 42 °C en amplios sectores de Sonora, Chihuahua, Coahuila, Nuevo León y Tamaulipas, con valores localmente mayores, particularmente en zonas bajas y desérticas del noroeste. En el occidente, el litoral del Pacífico y del Golfo de México, así como en la Península de Yucatán se estiman máximas generalmente de 32 a 38 °C.
Las temperaturas mínimas muestran un contraste importante entre las zonas montañosas y las regiones bajas. Durante la madrugada y primeras horas de la mañana se esperan valores de aproximadamente 10 a 16 °C en sectores elevados de Chihuahua, Durango y del centro del país.
Respecto al viento, el patrón proyectado es en general de intensidad moderada, con velocidades máximas de 45 a 60 km/h, aunque pueden presentarse rachas superiores asociadas a la evolución de tormentas. En el litoral del Golfo de México, el viento será del noreste, norte, este y sureste, mientras que en el litoral del Pacífico se prevé del noroeste, suroeste y oeste. 

*Pronóstico Meteorológico por Regiones para el estado de Veracruz (próximas 24 horas)*
*Región Norte (entre las cuencas del Pánuco y Colipa):* Despejado a medio nublado por la mañana, aumentado la nubosidad después del mediodía y también la probabilidad de lluvias y tormentas aisladas, con acumulados de 5 a 20 mm, siendo probables mayores de 30 mm de forma local.  El viento soplará del Este y Sureste a velocidades de 20 a 35 km/h, con rachas de 45 km/h en las costas y mayores en áreas de tormentas. Persiste el calor y bochorno al mediodía, y templado por la noche y madrugada.
Temperatura máxima: 35 a 37 °C en la Huasteca; 34 a 36 °C en llanuras y costa.
Temperatura mínima: 23 a 26 °C, con valores menores en zonas montañosas.
*Región Montañosa Central:* Dominará cielo medio nublado a nublado, la probabilidad mayor de lluvias y tormentas aisladas se prevé en la tarde. Acumulados estimados de 5 a 20 mm y algunos locales superiores cercanos o superiores a 30 mm. El viento será del Noreste, Este y Sureste de 15 a 25 km/h, con rachas de hasta 40 km/h en el valle de Perote y mayores en zonas de tormenta. Se mantendrá ambiente cálido al mediodía y primeras horas de la tarde y  fresco a frío entrenador la noche y madrugada.
Temperatura máxima: 26 a 29 °C.
Temperatura mínima: 13 a 16 °C, con valores inferiores en el valle de Perote.
*Costa y Llanura Central:* Dominará medio nublado gran parte del día. Aumentará la nubosidad y la probabilidad de lluvias y tormentas aisladas aumenta durante la tarde, pero especialmente por la noche y madrugada. Acumulados estimados de 5 a 20 mm y puntuales de 30 a 50 mm. Viento del Noreste y Este de 20 a 35 km/h y rachas en áreas de tormenta. Persistirá ambiente caluroso y bochornoso entre el mediodía y la tarde, mientras que por la noche y la madrugada será templado.
Temperatura máxima: 32 a 34 °C en costas y 33 a 35 °C en llanuras.
Temperatura mínima: 23 a 26 °C.
*Región Sur (Papaloapan, Coatzacoalcos, Tonalá y Los Tuxtlas):* Dominará mayormente nublado con probabilidad de lluvias a lo largo del día, pero principalmente por la tarde, noche y madrugada, acompañas por actividad eléctrica y ráfagas de viento. Los acumulados de 5 a 20 mm y máximos puntuales de 50 a 70 mm, especialmente en las partes altas de las cuencas. Viento del Norte y Noreste de 20 a 35 km/h, con rachas de 45 km/h en la costa y mayores en áreas de tormenta. Ambiente caluroso y bochornoso al mediodía, y templado por la noche y madrugada, con posibles nieblas o neblinas nocturnas a matutinas.
Temperatura máxima: 31 a 33 °C en costas y 33 a 35 °C en llanuras.
Temperatura mínima: 23 a 26 °C, con valores ligeramente menores en Los Tuxtlas.

*Oleaje cercano a la costa:*
De 0.5 a 1.0 metros.

*Pronóstico a siete días:*
Los modelos de pronóstico siguen siendo consistentes. Indican que en el periodo indicado continuará el déficit de lluvia en gran parte de la entidad, excepto en el sur, en sectores que limitan con Oaxaca, donde los acumulados podrían ser superiores a la climatología. En cuanto a las temperaturas, se prevén cercanas al promedio, aunque en el sur podrían ser inferiores.",
220,2026-08-18 14:59:40,120363042493725288@g.us,28067678416994,U-208 en clinica #61 del IMSS.,
220,2026-08-18 14:59:40,120363042493725288@g.us,97878764691675,U-208 en clínica 61,
220,2026-08-18 15:00:52,120363042493725288@g.us,Você,Enterado en base,AC1D812EFE5C8E8186E5AE0DC2B9DB84
220,2026-08-18 15:36:34,120363042493725288@g.us,28067678416994,"Unidad 208 sale de la clinica #61 del IMSS, 10 a 58.",
220,2026-08-18 15:49:43,120363042493725288@g.us,97878764691675,Odómetro de llegada U-208,
220,2026-08-18 16:07:59,120363042493725288@g.us,226585563119766,"Se entregan ambulancias 
208 y 098 sin novedad alos compañeros de la guardia entrante",
220,2026-08-18 16:10:44,120363042493725288@g.us,65915584544854,Se recibe unidad 208 sin novedad,
220,2026-08-18 16:17:52,120363042493725288@g.us,213554649145471,Se recibe unidad 098 sin novedad,
220,2026-08-18 16:25:26,120363042493725288@g.us,65915584544854,Unidad 096 de sale a buscar buscar la unidad 097,
220,2026-08-18 16:32:21,120363042493725288@g.us,136734830530561,Procede unidad prehospitalaria,
220,2026-08-18 16:35:51,120363042493725288@g.us,214482211094536,Sale unidad 098,
220,2026-08-18 16:39:31,120363042493725288@g.us,214482211094536,Unidad 098 en el punto,
220,2026-08-18 16:47:57,120363042493725288@g.us,28067678416994,"*FECHA*: 18 de Agosto del 2026.
*HORA*: 08:34
*AMBULANCIA*: Unidad 208
*OPERADOR*: Miguel Martinez.
*PARAMEDICO*: Arely Avendaño. 
*TERCERO ABORDO*: Familiar Responsable: Isabel Ochoa.
*DIRECCIÓN DEL SERVICIO*: Base de Protección Civil Medellín. 
*TIPO DE SERVICIO*: Urgencia. 
*NOMBRE DEL PACIENTE*:Ana Eva Amador Castro.
*EDAD*: 73 años.

*T/A*: 190/100 mmHg.
*F/C*: 156 LPM.
*F/R*: 18 RPM.
 *Spo2*: 98%.
 *TEMPERATURA*: 36.1°
*GLUC/OPCIONAL*: 485 mg/dL.
*Glasgow*: 15 puntos.

*ORIGINARIO ( A)*: Medellín De Bravo.
*DESCRIPCIÓN DE LO OCURRIDO*: 
*DIAGNÓSTICO*: Crisis Hipertensiva y descompensación.
*HOSPITAL  DE TRASLADO*: IMSS clinica #61.
 *RECIBE*: Dr. Gonzalez Malpica.
*CÓDIGO*: Amarillo.
*OBSERVACIONES*: Px con descontrol en su diabetes e hipertensión, provocado posiblemente por estrés.
*ANTECEDENTES PATOLOGICOS*: HTA y diabetes.
*ANTECEDENTES  NO PATOLOGICOS*: Anciedad.
*ALERGIAS*: Butilihoscina.
 *MEDICAMENTOS*: Losartan e Insulina.
*AUTORIDAD EN EL LUGAR*: N/A
*SEGURO*: IMSS #61.
*DESPACHA*: Protección Civil Medellín De Bravo.",AC8F269EF2FEFE401DE88D37B38D6740
220,2026-08-18 16:55:16,120363042493725288@g.us,23670235877476,Se traslada masculino ala clínica 61 de Díaz Miron,
220,2026-08-18 17:06:16,120363042493725288@g.us,23670235877476,U-098 en clínica 61,
220,2026-08-18 17:23:09,120363042493725288@g.us,65915584544854,Unidad 096 en el taller de ruben,
220,2026-08-18 17:28:23,120363042493725288@g.us,65915584544854,U 096 y u097 retorno a base,
220,2026-08-18 17:28:44,120363042493725288@g.us,72104464666678,"Para conocimiento del mando se procede ,a reparar el elevador de la puerta izquierda de la unidad 072",
220,2026-08-18 17:54:16,120363042493725288@g.us,65915584544854,Unidad 096 en base,
220,2026-08-18 18:00:29,120363042493725288@g.us,265639449067682,Y la 097 en base,3A3367B1DB877424437F
220,2026-08-18 18:11:13,120363042493725288@g.us,213554649145471,Unidad 098 en base,
220,2026-08-18 18:45:46,120363042493725288@g.us,213554649145471,"*FECHA*  18/ 08/2026
*AMBULANCIA*  U-098
*OPERADOR* José Luis Prieto
*PARAMEDICO* Jorge Luna 
*TERCERO ABORDO*
Emily Janeth 
Yaiza  Hernández 
*NOMBRE DEL PACIENTE* 
Alejandro Gutiérrez madera  
*FECHA DE NACIMIENTO:* 
12 de julio de 1951
*DIRECCIÓN DEL SERVICIO*  
Carretera Las Vegas Medellín puente Moreno Medellín de bravo
*TIPO DE SERVICIO* 
URGENCIA 
*T/A* 140/100
*F/C* 95
*F/R*  19
 *Spo2*  95
 *TEMPERATURA* 
*GLUC/OPCIONAL* 
*EDAD* 75 años 
*ORIGINARIO (A)* 
Orizaba Veracruz 
*DESCRIPCIÓN DE LO OCURRIDO*
Refiere viajar como pasajero sin cinturón de seguridad cuando se les atravesó otro vehículo lo que provocó que el conductor perdiera el control y se impactará de manera frontal contra el camellón 

*DIAGNÓSTICO* 
Contunsion en maxilares  Superiores e superiores e inferiores bilateral + PB fracturas de puedas dentales+ contusión en rotulas bilaterales+ A descartar esguince cervical 
*HOSPITAL  DE TRASLADO* 
IMSD #61 
 *RECIBE*  Dra. Guadalupe. 
*CÓDIGO* VERDE 
*OBSERVACIONES* 
PB fracturas de puedas dentales 
Hipertensión reactiva 
*ANTECEDENTES PATOLOGICOS*
Diabético 
 parkinson 
 hiperplasia prostática
*ANTECEDENTES  NO PATOLOGICOS*
Negados 
*ALERGIAS* Negados 

 *MEDICAMENTOS* 
 Sin especificar 
*AUTORIDAD EN EL LUGAR* 
Mando Tránsito Estatal:Jesús Hernández Sandoval con 2 más de fuerza 
En la unidad:Teo1-664
*SEGURO* IMSS #61
*DESPACHA* 
Solicita apoyo unidad 096 en campo 
Por accidente vehicular.",
220,2026-08-18 19:21:29,120363042493725288@g.us,136734830530561,Unidad motorizada procede a puente a dejar herramienta,
220,2026-08-18 19:27:45,120363042493725288@g.us,136734830530561,En 58 motorizada,
220,2026-08-18 20:07:06,120363042493725288@g.us,265639449067682,Sale o72 a ajuste de tornillos ala gloria de paso del toro,
220,2026-08-18 20:37:53,120363042493725288@g.us,170179606609930,Se agrega núm a la 98 y 96,
220,2026-08-18 20:38:23,120363042493725288@g.us,265639449067682,O072 en la gloria,
220,2026-08-18 20:52:01,120363042493725288@g.us,Você,Me pueden decir de que unidades son estás llaves por favor,
220,2026-08-18 20:53:35,120363042493725288@g.us,265639449067682,La de inmedio es la dela cangu la ambulancia chiquita que se llevaron,
220,2026-08-18 21:11:12,120363042493725288@g.us,43465723384010,Mándenme la ubicación del servicio porfavor,
220,2026-08-18 21:12:35,120363042493725288@g.us,170179606609930,Gracias!,
220,2026-08-18 21:12:51,120363042493725288@g.us,136734830530561,"No tiene ni chip, y esa unidad ya está fuera de servicio",ACADF085F10689A639CAC2A022765829
220,2026-08-18 21:14:26,120363042493725288@g.us,170179606609930,Enterado!,ACDB5A74B90B7D6F1E91546B275D46D2
220,2026-08-18 21:14:50,120363042493725288@g.us,136734830530561,Procede la 208,ACDB5A74B90B7D6F1E91546B275D46D2
220,2026-08-18 21:15:50,120363042493725288@g.us,136734830530561,"Erizo la salida de la unidad 208, y su gráfica de odómetro",
220,2026-08-18 21:17:14,120363042493725288@g.us,265639449067682,Se procede apoyar al panteón de la esperanza por indicaciones de Lic.pastor,
220,2026-08-18 21:18:07,120363042493725288@g.us,170179606609930,Gracias!!,ACD6DE5B6FA340D6BBC04391B1A8E1DB
220,2026-08-18 21:23:45,120363042493725288@g.us,170179606609930,Ahí es,
220,2026-08-18 21:23:46,120363042493725288@g.us,170179606609930,@65915584544854,
220,2026-08-18 21:23:46,120363042493725288@g.us,170179606609930,Se llama Carlos,
220,2026-08-18 21:23:46,120363042493725288@g.us,170179606609930,Para que  vayan a dejar el motor,
220,2026-08-18 21:23:57,120363042493725288@g.us,43465723384010,Unidad 208 se dirige a regional de boca del río,
220,2026-08-18 21:25:24,120363042493725288@g.us,65915584544854,Sale unidad 096,
220,2026-08-18 21:29:56,120363042493725288@g.us,265639449067682,U072 se dirige a cargar de agua a grupo más,
220,2026-08-18 21:31:33,120363042493725288@g.us,170179606609930,Para conocimiento se llevan extintores para su mantenimiento,
220,2026-08-18 21:33:57,120363042493725288@g.us,170188213383234,Esa llave es de la unidad 073,
220,2026-08-18 21:49:40,120363042493725288@g.us,65915584544854,Unidad 096 llegando al punto,
220,2026-08-18 21:56:30,120363042493725288@g.us,65915584544854,Unidad 096 retorna a base,
220,2026-08-18 22:00:20,120363042493725288@g.us,72104464666678,Unidad 0208 en el lugar,
220,2026-08-18 22:00:21,120363042493725288@g.us,72104464666678,Unidad 0208 en hospital imss de diez mirón,
220,2026-08-18 22:05:49,120363042493725288@g.us,265639449067682,072 en grupo más,
220,2026-08-18 22:09:15,120363042493725288@g.us,265639449067682,Y retornamos a base,
220,2026-08-18 22:09:38,120363042493725288@g.us,65915584544854,Unidad 096 en base,
220,2026-08-18 22:18:06,120363042493725288@g.us,43465723384010,"Unidad 208 sale de hospital general de boca del rio,nos dirigimos a hospital de zona norte",
220,2026-08-18 22:24:30,120363042493725288@g.us,265639449067682,O72 en base,
220,2026-08-18 22:25:17,120363042493725288@g.us,136734830530561,A Cuahutemoc y eso por que ??,AC63E06C0E0D0A7E6AA4AAE930B1452F
220,2026-08-18 22:25:35,120363042493725288@g.us,170179606609930,Es derechohabiente,ACF22BA239574C0F68ADE4D9F544F854
220,2026-08-18 22:26:05,120363042493725288@g.us,170179606609930,Insuficiencia cardiaca,
220,2026-08-18 22:51:45,120363042493725288@g.us,72104464666678,Unidad 208 en imss cuauhtémoc,
220,2026-08-18 23:04:49,120363042493725288@g.us,65915584544854,Unidad 097 se dirige al campo para evento deportivo,
220,2026-08-18 23:20:22,120363042493725288@g.us,65915584544854,Unidad 097 en el deportivo,
220,2026-08-18 23:20:53,120363042493725288@g.us,214482211094536,Enterado en base,
220,2026-08-18 23:37:22,120363042493725288@g.us,170179606609930,Se entrega recibo por cilindro de gas en la estado con número de folio del 001 al 005 en caso de no ocuparse deberán entregar a la otra guardia entrante los vales tiene que estar en la guantera de la 096,
220,2026-08-18 23:57:42,120363042493725288@g.us,170179606609930,"El NAMO (Nivel de Aguas Máximas Ordinarias) representa la cota de elevación o escala crítica a partir de la cual el nivel de un río o vaso se considera al máximo de su capacidad normal. Superar esta cota implica un riesgo de desbordamiento o inundación en las zonas aledañas.Para las estaciones hidrométricas clave del Río Jamapa y el Río Cotaxtla (en el estado de Veracruz), los valores de NAMO y nivel crítico establecidos por la Comisión Nacional del Agua (CONAGUA) y Protección Civil son:1. Río Jamapa (Estación Hidrométrica El Tejar, Medellín de Bravo)NAMO / Nivel Crítico: 6.70 m a 7.00 mInterpretación: Cuando la escala en El Tejar alcanza los 6.70 - 7.00 metros, el río llega a su escala máxima ordinaria y se activa la alerta por posible desbordamiento en áreas bajas.2. Río Cotaxtla (Estación Hidrométrica Paso del Toro, Medellín de Bravo)  NAMO / Nivel Crítico: 6.15 m a 7.15 m(Escala de referencia en Paso del Toro: ~6.15 m; nivel crítico municipal general: ~7.10 - 7.15 m).   Interpretación: A partir de este límite, las escorrentías de la zona alta de la cuenca comienzan a saturar el cauce normal.Resumen de Referencia:Río / EstaciónNAMO / Escala CríticaRío Jamapa (El Tejar)6,70 m - 7,00 mRío Cotaxtla (Paso del Toro)6,15 m - 7,15 m",
220,2026-08-18 23:58:35,120363042493725288@g.us,170179606609930,Para conocimiento información brindadas por CONAGUA,3A6F65A1633836FF9DE1
220,2026-08-19 00:15:25,120363042493725288@g.us,170179606609930,"Buenas tardes! Equipo 
A partir de ahora, así estaremos acomodando las unidades, con la finalidad de facilitar las maniobras de las unidades de mayor tamaño.

Asimismo, les reitero que la unidad **096 no deberá permanecer estacionada en el área señalizada como “NO ESTACIONARSE”**.

Les pido de favor respetar esta disposición para mantener el orden y garantizar una mejor operatividad.",
220,2026-08-19 00:44:35,120363042493725288@g.us,72104464666678,"Buenas tardes! Checo me comenta angel que de aquí hay un traslado a boca y de regreso a la clínica 71, seguimos frenados por falta de silla de ruedas !",
220,2026-08-19 00:46:18,120363042493725288@g.us,214482211094536,Si ahí un traslado de boca del río a circuito Croacia sur en puente moreno,
220,2026-08-19 00:46:51,120363042493725288@g.us,170179606609930,Puedes decirle a la solicitante que terminando la unidad se mueve al punto del traslado. Aldo de la 101 a Puente Moreno,AC7FBCF9B5C8AD415DC44D296A71F381
220,2026-08-19 00:47:14,120363042493725288@g.us,170179606609930,Para que no se mueva la 98 y quede atenta por cualquier servicio el municipio,
220,2026-08-19 01:36:34,120363042493725288@g.us,170179606609930,Quien te reportó el derrape,
220,2026-08-19 01:36:52,120363042493725288@g.us,170179606609930,@65915584544854,
220,2026-08-19 01:37:06,120363042493725288@g.us,65915584544854,Vino un señor a decir,
220,2026-08-19 01:37:09,120363042493725288@g.us,170179606609930,Vengo de ahí,
220,2026-08-19 01:37:21,120363042493725288@g.us,170179606609930,Y no veo nada,
220,2026-08-19 01:38:11,120363042493725288@g.us,170179606609930,Lo veo,3ACDFC04D0125DE14B11
220,2026-08-19 01:40:46,120363042493725288@g.us,65915584544854,Informó alma palacete,
220,2026-08-19 01:48:27,120363042493725288@g.us,214482211094536,Sale unidad 096 a el punto con @265639449067682 y @23670235877476,
220,2026-08-19 01:51:46,120363042493725288@g.us,23670235877476,Sale unidad U-096,
220,2026-08-19 01:52:33,120363042493725288@g.us,65915584544854,Se atiende jugador,
220,2026-08-19 02:06:42,120363042493725288@g.us,23670235877476,U-096 se llega el punto indicado no se visualiza nada se hace barrido hasta casa blanca,
220,2026-08-19 02:07:05,120363042493725288@g.us,23670235877476,Se retorna a base queda sin novedad,
220,2026-08-19 02:08:12,120363042493725288@g.us,Você,Enterado con precaución,
220,2026-08-19 02:15:12,120363042493725288@g.us,43465723384010,Unidad 208 sale del hospital IMSS de Díaz mirón,
220,2026-08-19 02:17:57,120363042493725288@g.us,43465723384010,Por favor de mandarme los  datos del traslado que hay en el hospital regional de boca del río,
220,2026-08-19 02:18:59,120363042493725288@g.us,Você,Ese es el número de cama va para el circuito Croacia sur,
220,2026-08-19 02:25:02,120363042493725288@g.us,23670235877476,U-096 en base,
220,2026-08-19 02:32:28,120363042493725288@g.us,214482211094536,"*Reporte al 9-1-1 (PRELIMINAR)*
Fecha y Hora: *18/08/2026 20:00:27*
Asunto: *DIFICULTAD RESPIRATORIA/URGENCIA RESPIRATORIA*
Colonia: *EL GUASIMAL*
Calle: *FRANCISCO RODRIGUEZ ROSADO S/N*
Entre calles: *NO ESPECIFICADO*
Referencia: *CAPITALLA EN LA ESQUINA*
Localidad: *EL GUASIMAL*
Municipio: *MEDELLIN DE BRAVO*
*Ubicación:*https://www.google.com/maps/place/19.044266493923,-96.143762230258
*Resumen de evento*
     INDICA QUE NO PUEDE RESPIRAR, TIENE LA LENGUA INFLAMADA, ESTO PASA HACE 20 MINUTOS EL PACIENTE TIENE 16 AÑOS, PADECE EPILEPSIA",
220,2026-08-19 02:32:36,120363042493725288@g.us,214482211094536,Sale unidad 098,
220,2026-08-19 03:04:37,120363042493725288@g.us,23670235877476,U-098 en el punto,
220,2026-08-19 03:13:32,120363042493725288@g.us,65915584544854,Unidad 097 regresa a base,
220,2026-08-19 03:14:37,120363042493725288@g.us,136734830530561,18 31,3A26E833CFD6F323A3FD
220,2026-08-19 03:25:31,120363042493725288@g.us,43465723384010,"Unidad 208 sale del hospital de boca del río,en camino al domicilio de la paciente",
220,2026-08-19 03:26:01,120363042493725288@g.us,23670235877476,U-098 traslada a paciente pediatrico con fiebre y taquicardia a torre pediatrica,
220,2026-08-19 03:36:26,120363042493725288@g.us,65915584544854,Unidad 097 en base,
220,2026-08-19 04:00:02,120363042493725288@g.us,135450517885035,hay dos traslados o hubo . como se llevaron acabo,
220,2026-08-19 04:02:55,120363042493725288@g.us,170179606609930,Hizo la cobertura la 208 licenciado,AC62B1EADEFB99E65C1166DEDA707AD4
220,2026-08-19 04:03:02,120363042493725288@g.us,170179606609930,Y la 098,
220,2026-08-19 04:03:13,120363042493725288@g.us,170179606609930,Y la 097 estuvo en el evento de futbol,
220,2026-08-19 04:06:40,120363042493725288@g.us,43465723384010,Unidad 208 de regreso a base,
220,2026-08-19 04:06:48,120363042493725288@g.us,170179606609930,Gracias!,ACB13E81E9F31D7A22DDCAA1C12ED645
220,2026-08-19 04:12:46,120363042493725288@g.us,213554649145471,Unidad 098 a carga de combustible,
220,2026-08-19 04:31:15,120363042493725288@g.us,170179606609930,GR,
220,2026-08-19 04:38:57,120363042493725288@g.us,72104464666678,Unidad 208 en base,
220,2026-08-19 04:50:26,120363042493725288@g.us,214482211094536,Unidad 098 en base,
220,2026-08-19 05:17:49,120363042493725288@g.us,Você,Es fraccionamiento lagos de puente moreno,
220,2026-08-19 05:17:49,120363042493725288@g.us,Você,Rafael Hernández Hernández,
220,2026-08-19 05:18:17,120363042493725288@g.us,Você,Reporta un gatito arriba de un árbol,
220,2026-08-19 05:18:43,120363042493725288@g.us,Você,Sale unidad 096,
220,2026-08-19 05:49:11,120363042493725288@g.us,265639449067682,Sale o096,
221,2026-08-18 18:12:19,281045681348749@lid,281045681348749,Buena tarde,
221,2026-08-18 18:12:27,281045681348749@lid,281045681348749,No han ido a quitar el panal,
221,2026-08-18 18:12:35,281045681348749@lid,281045681348749,Y ya ah picado a varias personas,
221,2026-08-18 18:14:25,281045681348749@lid,281045681348749,Ok muchas gracias,
222,2026-08-18 21:36:43,64635550093363@lid,64635550093363,Buenas tardes  oiga si yegaran avenir  hoy por favor  que me avisen para estar hay para tomar unas fotos  para agradecerle y darle las gracias  al ing  samuel acosta de favor  le da mi número,
222,2026-08-18 21:39:21,64635550093363@lid,Você,mañana le agendaria la visita porque el compañero que atiende esos temas viene mañana,
222,2026-08-18 21:39:27,64635550093363@lid,Você,esta de descanso,
222,2026-08-18 21:39:51,64635550093363@lid,64635550093363,Ok muchas gracias estamos ala orden,
222,2026-08-18 21:58:33,64635550093363@lid,Você,para servirle,
223,2026-08-18 23:48:19,66121122222226@lid,66121122222226,Necesito apoyo para el traslado a domicilio de mi mamá de 91 años a Croacia Sur# 57,
223,2026-08-18 23:48:46,66121122222226@lid,66121122222226,Por favor me avisa cuando puedan venir por nosotras,
223,2026-08-19 00:00:21,66121122222226@lid,66121122222226,Estamos acá en Hospital General de Boca del Río,
223,2026-08-19 00:00:35,66121122222226@lid,Você,Buenas tardes que es lo que tiene su paciente o es alta por mejoría,
223,2026-08-19 00:00:37,66121122222226@lid,Você,??,
223,2026-08-19 00:00:56,66121122222226@lid,66121122222226,Es una alta,ACE62D4851C995668307E02126BF9A1E
223,2026-08-19 00:01:07,66121122222226@lid,66121122222226,Le mando copia,
223,2026-08-19 00:01:16,66121122222226@lid,66121122222226,Usted me dice,
223,2026-08-19 00:01:47,66121122222226@lid,Você,"Por qué motivo ingreso su paciente, para saber que es lo que tenía o tiene",
223,2026-08-19 00:02:03,66121122222226@lid,66121122222226,Úlcera sacra,
223,2026-08-19 00:02:33,66121122222226@lid,66121122222226,Es el diagnóstico y por su condición delicada por eso pido o solicito el apoyo,
223,2026-08-19 00:03:00,66121122222226@lid,66121122222226,Ya siempre he contado con ustedes,
223,2026-08-19 00:04:28,66121122222226@lid,Você,Ok permítame un momento le aviso ya que la ambulancia anda entregando paciente en díaz mirón y la aprovecharemos entonces,
223,2026-08-19 00:05:03,66121122222226@lid,66121122222226,Siii nosotras esperamos hasta que ustedes puedan enviarla,AC3714A788ECB63A75904838BD600F7E
223,2026-08-19 00:05:11,66121122222226@lid,66121122222226,Muchas gracias,
224,2026-08-19 02:02:56,66121122222226@lid,66121122222226,Si van a pasar por nosotras verdad?,
224,2026-08-19 02:03:56,66121122222226@lid,Você,A si es solo deme unos minutos que se me desocupe una unidad de favor,
224,2026-08-19 02:04:14,66121122222226@lid,66121122222226,Bueno,AC8783A6AB22BA67D2AE84A101996DE9
224,2026-08-19 02:04:26,66121122222226@lid,66121122222226,Solo le recuerdo gracias,
224,2026-08-19 02:17:13,66121122222226@lid,Você,Que número de cama tiene su paciente,
224,2026-08-19 02:17:36,66121122222226@lid,66121122222226,Cama 230,
226,2026-08-19 05:06:49,38844305002646@lid,Você,Hola buenas noches,
226,2026-08-19 05:07:08,38844305002646@lid,38844305002646,Le mando la ubicación,
226,2026-08-19 05:07:16,38844305002646@lid,Você,Si porfa,
226,2026-08-19 05:07:26,38844305002646@lid,Você,Y la foto,
226,2026-08-19 05:11:48,38844305002646@lid,38844305002646,Se cambió de domicilio pero se asusto y se subió,
226,2026-08-19 05:11:53,38844305002646@lid,38844305002646,Desde en la mañana,
226,2026-08-19 05:12:48,38844305002646@lid,Você,Me puedes mandar su nombre completo porfa,
226,2026-08-19 05:12:58,38844305002646@lid,38844305002646,Rafael Hernández Hernández,
226,2026-08-19 05:13:20,38844305002646@lid,38844305002646,Es fraccionamiento lagos de puente moreno,
226,2026-08-19 05:16:35,38844305002646@lid,38844305002646,Si podrían con la asistencia?,
226,2026-08-19 05:19:24,38844305002646@lid,Você,Si claro ahí le mando una cuadrilla,
226,2026-08-19 05:24:40,38844305002646@lid,38844305002646,Okey gracias,
227,2026-08-19 07:48:51,214774235267138@lid,214774235267138,Buenos días comando me apoyan,
227,2026-08-19 07:49:03,214774235267138@lid,214774235267138,"*Reporte al 9-1-1 (PRELIMINAR)*
Fecha y Hora: *19/08/2026 01:35:02*
Asunto: *PERSONA(S) LESIONADA(S) POR CAÍDA*
Colonia: *ALVARADITO 2*
Calle: *FERROCARRILES 163*
Entre calles: *SIN*
Referencia: *ENTRAR POR EL CALLEJON LA GLORIA, POR UNA ESCUELA, CERCA DE UNA TIENDA DE ABARROTES, CASA SIN REPELLAR DE UN PISO*
Localidad: *PASO DEL TORO*
Municipio: *MEDELLIN DE BRAVO*
*Ubicación:*https://www.google.com/maps/place/19.02236,-96.13232
*Resumen de evento*
     REPORTA QUE SU PADRASTRO E CAYO EN EL BAÑO",
227,2026-08-19 07:55:40,214774235267138@lid,Você,Ya va la unidad,
227,2026-08-19 07:57:18,214774235267138@lid,214774235267138,"*Reporte al 9-1-1 (PRELIMINAR)*
Fecha y Hora: *19/08/2026 01:45:04*
Asunto: *URGENCIA POR ENFERMEDAD GENERAL*
Colonia: *PASO DEL TORO*
Calle: *JUAN EL FARO S/N*
Entre calles: *LA QUINTA ANA MARIA*
Referencia: *EN EL RANCHO LA QUINTA ANA MARIA*
Localidad: *PASO DEL TORO*
Municipio: *MEDELLIN DE BRAVO*
*Ubicación:*https://www.google.com/maps/place/19.004680752556,-96.165266067078
*Resumen de evento*
     REFIERE QUE SU TIO SE SIENTE MAL, MASCULINO DE 37 AÑOS, ES HIPERTENSO Y PADECE DEL CORZÓN, NO TIENE SERVICIO MEDICO, SE ENCUNTRA CONCINETE Y ORIENTADO
REPORTA: JOSE CEL: 9619280297 O 9618978398",
228,2026-08-19 07:54:06,120363042493725288@g.us,Você,"*Reporte al 9-1-1 (PRELIMINAR)*
Fecha y Hora: *19/08/2026 01:35:02*
Asunto: *PERSONA(S) LESIONADA(S) POR CAÍDA*
Colonia: *ALVARADITO 2*
Calle: *FERROCARRILES 163*
Entre calles: *SIN*
Referencia: *ENTRAR POR EL CALLEJON LA GLORIA, POR UNA ESCUELA, CERCA DE UNA TIENDA DE ABARROTES, CASA SIN REPELLAR DE UN PISO*
Localidad: *PASO DEL TORO*
Municipio: *MEDELLIN DE BRAVO*
*Ubicación:*https://www.google.com/maps/place/19.02236,-96.13232
*Resumen de evento*
     REPORTA QUE SU PADRASTRO E CAYO EN EL BAÑO",
228,2026-08-19 07:54:16,120363042493725288@g.us,Você,Sale la unidad 098,AC77B2541E9056C1EAC82E11DA00C65F
228,2026-08-19 08:36:38,120363042493725288@g.us,214482211094536,Unidad 098 en el punto,
228,2026-08-19 08:48:47,120363042493725288@g.us,23670235877476,Se traslada Paciente masculino al hg de boca del rio,
228,2026-08-19 09:18:15,120363042493725288@g.us,214482211094536,Unidad 098 en HG boca del río en espera de equipo,
228,2026-08-19 10:06:48,120363042493725288@g.us,213554649145471,Unidad 098 en base,
228,2026-08-19 10:23:55,120363042493725288@g.us,213554649145471,"*FECHA*  19/ 08/2026
*AMBULANCIA*  U-098
*OPERADOR* José Luis Prieto
*PARAMEDICO* Jorge Luna 
*TERCERO ABORDO*
Emily Janeth 

*NOMBRE DEL PACIENTE* 
Jorge Estrada Solares 
*FECHA DE NACIMIENTO:* 
12/05/1951
*DIRECCIÓN DEL SERVICIO*  
Alvaradito 2
Medellín de bravo 
*TIPO DE SERVICIO* 
URGENCIA 
*T/A* 100/70
*F/C* 85
*F/R*  19
 *Spo2*  92-95%
 *TEMPERATURA* 35.6
*GLUC/OPCIONAL* 
*EDAD* 75 años 
*ORIGINARIO (A)* 
Veracruz 
*DESCRIPCIÓN DE LO OCURRIDO*
Refiere familiarcaída en su baño, al levantarlo debilidad, desvanecimiento, perdida del estado de alerta,  posterior hematemesis, al arribo de la unidad se encuentra en decúbito supino en su cama consciente alerta orientado Glasgow 15 
Reacción pupilar adecuada.

*DIAGNÓSTICO* 
Contusión en región frontal del craneo 
Y cigomatico derecho abrasiones.
Hematemesis en estudio 

*HOSPITAL  DE TRASLADO* 
Hospital general de boca del rio 
 *RECIBE*  Dra. Beatriz elma 
*CÓDIGO* Verde 
*OBSERVACIONES* 
Px caquexico, en evidente estado de desnutrición. 
Refieren hematemesis en 3 ocasiones 
Astenia 
*ANTECEDENTES PATOLOGICOS*
Hernia inguinal, hernia discal, hiperplasia prostática.
*ANTECEDENTES  NO PATOLOGICOS*
Alcohol frecuente  durante aproximadamente 50 años 
*ALERGIAS* negadas   

 *MEDICAMENTOS* 
 Negados 
*AUTORIDAD EN EL LUGAR* ninguna 
*SEGURO* No
*DESPACHA* 
C5 911

Parte informativo: refiere la doctora que se recibe el paciente como motivo principal la hematemesis en estudio y la edad del paciente.",
229,2026-08-19 15:10:01,216359027896444@lid,216359027896444,Le pueden poner la referencia del folio,
229,2026-08-19 15:42:20,216359027896444@lid,216359027896444,Pedir a catastro Cartografía de los niveles y puntos bajos de Río jamapa y cotaxtla,
229,2026-08-19 15:42:55,216359027896444@lid,216359027896444,"Por la temporada de Lluvias.

Pedir botas e impermeables para personal nuevo",
229,2026-08-19 15:46:35,216359027896444@lid,216359027896444,Chalecos para embarcaciones,
229,2026-08-19 16:42:44,216359027896444@lid,216359027896444,"*Reporte al 9-1-1 (PRELIMINAR)*
Fecha y Hora: *19/08/2026 10:01:16*
Asunto: *INCENDIO DE CASA HABITACIÓN*
Colonia: *NUEVO MEDELLIN*
Calle: *CIPRES S/N*
Entre calles: *ALMENDRO*
Referencia: *A 1 CALLE DEL PARQUE*
Localidad: *MEDELLIN DE BRAVO*
Municipio: *MEDELLIN DE BRAVO*
*Ubicación:*https://www.google.com/maps/place/19.00679,-96.11079
*Resumen de evento*",
230,2026-08-19 15:16:08,120363042493725288@g.us,65915584544854,Se hace chequeo y relleno de anticongelante todos los demás niveles de la 097 en orden,
230,2026-08-19 15:16:12,120363042493725288@g.us,65915584544854,Entrego a mi compañero francisco sin novedad,3A241BDA3DA800AAB9B5
230,2026-08-19 15:25:44,120363042493725288@g.us,226585563119766,Resivo ambulancia 208 sin novedad al compañero Paramedico: Angel Camiron,
230,2026-08-19 15:26:12,120363042493725288@g.us,97878764691675,Recibiendo U-208 sin novedades,
230,2026-08-19 16:07:13,120363042493725288@g.us,Você,"*Reporte al 9-1-1 (PRELIMINAR)*
Fecha y Hora: *19/08/2026 10:01:16*
Asunto: *INCENDIO DE CASA HABITACIÓN*
Colonia: *NUEVO MEDELLIN*
Calle: *CIPRES S/N*
Entre calles: *ALMENDRO*
Referencia: *A 1 CALLE DEL PARQUE*
Localidad: *MEDELLIN DE BRAVO*
Municipio: *MEDELLIN DE BRAVO*
*Ubicación:*https://www.google.com/maps/place/19.00679,-96.11079
*Resumen de evento*",
230,2026-08-19 16:08:15,120363042493725288@g.us,244006101479643,Sale unidad 208 a casa en llamas,
230,2026-08-19 16:09:23,120363042493725288@g.us,170188213383234,Sale unidad 072 a incendio casa abitacion,
230,2026-08-19 16:45:35,120363042493725288@g.us,216359027896444,Buen dia ya fue la unidad,
230,2026-08-19 16:45:35,120363042493725288@g.us,216359027896444,Comenta esto el director juan Carlos y Júpiter a quienes pasé el reporte,
230,2026-08-19 17:15:51,120363042493725288@g.us,170188213383234,"Rual Hernández Cortés sp4016 con uno más Policía Estatal
Carlos Adrián Reyes Pulido con dos más  

Silverio Reyes Gerónimo propietario de la vivienda afectada calle Almendro lote 5 manzana 5
Protección Civil al mando Daniel Romero Pilar Director con 12 elementos Unidades 208 072 y la 096 incluido 4 francos",
230,2026-08-19 17:18:11,120363042493725288@g.us,170179606609930,@128733256110143 @136734830530561,AC89755AEA94F04B919DF064AA8DE9A2
230,2026-08-19 17:18:16,120363042493725288@g.us,170179606609930,098 lo cubre,
230,2026-08-19 17:19:29,120363042493725288@g.us,28067678416994,Enterada en base,3A230D1AFC37C5BBD54C
230,2026-08-19 17:38:20,120363042493725288@g.us,128733256110143,096 en base,
230,2026-08-19 17:43:50,120363042493725288@g.us,244006101479643,Se está realizando entrega de semáforos,
230,2026-08-19 17:48:05,120363042493725288@g.us,226585563119766,"Se atiende por crisis Nerviosa ala femenina:
PX: Maria Eloina Hdz
59 años
Originaria de Veracruz
DX: paciente conciente y orientada 
Glasgow valorada en 15
T/A 144/ 100
Spo2- 97
FC - 138
FR - 26
Glucemia - 301
Se le brinda la atencion 
( no amerita traslado)",3EB00B9F8E1E4A77ECFC06
230,2026-08-19 17:57:47,120363042493725288@g.us,170188213383234,Unidad 072 cargando agua en grupo más,
230,2026-08-19 18:09:18,120363042493725288@g.us,128733256110143,Enterado en base,AC799210800A6C039FE438FF74445C9A
230,2026-08-19 18:28:01,120363042493725288@g.us,136734830530561,En la carga de 21d la 072,
230,2026-08-19 18:44:16,120363042493725288@g.us,136734830530561,"10 a 58 la 072,6",
230,2026-08-19 18:44:38,120363042493725288@g.us,128733256110143,Enterado en base,ACF323BEBE4AD2A474B604336BAD3B64
230,2026-08-19 18:47:00,120363042493725288@g.us,97878764691675,Odómetro de salida U-096 sale a entrega de documentos al palacio Municipal,
230,2026-08-19 18:48:15,120363042493725288@g.us,244006101479643,Sale unidad 098 al evento de taller de elaboración y exhibición de globos de papel,
230,2026-08-19 18:58:16,120363042493725288@g.us,170188213383234,Unidad 072 en base,
230,2026-08-19 19:07:56,120363042493725288@g.us,60314259308792,U-098 en el punto,
230,2026-08-19 19:08:40,120363042493725288@g.us,128733256110143,Enterado en base,AC83CF5484EB50083905968B11BD05AC
230,2026-08-19 19:26:45,120363042493725288@g.us,97878764691675,Odómetro de llegada a base de U-096,
230,2026-08-19 19:43:22,120363042493725288@g.us,97878764691675,Sale U-096 a dejar oficio a palacio municipal,
230,2026-08-19 20:11:29,120363042493725288@g.us,128733256110143,Sele cambia bocina a la unidad 097 ya k la k trae tiene agua dentro y suena muy bajito,
230,2026-08-19 20:34:00,120363042493725288@g.us,60314259308792,U-098 hace 10 a 58,
230,2026-08-19 20:34:22,120363042493725288@g.us,128733256110143,Enterado con precaución,ACC6FB69E6442408804C2E691930CA92
230,2026-08-19 20:35:34,120363042493725288@g.us,226585563119766,Queda instalado el tanque de oxigeno en la unidad 208,
230,2026-08-19 20:45:43,120363042493725288@g.us,136734830530561,"Unidad motorizada 10 a asuntos administrativos (paso del toro, tejar, playa de vacas y puente moreno)",
230,2026-08-19 20:46:08,120363042493725288@g.us,244006101479643,Unidad 098 en base,
230,2026-08-19 20:58:07,120363042493725288@g.us,198930738487413,Se le da mantenimiento preventivo y limpieza a La motosierra,
230,2026-08-19 20:59:30,120363042493725288@g.us,170179606609930,El número de la señora es 2299001653,
230,2026-08-19 20:59:42,120363042493725288@g.us,128733256110143,Reporta agente de tránsito Carlos Morales k una se keja de un fuerte dolor de estómago en la entrada de playa de vacas,AC24E711D012D6158AF6E54BA2478C9E
230,2026-08-19 20:59:44,120363042493725288@g.us,170179606609930,Caído de nivel de sustentación,
230,2026-08-19 21:00:17,120363042493725288@g.us,128733256110143,Enterado sale unidad 097,3ADFC81B258D498A1B79
230,2026-08-19 21:01:09,120363042493725288@g.us,170179606609930,Primero o atienden esto,AC24E711D012D6158AF6E54BA2478C9E
230,2026-08-19 21:03:17,120363042493725288@g.us,170179606609930,Por favor,
230,2026-08-19 21:05:53,120363042493725288@g.us,128733256110143,097 en el punto,ACDB82AC108B521A3BE2B27C7AED88D8
230,2026-08-19 21:13:17,120363042493725288@g.us,97878764691675,Odómetro de llegada a basé de U-096,
230,2026-08-19 21:13:38,120363042493725288@g.us,28067678416994,"Se nego a proporcionar datos y su nombre, esta paciente ya había venido a ser atendida por los compañeros, tiene estreñimiento.
NO AMERITA TRASLADO.",AC9B595231B0645A3871969EAAF6A161
230,2026-08-19 21:17:21,120363042493725288@g.us,170179606609930,puedem acudir al que le mande al grupo del caido,
230,2026-08-19 21:17:24,120363042493725288@g.us,170179606609930,por favor,
230,2026-08-19 21:18:04,120363042493725288@g.us,28067678416994,Unidad 097 en el punto de este servicio.,3EB0132E10338DBB7D5DC0
230,2026-08-19 21:19:50,120363042493725288@g.us,170179606609930,Ya esta el vehículo,
230,2026-08-19 21:20:10,120363042493725288@g.us,170179606609930,Del traslado de ahorita del señor de la hemodiálisis,
230,2026-08-19 21:29:11,120363042493725288@g.us,97878764691675,U-096 se dirige a presidencia municipal a buscar vehículo para Aser translado,
230,2026-08-19 21:29:27,120363042493725288@g.us,128733256110143,Enterado con precaución gracias,AC3347A31837263415B57826FF4FE3EC
230,2026-08-19 21:35:51,120363042493725288@g.us,128733256110143,097 en base,
230,2026-08-19 21:45:17,120363042493725288@g.us,198930738487413,Unidad 096 retorno a base,
230,2026-08-19 21:45:47,120363042493725288@g.us,97878764691675,Recibo llaves de U-R 051 para dirigirme al domicilio del paciente para Aser el traslado,
230,2026-08-19 22:02:49,120363042493725288@g.us,198930738487413,Unidad 096 en base,
230,2026-08-19 22:11:49,120363042493725288@g.us,Você,"Reportan adulto mayor que tuvo un sincope y cayó de su nivel de sustentación, está tirado y sangrando del cráneo. Es díabetico.",
230,2026-08-19 22:16:58,120363042493725288@g.us,170188213383234,Sale unidad 208,ACE2D6116032E6E0A28B1ECDF74BC518
230,2026-08-19 22:26:38,120363042493725288@g.us,128733256110143,Sele da mantenimiento a moto sierra,
230,2026-08-19 22:30:38,120363042493725288@g.us,170179606609930,Enterado gracias,AC429675D310E1590F61098F790EEF11
230,2026-08-19 22:42:21,120363042493725288@g.us,128733256110143,Enterado con precaución gracias,AC429675D310E1590F61098F790EEF11
230,2026-08-19 22:44:48,120363042493725288@g.us,170188213383234,Unidad en el punto,
230,2026-08-19 22:45:06,120363042493725288@g.us,128733256110143,Enterado en base,AC9F62892CDC7FA0F27AD80BF11D8B37
230,2026-08-19 22:51:30,120363042493725288@g.us,Você,"*Reporte al 9-1-1 (PRELIMINAR)*
Fecha y Hora: *19/08/2026 16:42:53*
Asunto: *ANIMAL PELIGROSO-SUELTO*
Colonia: *LAGOS DE PUENTE MORENO*
Calle: *CIRCUTO ATLANTICO OSTE 99*
Entre calles: *PACIFICO Y ARTICO*
Referencia: *PEGADO AL LAGO*
Localidad: *MEDELLIN DE BRAVO*
Municipio: *MEDELLIN DE BRAVO*
*Ubicación:*https://www.google.com/maps/place/19.108645982128,-96.162457305777
*Resumen de evento*
     SOLICITANTE INDICA QUE HAY UNA VÍBORA EN EL PATIO DE SU CASA EN EL TECHO ES DE LAMIN",
230,2026-08-19 22:52:07,120363042493725288@g.us,Você,Favor de acudir unidad 096 al punto Luis Merino,ACD18E69CF25A3324389BB4527FA4B57
230,2026-08-19 22:52:25,120363042493725288@g.us,170179606609930,Es que está en la mera entrada,
230,2026-08-19 22:52:25,120363042493725288@g.us,170179606609930,Está es la dirección de las abejas,
230,2026-08-19 22:52:38,120363042493725288@g.us,170179606609930,Chequen y valoren,
230,2026-08-19 22:53:09,120363042493725288@g.us,170179606609930,664 538 1084,
230,2026-08-19 22:53:14,120363042493725288@g.us,170179606609930,Número de reportan,
230,2026-08-19 22:56:09,120363042493725288@g.us,Você,"*Reporte al 9-1-1 (PRELIMINAR)*
Fecha y Hora: *19/08/2026 16:42:53*
Asunto: *ANIMAL PELIGROSO-SUELTO*
Colonia: *LAGOS DE PUENTE MORENO*
Calle: *CIRCUTO ATLANTICO OSTE 99*
Entre calles: *PACIFICO Y ARTICO*
Referencia: *PEGADO AL LAGO*
Localidad: *MEDELLIN DE BRAVO*
Municipio: *MEDELLIN DE BRAVO*
*Ubicación:*https://www.google.com/maps/place/19.108645982128,-96.162457305777",
230,2026-08-19 22:59:04,120363042493725288@g.us,97878764691675,U-096 sale a reporte de víbora a lagos de moreno,
230,2026-08-19 23:10:40,120363042493725288@g.us,170188213383234,Unidad 208 retorna a base,
230,2026-08-19 23:10:59,120363042493725288@g.us,128733256110143,Enterado con precaución,AC6D795207E47ADE25D32E7A7793E7AC
230,2026-08-19 23:11:47,120363042493725288@g.us,97878764691675,U-096 en el punto,
230,2026-08-19 23:17:23,120363042493725288@g.us,226585563119766,"Se atiende a masculino de 68 años 
PX: Jose Mata Dominguez
Diabetico
DX: paciente conciente y orientado en tiempo y Forma 
Glasgow valorada en 15
Glusemia - 96
T/A 117/82
FC- 72
Spo2-98
FR-23
Se le brindan recomendacion al familiar que acuda a su medico familiar para valoracion medica posterior ya que es paciente clinico ( no amerita traslado)",ACE2D6116032E6E0A28B1ECDF74BC518
230,2026-08-19 23:17:39,120363042493725288@g.us,128733256110143,Enterado gracias,A5190BB00640400E857AD7AA9C8B9CC7
230,2026-08-19 23:17:43,120363042493725288@g.us,170179606609930,Enterado!,A5190BB00640400E857AD7AA9C8B9CC7
230,2026-08-19 23:25:33,120363042493725288@g.us,97878764691675,U-096 retorna a base,
230,2026-08-19 23:25:46,120363042493725288@g.us,128733256110143,Enterado con precaución,AC7EFDF8CDC2871526513AF6EBFBEE93
230,2026-08-19 23:38:03,120363042493725288@g.us,170188213383234,Unidad 208 en base,
230,2026-08-19 23:41:15,120363042493725288@g.us,97878764691675,Odómetro de llegada U-096,
230,2026-08-20 00:10:53,120363042493725288@g.us,170179606609930,Es aquí en las balsas,
230,2026-08-20 00:10:53,120363042493725288@g.us,170179606609930,Ya se lo mandé otra vez,
230,2026-08-20 00:11:40,120363042493725288@g.us,170179606609930,https://maps.app.goo.gl/d5o2JvM7CjgGHGdy7?g_st=awb,
230,2026-08-20 00:11:54,120363042493725288@g.us,170179606609930,Este es el de los cables,3ADED8D55431DDF0B7C2
230,2026-08-20 00:12:44,120363042493725288@g.us,170188213383234,Sale unidad 096 a reporte de cables caídos,3ADED8D55431DDF0B7C2
230,2026-08-20 00:20:53,120363042493725288@g.us,128733256110143,Enterado con precaución,ACA899D2E6C3BE9A0ADF13EA19D95B5B
230,2026-08-20 00:37:43,120363042493725288@g.us,170179606609930,Este ya quedó sin efecto las abejas se fueron solas para conocimiento y lo borren de los pendientes,
230,2026-08-20 00:37:43,120363042493725288@g.us,170179606609930,Buenas tardes disculpe que lo moleste hay unas abejas en la localidad de Moralillo,
230,2026-08-20 00:51:44,120363042493725288@g.us,170188213383234,Unidad 096 en el punto,
230,2026-08-20 00:52:09,120363042493725288@g.us,Você,Enterada en base.,ACBE16132D97C2C8B35A82E390CAFDC8
230,2026-08-20 00:52:10,120363042493725288@g.us,128733256110143,Enterado en base,ACBE16132D97C2C8B35A82E390CAFDC8
230,2026-08-20 00:55:49,120363042493725288@g.us,Você,"*Reporte al 9-1-1 (PRELIMINAR)*
Fecha y Hora: *19/08/2026 17:34:23*
Asunto: *CAÍDA DE CABLES*
Colonia: *HERON PROAL SUR*
Calle: *AV HERON PROAL S/N*
Entre calles: *BV MANUEL SALGADO*
Referencia: *EN LA ENTRADA DE HERON PROAL*
Localidad: *HERON PROAL*
Municipio: *MEDELLIN DE BRAVO*
*Ubicación:*https://www.google.com/maps/place/19.00984,-96.10048
*Resumen de evento*",
230,2026-08-20 00:56:08,120363042493725288@g.us,170179606609930,Por ahí que lo atienda la 096,AC73F44AC5B436AAD6AB23CB48254901
230,2026-08-20 00:59:18,120363042493725288@g.us,170179606609930,ESTÁN EN ESTA UBICACIÓN,
230,2026-08-20 00:59:22,120363042493725288@g.us,170179606609930,?,3AF75AFB92DA9EF633F3
230,2026-08-20 00:59:56,120363042493725288@g.us,170179606609930,Después les encargo este,3ACBB484D01A41E87D60
230,2026-08-20 01:15:29,120363042493725288@g.us,198930738487413,Al yegar al lugar ya se encontraban personal de alumbrado público Lucio Pérez haciéndose cargo de  los cables el cual se desprendió de un postel de alumbrado así mismo nos entrevistamos con la quien  dijo llamarse Antonio Valenzuela quien dijo ser agente municipal  del poblado la  esmeralda  se dan recomendaciones verbales y nos trasladamos  a heron proal para el servicio de cables caídos,
230,2026-08-20 01:16:27,120363042493725288@g.us,128733256110143,Enterado con precaución gracias,AC0640AC592F46E55E01726C2A549CCC
230,2026-08-20 01:39:14,120363042493725288@g.us,198930738487413,Unidad 096 en el área  se observa unos cables de media tensión caídos no se encuentran electrificados se procede a acordonar el área,
230,2026-08-20 01:58:17,120363042493725288@g.us,23670235877476,Este señor se cortó,
230,2026-08-20 01:58:44,120363042493725288@g.us,128733256110143,Va para allá la unidad 098,3A475A944519FA9393A2
230,2026-08-20 01:59:00,120363042493725288@g.us,170179606609930,Enterado!,
230,2026-08-20 01:59:42,120363042493725288@g.us,128733256110143,Unidad 096 apóyame en esa ubicación de favor ahorita k salgas de la Herón proal,AC10EF400D5F68E3CBC745C5F96F7D53
230,2026-08-20 02:01:11,120363042493725288@g.us,128733256110143,Con precaución gracias,AC5BC1771B35DAB16F7601C51F44BCCA
230,2026-08-20 02:01:15,120363042493725288@g.us,60314259308792,Sale unidad 098,3A475A944519FA9393A2
230,2026-08-20 02:01:23,120363042493725288@g.us,128733256110143,Con precaución gracias,ACD566E695AA20CA9D46C50BAFACAC82
230,2026-08-20 02:02:21,120363042493725288@g.us,198930738487413,Se deja señalizado,
230,2026-08-20 02:02:59,120363042493725288@g.us,128733256110143,Enterado en base gracias,AC0B4E7DA7A3EE3F8777618FED3160D4
230,2026-08-20 02:30:40,120363042493725288@g.us,214482211094536,Unidad en el punto,
230,2026-08-20 02:36:25,120363042493725288@g.us,60314259308792,U-098 hace 10 a base,
230,2026-08-20 02:41:55,120363042493725288@g.us,60314259308792,Dónde?,
230,2026-08-20 02:42:05,120363042493725288@g.us,60314259308792,Apenas venimos saliendo de paso del toro,
230,2026-08-20 02:42:27,120363042493725288@g.us,136734830530561,Ubicación enviárselas,A599EDDA3E9AF8AA16F0E2CC159808A5
230,2026-08-20 02:42:38,120363042493725288@g.us,136734830530561,Allí está,AC3B188595CAF05E54108AB14A5495DA
230,2026-08-20 02:44:17,120363042493725288@g.us,128733256110143,Sale unidad 097 al punto,
230,2026-08-20 02:51:05,120363042493725288@g.us,28067678416994,En el punto,A599EDDA3E9AF8AA16F0E2CC159808A5
230,2026-08-20 02:51:07,120363042493725288@g.us,128733256110143,En el punto la 097,A599EDDA3E9AF8AA16F0E2CC159808A5
230,2026-08-20 03:02:39,120363042493725288@g.us,244006101479643,Unidad 098 en base,
230,2026-08-20 03:09:06,120363042493725288@g.us,136734830530561,"Enterado vulcano, con precaución",
230,2026-08-20 03:18:35,120363042493725288@g.us,128733256110143,097 en la 71 de días mirón,ACE207D55EDDCDAD6FB0E7BC27FA6312
230,2026-08-20 03:21:24,120363042493725288@g.us,170179606609930,Gracias Carlos,AC72170794A01FABDA2FAA32B12BC9E0
230,2026-08-20 03:32:07,120363042493725288@g.us,170188213383234,Unidad 096 en el primer punto de abejas,
230,2026-08-20 03:32:41,120363042493725288@g.us,128733256110143,Enterado gracias,AC78713A0DB33F7501B6838956790682
230,2026-08-20 03:39:20,120363042493725288@g.us,60314259308792,"Se atiende masculino de edad desconocida
Px: Marcos, en estado etílico 
Dx: notoria herida  lacerativa de aprox 3cm de profundidad y 4-5 CM de largo, presentes refieren que un carro lo impacto y se enterró una varilla en el pie y el mismo se la saco, 
 px refiere dolor en el pecho, y en la notoria herida.
Se hace curación de la herida y se coloca vendaje compresivo, px se pone combativo, *se niega al traslado* y se retira por sus medios",3A475A944519FA9393A2
230,2026-08-20 03:44:45,120363042493725288@g.us,170188213383234,A petición del ciudadano quien dijo llamarse Maria Elga Nelson Cisneros se deja la abejas al interior de una llanta la cual se encuentra enterrada dejándole recomendaciones verbales se acordona y nos trasladamos a otro enjambre,
230,2026-08-20 03:55:28,120363042493725288@g.us,128733256110143,Con precaución gracias,ACC5D621AC94DE96A01760A360A40FD4
230,2026-08-20 04:00:59,120363042493725288@g.us,170188213383234,Unidad 096 en el segundo punto de enjambres  abejas,
230,2026-08-20 04:04:21,120363042493725288@g.us,170188213383234,Se procede al retiro de enjambre de abejas,
230,2026-08-20 04:04:23,120363042493725288@g.us,97878764691675,Para conocimiento de los mandos me dirijo al HR de 20 noviembre al servicio de traslado,
230,2026-08-20 04:04:49,120363042493725288@g.us,28067678416994,Unidad 097 hace 10 a 58.,
230,2026-08-20 04:05:14,120363042493725288@g.us,28067678416994,"Para conocimiento de los mandos, se deja la camilla en la clinica #71 del IMSS.",
230,2026-08-20 04:18:45,120363042493725288@g.us,226585563119766,Enterados en base,ACFF8D33911ED952A1046EBB1EB48439
230,2026-08-20 04:20:44,120363042493725288@g.us,128733256110143,Con precaución,ACFF8D33911ED952A1046EBB1EB48439
230,2026-08-20 04:21:16,120363042493725288@g.us,128733256110143,Unidad 097 en base,
230,2026-08-20 04:34:24,120363042493725288@g.us,170188213383234,Unidad  096  en base,
230,2026-08-20 04:45:12,120363042493725288@g.us,28067678416994,"*FECHA*: 19 de Agosto del 2026.
*AMBULANCIA*: Unidad 097.
*OPERADOR*: Francisco Lara. 
*PARAMEDICO*: Arely Avendaño. 
*TERCERO ABORDO*: Familiar Responsable: Yuli Liliana Alarcon De La O.
*DIRECCIÓN DEL SERVICIO*: Circuito Martin Pescador 12020 interior 3.
*TIPO DE SERVICIO*: Urgencia. 
*NOMBRE DEL PACIENTE*: Verónica De La O Cruz.
*EDAD*: 48 años.

*T/A*: 90/60mHg
*F/C*: 110 LPM.
*F/R*: 10 RPM
 *Spo2*: 88%
 *TEMPERATURA*: 38.9°
*GLUC/OPCIONAL*: ...
*Glasgow*: 15 pts.

*ORIGINARIO ( A)*: Medellín De Bravo. 
*DESCRIPCIÓN DE LO OCURRIDO*: Llega a la base de Protección Civil una ciudadana para solicitar el apoyo de la ambulancia para su mamá que tiene mucho dolor abdominal. 
*DIAGNÓSTICO*: Pb. Choque Séptico.
*HOSPITAL  DE TRASLADO*: IMSS #71.
 *RECIBE*: Dra. Estefania Gomez.
*CÓDIGO*: Rojo
*OBSERVACIONES*: Paciente con antecedentes de Abseso en el riñon  derecho. 
*ANTECEDENTES PATOLOGICOS*: HTA y diabetes.
*ANTECEDENTES  NO PATOLOGICOS*: Negado.
*ALERGIAS*: Negado.
 *MEDICAMENTOS*: Negado. 
*AUTORIDAD EN EL LUGAR*: ...
*SEGURO*: IMSS. 
*DESPACHA*: Protección Civil Medellín De Bravo.",AC53C81D6DB79657C7653B3648440974
230,2026-08-20 05:17:14,120363042493725288@g.us,97878764691675,Unidad R-051 de apoyo para traslado llegando a basé,
230,2026-08-20 05:26:44,120363042493725288@g.us,97878764691675,U-096 sale en apoyo para ir a dejar la unidad que prestaron para el traslado al palacio,
230,2026-08-20 05:28:06,120363042493725288@g.us,128733256110143,Enterado con precaución,AC8BF1C79A1A88D54A4268960DC11778
230,2026-08-20 05:41:11,120363042493725288@g.us,97878764691675,Se deja la unidad R-051 en estaciónamiento del palacio y las llaves al guardia,
230,2026-08-20 05:57:11,120363042493725288@g.us,97878764691675,U-096 llegando a basé,
231,2026-08-19 16:06:54,214774235267138@lid,214774235267138,"*Reporte al 9-1-1 (PRELIMINAR)*
Fecha y Hora: *19/08/2026 10:01:16*
Asunto: *INCENDIO DE CASA HABITACIÓN*
Colonia: *NUEVO MEDELLIN*
Calle: *CIPRES S/N*
Entre calles: *ALMENDRO*
Referencia: *A 1 CALLE DEL PARQUE*
Localidad: *MEDELLIN DE BRAVO*
Municipio: *MEDELLIN DE BRAVO*
*Ubicación:*https://www.google.com/maps/place/19.00679,-96.11079
*Resumen de evento*",
231,2026-08-19 16:06:55,214774235267138@lid,Você,Aquí la Geo por favor,
231,2026-08-19 16:12:09,214774235267138@lid,Você,SALE U208 AMBULANCIA Y 072 PIPA,
231,2026-08-19 16:12:26,214774235267138@lid,Você,a ustedes,
231,2026-08-19 17:15:06,214774235267138@lid,214774235267138,ME APOYA CON LA NOVEDAD,3EB040FD200F74D19D693D
231,2026-08-19 17:15:38,214774235267138@lid,Você,"Mando policía estatal:Raúl Hernández cortes Con 1 más de fuerza 
En la unidad Sp-4016",
231,2026-08-19 17:15:50,214774235267138@lid,Você,no han puesto datos de las personas afecftadas aun,
231,2026-08-19 17:15:53,214774235267138@lid,Você,estan enfriando el area,
231,2026-08-19 17:16:09,214774235267138@lid,Você,"Rual Hernández Cortés sp4016 con uno más Policía Estatal
Carlos Adrián Reyes Pulido con dos más  

Silverio Reyes Gerónimo propietario de la vivienda afectada calle Almendro lote 5 manzana 5
Protección Civil al mando Daniel Romero Pilar Director con 12 elementos Unidades 208 072 y la 096 incluido 4 francos",
232,2026-08-19 18:51:33,215345969274963@lid,Você,Soy de pc,
232,2026-08-19 18:52:14,215345969274963@lid,215345969274963,Acacia 29,
232,2026-08-19 19:17:18,215345969274963@lid,Você,muchas gracias ya quedo agendado,
233,2026-08-19 18:56:40,214774235267138@lid,214774235267138,"*Reporte al 9-1-1 (PRELIMINAR)*
Fecha y Hora: *19/08/2026 12:50:19*
Asunto: *ENJAMBRE*
Colonia: *PUENTE MORENO*
Calle: *AV CIRCUITO PUENTE  MORENO 2*
Entre calles: *COAMO Y AV LAS FLORES*
Referencia: *EN COLEGIO MEDELLIN*
Localidad: *NO ESPECIFICADO*
Municipio: *MEDELLIN DE BRAVO*
*Ubicación:*https://www.google.com/maps/place/19.10079,-96.15527
*Resumen de evento*",
233,2026-08-19 18:58:29,214774235267138@lid,Você,un comentario compañer@,
233,2026-08-19 18:59:01,214774235267138@lid,214774235267138,DIGAME,
233,2026-08-19 19:16:19,214774235267138@lid,Você,"sobre el tema de abejas, solo tenemos 1 compañero que atiende el reporte, y viene ejemplo hoy de ahi el viernes y así sucesivamente",
233,2026-08-19 19:16:29,214774235267138@lid,Você,"es la unica persona encargada en temas de abejas,",
233,2026-08-19 19:17:05,214774235267138@lid,Você,"los reportes los agendamos segun orden de llegada, me envian por favor nombre del solicitante, su numero o nos mandan whatssapp aqui con las fotos y la ubicacion, porque no tenemos apicultor diariamente",
234,2026-08-19 19:30:49,110260467540045@lid,110260467540045,Buenas tardes!!,
234,2026-08-19 19:31:47,110260467540045@lid,110260467540045,Este es el panal que están haciendo las abejas,
234,2026-08-19 19:32:33,110260467540045@lid,110260467540045,Es el colegio Medellín,
234,2026-08-19 19:32:37,110260467540045@lid,110260467540045,Y soy Angeles Alfaro,
234,2026-08-19 20:37:09,110260467540045@lid,110260467540045,Ah ok gracias,
235,2026-08-19 19:46:00,198930738487413@lid,Você,Arbol,
235,2026-08-19 19:46:17,198930738487413@lid,Você,Abejas,
235,2026-08-19 19:46:36,198930738487413@lid,Você,Robles,AC54A78D7B009470698B39FDF22DD1DF
235,2026-08-19 19:46:57,198930738487413@lid,Você,Arboledas,
235,2026-08-19 19:46:57,198930738487413@lid,Você,Mi nombre es María Elga Nelson Cisneros,
235,2026-08-19 19:47:17,198930738487413@lid,Você,La laguna,
235,2026-08-19 19:47:40,198930738487413@lid,Você,Arboledas,
235,2026-08-19 19:47:58,198930738487413@lid,Você,Arboledas,
237,2026-08-19 20:41:51,104470868431029@lid,104470868431029,Miren por favor apoyen ala esmeralda se cayó una rama y reventó un cable,
237,2026-08-19 21:23:20,104470868431029@lid,Você,Ya se le comento al lic pastor pero los muchachos de parques y jardines ya salieron y PC andan ocupados pero me comentó que se le dió herramienta al agente municipal como motosierra,
237,2026-08-19 21:40:59,104470868431029@lid,104470868431029,Si pero yo está ba en  medellín apenas vengo en el auto bus,
240,2026-08-19 22:46:18,74655524192384@lid,Você,Okis,
240,2026-08-19 22:46:40,74655524192384@lid,Você,Se le manda al compañero pero ya sería en la tarde noche,
240,2026-08-19 22:47:22,74655524192384@lid,74655524192384,Es que voy a salir como en una hora y regreso ya tarde,
240,2026-08-19 22:47:56,74655524192384@lid,Você,"No importa la hora, trabajamos 24 horas",
240,2026-08-19 22:48:02,74655524192384@lid,Você,Solo dígame cuando esté ahí,
240,2026-08-19 22:48:12,74655524192384@lid,74655524192384,Okis,
240,2026-08-19 22:57:07,74655524192384@lid,Você,Gracias!,
241,2026-08-19 22:49:15,214774235267138@lid,214774235267138,mando,
241,2026-08-19 22:49:34,214774235267138@lid,214774235267138,me apoya con un reporte de un rescate de  una víbora,
241,2026-08-19 22:50:45,214774235267138@lid,214774235267138,"*Reporte al 9-1-1 (PRELIMINAR)*
Fecha y Hora: *19/08/2026 16:42:53*
Asunto: *ANIMAL PELIGROSO-SUELTO*
Colonia: *LAGOS DE PUENTE MORENO*
Calle: *CIRCUTO ATLANTICO OSTE 99*
Entre calles: *PACIFICO Y ARTICO*
Referencia: *PEGADO AL LAGO*
Localidad: *MEDELLIN DE BRAVO*
Municipio: *MEDELLIN DE BRAVO*
*Ubicación:*https://www.google.com/maps/place/19.108645982128,-96.162457305777
*Resumen de evento*
     SOLICITANTE INDICA QUE HAY UNA VÍBORA EN EL PATIO DE SU CASA EN EL TECHO ES DE LAMIN",
241,2026-08-19 22:55:39,214774235267138@lid,214774235267138,"*Reporte al 9-1-1 (PRELIMINAR)*
Fecha y Hora: *19/08/2026 16:42:53*
Asunto: *ANIMAL PELIGROSO-SUELTO*
Colonia: *LAGOS DE PUENTE MORENO*
Calle: *CIRCUTO ATLANTICO OSTE 99*
Entre calles: *PACIFICO Y ARTICO*
Referencia: *PEGADO AL LAGO*
Localidad: *MEDELLIN DE BRAVO*
Municipio: *MEDELLIN DE BRAVO*
*Ubicación:*https://www.google.com/maps/place/19.108645982128,-96.162457305777",
241,2026-08-19 22:56:46,214774235267138@lid,Você,Gracias comando,
241,2026-08-19 23:41:37,214774235267138@lid,Você,.,
241,2026-08-19 23:42:23,214774235267138@lid,214774235267138,"*Reporte al 9-1-1 (PRELIMINAR)*
Fecha y Hora: *19/08/2026 17:34:23*
Asunto: *CAÍDA DE CABLES*
Colonia: *HERON PROAL SUR*
Calle: *AV HERON PROAL S/N*
Entre calles: *BV MANUEL SALGADO*
Referencia: *EN LA ENTRADA DE HERON PROAL*
Localidad: *HERON PROAL*
Municipio: *MEDELLIN DE BRAVO*
*Ubicación:*https://www.google.com/maps/place/19.00984,-96.10048
*Resumen de evento*",
242,2026-08-20 00:34:29,170179606609930@lid,Você,Ste sech,
242,2026-08-20 01:49:00,170179606609930@lid,Você,Solicitud de traslado,
242,2026-08-20 02:02:35,170179606609930@lid,170179606609930,Para cuando,ACD1790BDE9A15C7B99E9EF75E2AB98D
243,2026-08-20 01:14:53,123012292550716@lid,123012292550716,Hola buena tarde,
243,2026-08-20 01:15:03,123012292550716@lid,123012292550716,Marqué hace unos minutos,
243,2026-08-20 01:15:19,123012292550716@lid,123012292550716,Me podrían mandar por favor el ejemplo del escrito,
243,2026-08-20 01:15:50,123012292550716@lid,Você,Deme un momento,3A3E1552B8B789BE5C48
243,2026-08-20 01:16:11,123012292550716@lid,123012292550716,Sí claro,
243,2026-08-20 01:22:46,123012292550716@lid,Você,Lo único que está mal en ese ejemplo es el nombre del alcalde,
243,2026-08-20 01:23:01,123012292550716@lid,Você,Se llama: Samuel Acosta Martinez.,
243,2026-08-20 01:44:40,123012292550716@lid,Você,Podría mandar la ubicación de la otra manera,
243,2026-08-20 01:44:59,123012292550716@lid,Você,En tiempo actual porfavor,
243,2026-08-20 01:45:05,123012292550716@lid,123012292550716,Así,AC743C2B45C75DC21B649AC0DD54572E
243,2026-08-20 01:45:21,123012292550716@lid,Você,Grácias,
243,2026-08-20 01:50:35,123012292550716@lid,123012292550716,Graciass,
243,2026-08-20 02:04:27,123012292550716@lid,123012292550716,Disculpe como en cuanto tiempo llegan?,
244,2026-08-20 10:31:33,214774235267138@lid,Você,.,
244,2026-08-20 10:31:52,214774235267138@lid,Você,M podría mandar la ubicación del reporte de puente moreno,
244,2026-08-20 10:33:02,214774235267138@lid,214774235267138,"*Reporte al 9-1-1 (PRELIMINAR)*
Fecha y Hora: *20/08/2026 04:20:49*
Asunto: *URGENCIA POR ENFERMEDAD GENERAL*
Colonia: *LAGOS DE PUENTE MORENO*
Calle: *AV. LAS JOYAS EDF- B*
Entre calles: *GRANATE Y DIAMANTE*
Referencia: *FRENTE DEL OXXO*
Localidad: *MEDELLIN DE BRAVO*
Municipio: *MEDELLIN DE BRAVO*
*Ubicación:*https://www.google.com/maps/place/19.097279513189,-96.162613273364
*Resumen de evento*
 Es aquí mando",
245,2026-08-20 10:33:19,120363042493725288@g.us,Você,"*Reporte al 9-1-1 (PRELIMINAR)*
Fecha y Hora: *20/08/2026 04:20:49*
Asunto: *URGENCIA POR ENFERMEDAD GENERAL*
Colonia: *LAGOS DE PUENTE MORENO*
Calle: *AV. LAS JOYAS EDF- B*
Entre calles: *GRANATE Y DIAMANTE*
Referencia: *FRENTE DEL OXXO*
Localidad: *MEDELLIN DE BRAVO*
Municipio: *MEDELLIN DE BRAVO*
*Ubicación:*https://www.google.com/maps/place/19.097279513189,-96.162613273364
*Resumen de evento*
 Es aquí mando",
245,2026-08-20 10:33:33,120363042493725288@g.us,Você,Favor de acudir unidad 208,AC7E330D7D910161FFF0960B4EA797DB
245,2026-08-20 10:34:00,120363042493725288@g.us,97878764691675,Odómetro de salida U-208,
245,2026-08-20 10:35:38,120363042493725288@g.us,226585563119766,Sale unidad 208 al punto indicado informes al arribo de la unidad,AC7E330D7D910161FFF0960B4EA797DB
245,2026-08-20 10:39:00,120363042493725288@g.us,128733256110143,Enterado con precaución,A5E83470A1920463850119D61941C22A
245,2026-08-20 10:41:11,120363042493725288@g.us,97878764691675,U-208 en el punto,
245,2026-08-20 10:41:38,120363042493725288@g.us,Você,Enterado en base,AC2246CC62D20D17FE1133185328C632
245,2026-08-20 10:55:55,120363042493725288@g.us,97878764691675,U-208 retorna a basé,
245,2026-08-20 11:03:59,120363042493725288@g.us,97878764691675,U-208 en basé,
245,2026-08-20 11:08:22,120363042493725288@g.us,226585563119766,"Se acude a llamado de Emergencia en Lagos de puebte Moreno
Calle : paseo de la Joya 
Circuito Granate #6 
PX: Jose Juan Palafox Luna
Edad : 49
DX; crisis de Anciedad
T/A 138/82
Spo2- 97
FC-70
FR- 21
Glasgow valorada en 15
Se le brinda la atencion y se le dan recomendaciones (No amerita Traslado",ACF5CFC7891CA940FC999955C43658CE
245,2026-08-20 11:09:40,120363042493725288@g.us,128733256110143,Enterado gracias,A5E809D2DECCFC359EFFC4D7B7441799
247,2026-08-20 13:14:25,120363042493725288@g.us,97878764691675,Sale U-208 a carga de combustible ⛽,
247,2026-08-20 13:15:07,120363042493725288@g.us,128733256110143,Enterado con precaución,AC15CB4D182AD3735264852EE86656C9
247,2026-08-20 13:15:09,120363042493725288@g.us,170188213383234,Sale unidad 096 a carga de combustible,
247,2026-08-20 13:15:30,120363042493725288@g.us,128733256110143,Con precaución,AC1044BE5FD3EF29F9F834435784410E
247,2026-08-20 13:22:58,120363042493725288@g.us,97878764691675,U-208 en carga de combustible,
247,2026-08-20 13:31:18,120363042493725288@g.us,97878764691675,U-208 carga de combustible,
247,2026-08-20 13:40:09,120363042493725288@g.us,170188213383234,Unidad 096 retorna a base,
247,2026-08-20 13:40:24,120363042493725288@g.us,97878764691675,Odómetro de llegada U-208,
247,2026-08-20 13:49:49,120363042493725288@g.us,170188213383234,Unidad 096 en base,
247,2026-08-20 14:08:08,120363042493725288@g.us,97878764691675,U-208 con niveles correctos de aceite de motor aceite hidráulico y liquido de frenos,
247,2026-08-20 14:16:15,120363042493725288@g.us,97878764691675,U-098 con niveles correctos de aceite de motor aceite hidráulico y liquido de frenos,
247,2026-08-20 14:20:33,120363042493725288@g.us,97878764691675,U-072 con niveles correctos de aceite de motor aceite hidráulico y aceite de bomba de agua,
247,2026-08-20 14:28:47,120363042493725288@g.us,97878764691675,U-097 con niveles correctos de aceite de motor aceite hidráulico y liquido de frenos correctos,
247,2026-08-20 15:10:21,120363042493725288@g.us,226585563119766,Se entrega sin novedad la Unidad 208 al compañero: Angel Camiron,
247,2026-08-20 15:13:13,120363042493725288@g.us,213554649145471,Se recibe unidad 098 sin novedad,
247,2026-08-20 15:13:50,120363042493725288@g.us,216359027896444,Buenos días compañeros...me solicitan en RH que pasen por favor a firmar su contrato. 😉,
247,2026-08-20 15:20:51,120363042493725288@g.us,226585563119766,Enterada,AC62A090C618B2BCA211F1F2E9794700
247,2026-08-20 15:24:58,120363042493725288@g.us,265639449067682,U096,
247,2026-08-20 15:30:35,120363042493725288@g.us,216359027896444,"Bdias Invitaciones de Inicios de Obra
Unidad asignada para estar en cada evento *U098*

*09:30am* _Rehabilitación Pavimento con concreto asfáltico LUGAR: Calle Constitución el Tejar_

*11:00am*
_Construcción de Techado Esc Ricardo Flores Magon LUGAR: La Candelaria_

*12:30pm*
_Construcción Pavimento Cemento Hidráulica Banquetas Calle Niños Héroes LUGAR: Paso del Toro_",
247,2026-08-20 15:31:01,120363042493725288@g.us,216359027896444,Se pidieron ubicaciones de los lugares pero no nos las enviaron 😓,ACC38E28538D85CA986B4E13F18DCCD4
247,2026-08-20 15:31:15,120363042493725288@g.us,214482211094536,Sale unidad 098,
247,2026-08-20 15:36:51,120363042493725288@g.us,65915584544854,"Recibo unidad 097 con la novedad que sigue goteando aceite hidráulico, niveles normales de aceite motor, anticongelante",
247,2026-08-20 15:40:47,120363042493725288@g.us,213554649145471,Unidad 098 ya en el primer evento,
247,2026-08-20 15:44:33,120363042493725288@g.us,43465723384010,Sale unidad 208,
247,2026-08-20 16:05:37,120363042493725288@g.us,18241313366191,Eventos de banderazo de obras para auxiliar con ambulancia,
247,2026-08-20 16:19:58,120363042493725288@g.us,214482211094536,Con esta hora salgo a la localidad de la candelaria,
247,2026-08-20 16:25:02,120363042493725288@g.us,65915584544854,Unidad 097 rumbo a chequeo de clima y posteriormente con Ruben por fuga de aceite,
247,2026-08-20 16:45:19,120363042493725288@g.us,136734830530561,Enterado con precaución,
247,2026-08-20 16:56:44,120363042493725288@g.us,65915584544854,Unidad 097 en taller de clima,
247,2026-08-20 17:04:46,120363042493725288@g.us,65915584544854,Unidad 097 se mueve a taller de Rubén,
247,2026-08-20 17:07:17,120363042493725288@g.us,214482211094536,Unidad 098 en la localidad de la candelaria,
247,2026-08-20 17:10:48,120363042493725288@g.us,136734830530561,Unidad motorizada 10 al 19 de la 20 por maltrato para platicar el procede con los vecinos y posterior a asuntos administrativos,
247,2026-08-20 17:22:24,120363042493725288@g.us,65915584544854,Unidad 097 en taller de rumben para chequeo de fuga de aceite,
247,2026-08-20 17:27:34,120363042493725288@g.us,Você,Traslado solicitado en base desde antier. Ya se tiene el alta del ciudadano,
247,2026-08-20 17:27:44,120363042493725288@g.us,Você,"2292904141
El número de la acompañante acompañante",
247,2026-08-20 17:28:09,120363042493725288@g.us,Você,Está la persona dada de alta ya,AC21AAB33045BCD4D5A087317001CB98
247,2026-08-20 17:28:28,120363042493725288@g.us,Você,Del hospital a su domicilio,AC1D1C7DCD9D9AB6CBB58297650EC002
247,2026-08-20 17:28:33,120363042493725288@g.us,Você,Por favor,
247,2026-08-20 17:30:57,120363042493725288@g.us,43465723384010,Unidad 208 se dirige a base,
247,2026-08-20 17:34:09,120363042493725288@g.us,43465723384010,Unidad 208 se dirige a hospital de boca del río,
247,2026-08-20 17:34:22,120363042493725288@g.us,65915584544854,Unidad 097 rumbo al traslado,
247,2026-08-20 17:35:25,120363042493725288@g.us,Você,Yoni checa por favor que les queda más en corto a U208... Pero lo que indique el coordinador,3A0FA60B08DD9019B897
247,2026-08-20 17:35:52,120363042493725288@g.us,136734830530561,31 97,3A0FA60B08DD9019B897
247,2026-08-20 17:38:36,120363042493725288@g.us,65915584544854,Unidad 097 rumbo a base,
247,2026-08-20 17:38:48,120363042493725288@g.us,136734830530561,18 31,
247,2026-08-20 17:44:50,120363042493725288@g.us,136734830530561,"Quedan con conocimiento los vecinos de como proceder al DIF, por abandono de femenina de la tercera edad",
247,2026-08-20 18:02:48,120363042493725288@g.us,Você,Contacto con la administradora sra Zayda,
247,2026-08-20 18:02:48,120363042493725288@g.us,Você,"*Reporte al 9-1-1 (PRELIMINAR)*
Fecha y Hora: *20/08/2026 11:37:34*
Asunto: *FUGA DE GAS EN TANQUE ESTACIONARIO*
Colonia: *EJIDO PRIMERO DE LA PALMA*
Calle: *CARRTERA BOCA DEL RIO PLAYA DE VACAS S/N*
Entre calles: *NO ESPECIFICADO*
Referencia: *PLAYA LIVING 34*
Localidad: *PLAYA DE VACAS*
Municipio: *MEDELLIN DE BRAVO*
*Ubicación:*https://www.google.com/maps/place/19.09566,-96.12722
*Resumen de evento*
     LE ACABAN DE REPORTAR QUE EN LA PARTE SUPERIOR DEL EDIFICIO HAY UNA FUGA DE GAS, ESTACIONARIO DE 120 LITROS",
247,2026-08-20 18:03:18,120363042493725288@g.us,Você,Ir a acordonar el área y cerrar válvula por favor. La propietaria llamará a su gasera para pedir garantía,ACC47F5251AB05EE76F9AF2CDABCCE25
247,2026-08-20 18:06:12,120363042493725288@g.us,265639449067682,Sale unidad 096,
247,2026-08-20 18:09:04,120363042493725288@g.us,65915584544854,Unidad 097 en base,
247,2026-08-20 18:12:09,120363042493725288@g.us,136734830530561,Enterado y con precaución,AC4A96A61CE043FE6EEEC47A4CF5509F
247,2026-08-20 18:12:58,120363042493725288@g.us,170179606609930,Gracias!,3A1211B8ABD1A09DF42F
247,2026-08-20 18:13:07,120363042493725288@g.us,170179606609930,https://www.facebook.com/share/p/18fHSPy16F/?mibextid=wwXIfr,
247,2026-08-20 18:13:08,120363042493725288@g.us,170179606609930,.,3A9FDD1B6C62320DBF65
247,2026-08-20 18:13:09,120363042493725288@g.us,170179606609930,Alta de paciente,
247,2026-08-20 18:13:27,120363042493725288@g.us,136734830530561,208 ya estás en el 45 boca ??,
247,2026-08-20 18:13:29,120363042493725288@g.us,Você,Ya van en camino jefe fue el que subí,3A8F9E92A585C9745D25
247,2026-08-20 18:20:39,120363042493725288@g.us,43465723384010,208 se dirige a casa del paciente,
247,2026-08-20 18:21:00,120363042493725288@g.us,214482211094536,Unidad 098 en la localidad de paso del toro,
247,2026-08-20 18:25:33,120363042493725288@g.us,136734830530561,18,ACD6737EC6D93F1B61397087EB750156
247,2026-08-20 18:31:04,120363042493725288@g.us,265639449067682,En el punto,ACC47F5251AB05EE76F9AF2CDABCCE25
247,2026-08-20 18:58:51,120363042493725288@g.us,136734830530561,Abejas ???,
247,2026-08-20 19:15:22,120363042493725288@g.us,43465723384010,Unidad 208 en base,
247,2026-08-20 19:22:17,120363042493725288@g.us,194171226824727,Unidad 096 retorna a base,
247,2026-08-20 19:27:40,120363042493725288@g.us,265639449067682,"Reportante Sida Ferreira
 living 34 carrera playa de vaca boca del río",
247,2026-08-20 19:28:40,120363042493725288@g.us,265639449067682,Se libera culebra 🐍,
247,2026-08-20 19:30:22,120363042493725288@g.us,136734830530561,"Reporta para conocimiento la srita Leyda Carranza asesor de prevención de la tienda Coppel, que van a realizar a las 13:40 activación de alarma para verificar eficacia y a las 14:10 finalizan con el chequeo",
247,2026-08-20 19:30:53,120363042493725288@g.us,136734830530561,Posterior retornan la llamada al finalizar,
247,2026-08-20 19:39:23,120363042493725288@g.us,136734830530561,Motorizada procede a carga de 21g,
247,2026-08-20 19:46:45,120363042493725288@g.us,194171226824727,Enterado base,
247,2026-08-20 19:54:02,120363042493725288@g.us,265639449067682,En base 096,
247,2026-08-20 19:55:23,120363042493725288@g.us,136734830530561,18 checo,ACA9655B9FF6A552C2EFBF0711C446EA
247,2026-08-20 19:56:01,120363042493725288@g.us,136734830530561,Motorizada 10 a 58,
247,2026-08-20 20:00:22,120363042493725288@g.us,170179606609930,Si checa la llanta,
247,2026-08-20 20:00:24,120363042493725288@g.us,170179606609930,Checo,
247,2026-08-20 20:25:50,120363042493725288@g.us,136734830530561,Unidad motorizada procede a playa de vacas a dejar apercibimiento,
247,2026-08-20 20:28:03,120363042493725288@g.us,214482211094536,Unidad 098 en alineación y balanceo,
247,2026-08-20 20:48:25,120363042493725288@g.us,136734830530561,Retornando a 58,
247,2026-08-20 20:59:45,120363042493725288@g.us,136734830530561,En base,
247,2026-08-20 21:04:44,120363042493725288@g.us,214482211094536,Ahí para conocimiento está dañado este buje,
247,2026-08-20 21:44:27,120363042493725288@g.us,213554649145471,Unidad 098 en base,
247,2026-08-20 21:44:43,120363042493725288@g.us,170179606609930,Enterado!,
247,2026-08-20 21:45:13,120363042493725288@g.us,Você,"Buenas tardes 
Invitaciones para el día de mañana por parte de Obras 🚧 Públicas y se asigna la U098

*09:30 am*
_Construccion techado Escuela Primaria Alfonso Arroyo Flores LUGAR: Guasimal_

*10:30 am*
_Construccion techado Telesecundaria LUGAR: Arboledas San Ramón_

*11:30 am*
_Rehabilitacion del Salón Social LUGAR: El Tejar_

Para que pueda dar enterado jefe de guardia de mañana 21/08 @128733256110143. Por favor y gracias 😊",
247,2026-08-20 21:45:33,120363042493725288@g.us,170179606609930,Gracias!,AC9BDB90F940C1385B85C41FA2A896E7
247,2026-08-20 21:46:26,120363042493725288@g.us,128733256110143,Enterado 🙋🏻‍♂️,AC9BDB90F940C1385B85C41FA2A896E7
247,2026-08-20 21:46:32,120363042493725288@g.us,Você,Gracias 😊,AC59E2A12BB60F75A112C6855467A1E3
247,2026-08-20 21:57:35,120363042493725288@g.us,Você,"Solo como observación me comentan que la U098 tiene que estar mañana en Firestone por tema de alineación a las 10:00 am.

Habría que asignar otra ambulancia 🚑 por favor",AC59E2A12BB60F75A112C6855467A1E3
247,2026-08-20 22:39:59,120363042493725288@g.us,170179606609930,Accidente en ese punto,
247,2026-08-20 22:40:57,120363042493725288@g.us,214482211094536,Sale unidad U_208,
247,2026-08-20 23:00:59,120363042493725288@g.us,24395531739173,Sale U-208  a Cruze de entrada puente moreno,
247,2026-08-20 23:01:46,120363042493725288@g.us,24395531739173,Se traslada a clínica 61,
247,2026-08-20 23:06:43,120363042493725288@g.us,214482211094536,Enterado con precaución,
247,2026-08-20 23:51:29,120363042493725288@g.us,72104464666678,Unodad 208 en imss clínica 71,
247,2026-08-21 00:04:05,120363042493725288@g.us,72104464666678,"No pero se tomó en la llegada del accidente así que restarle 2 kilómetros t tendrás el kilometraje real de mi salida , les recuerdo que mi celular no sirve y funciona interesante",
247,2026-08-21 00:05:02,120363042493725288@g.us,72104464666678,Por eso tomo vídeos y a veces ni siquiera eso puedo hacer,
247,2026-08-21 00:06:07,120363042493725288@g.us,72104464666678,Si tiene uno en base que no usen facite para una mejor comunicación o esperen hasta que tenga uno que realmente sirva,
247,2026-08-21 00:06:14,120363042493725288@g.us,72104464666678,Por favor,
247,2026-08-21 00:31:59,120363042493725288@g.us,Você,"*Reporte al 9-1-1 (PRELIMINAR)*
Fecha y Hora: *20/08/2026 18:13:41*
Asunto: *ANIMAL PELIGROSO-SUELTO*
Colonia: *18 DE MARZO*
Calle: *MADERA 75*
Entre calles: *MOCAROCA*
Referencia: *ATRAS DE LAS ULTIMAS CASAS*
Localidad: *PLAYA DE VACAS*
Municipio: *MEDELLIN DE BRAVO*
*Ubicación:*https://www.google.com/maps/place/19.100468,-96.144772
*Resumen de evento*
     INDICA QUE LE AVISARON HACE UNOS MINUTOS QUE ATRAS DE LAS CASAS HAY UN COCODRILO DE TAMAÑO GRANDE",
247,2026-08-21 00:33:01,120363042493725288@g.us,213554649145471,Unidad 098 en el punto hace 12 minutos,
247,2026-08-21 00:33:44,120363042493725288@g.us,214482211094536,Unidad en el punto,
247,2026-08-21 00:35:34,120363042493725288@g.us,170179606609930,Que acude la 096 con cadenas y piwi,AC4704159FA08AFDACB5A062F228A85A
247,2026-08-21 00:35:50,120363042493725288@g.us,170179606609930,Quede 31 la 073,
247,2026-08-21 00:42:21,120363042493725288@g.us,213554649145471,"Se inicia traslado a la torre pediátrica 
Femenina de 12 años 
Con Tc 
Paciente consciente alerta orientada, en escena, sin embargo  refiere. Aturdimiento reacción pupilar adecuada 

Ventila adecuadamente apices  y bases bilaterales 
Ruidos cardíacos normales 
Ruidos pulmonares normales, sin agregados.
Presenta herida lacerante en la región frontal del craneo aproximadamente 10 cm con sangrado activo, a la valoración cefalo caudal no se siente hundimiento ni deformidad, sin embargo se observa rinorragia en la fosa nasal derecha",
247,2026-08-21 00:50:46,120363042493725288@g.us,136734830530561,Procede unidad 096,AC4704159FA08AFDACB5A062F228A85A
247,2026-08-21 00:58:30,120363042493725288@g.us,194171226824727,Unidad 096 en el punto,AC4704159FA08AFDACB5A062F228A85A
247,2026-08-21 01:01:39,120363042493725288@g.us,214482211094536,Unidad 098 en torre pediátrica en espera de equipo,
247,2026-08-21 01:32:12,120363042493725288@g.us,194171226824727,Asemos 10 a 58,
247,2026-08-21 01:32:20,120363042493725288@g.us,194171226824727,Unidad retorna a base,
247,2026-08-21 01:44:06,120363042493725288@g.us,136734830530561,096 en 58,
247,2026-08-21 01:48:27,120363042493725288@g.us,136734830530561,"Nos entrevistamos con la Sra. Carolina meya con domicilio en 
Calle madera num 43
Cel 2299193149 a lo cual nos comenta que un trabajador desde el techo de su casa observo a una distancia de aproximadamente 100 mts a un supuesto cocodrilo 🐊 de unos 1 a 1.5 mts de logitud, esto desde el martes durante el día, se le comenta que en caso de volver a verlo realizen la llamada a la oficina y nos comenta que va a hablar.con los vecinos que tienen drones para que nos apoyen",
247,2026-08-21 02:01:32,120363042493725288@g.us,72104464666678,De regreso a base,
247,2026-08-21 02:03:16,120363042493725288@g.us,213554649145471,"*FECHA*  20/ 08/2026
*AMBULANCIA*  U-098
*OPERADOR* José Luis Prieto
*PARAMEDICO* Jorge Luna 
*TERCERO ABORDO*
Emily Janeth 

*NOMBRE DEL PACIENTE* 
Niki Vazquez García 
*FECHA DE NACIMIENTO:* 
No aporta 
*DIRECCIÓN DEL SERVICIO*  
Carretera boca del rio- Córdova 
*TIPO DE SERVICIO* 
URGENCIA 
*T/A* 100/60
*F/C* 87
*F/R*  18
 *Spo2*  97%
 *TEMPERATURA* 36
*GLUCOSA OPCIONAL* 
*EDAD* 12 años 
*ORIGINARIO (A)* 
Veracruz 
*DESCRIPCIÓN DE LO OCURRIDO*
Refiere viajar en su motocicleta sin casco de seguridad al querer adelantar al carro de enfrente, este le hace un corte de circulación lo que origina que se impacte, comenta no recordar con que se pegó en la cabeza al 
 arribo de la unidad se encuentra en decúbito supino a un costado del camino. consciente alerta orientado Glasgow 15 
Reacción pupilar adecuada.

*DIAGNÓSTICO* 
TCE+ Herida lacerante de aproximadamente 7cm con hemorragia activa+PB esguince cervical 

*HOSPITAL  DE TRASLADO* 
Torre pediátrica 
 *RECIBE*  Dr. Limon
*CÓDIGO* Verde 
*OBSERVACIONES* 
Estable durante el traslado 
Únicamente refiere náuseas, 
Se palpa rigidez en cervicales sin escalonamiento 
Rinorragia en fosa nasal derecha 

*ANTECEDENTES PATOLOGICOS*
Negados 
*ANTECEDENTES  NO PATOLOGICOS*
Negados 
*ALERGIAS* negadas   
 *MEDICAMENTOS* 
 Negados 
*AUTORIDAD EN EL LUGAR* ninguna 
*SEGURO* No
*DESPACHA* 
Dirección de Protección civil",
247,2026-08-21 02:14:46,120363042493725288@g.us,213554649145471,Unidad 098 en base,
247,2026-08-21 02:37:48,120363042493725288@g.us,72104464666678,Unidad 208 de regreso a base,
247,2026-08-21 02:37:48,120363042493725288@g.us,72104464666678,Unidad 208 en base,
249,2026-08-20 15:55:10,158845104062631@lid,158845104062631,Hola buen día,
249,2026-08-20 16:23:20,158845104062631@lid,158845104062631,Ayer se pidió una atención de una ambulancia,
249,2026-08-20 16:23:50,158845104062631@lid,158845104062631,Le mando la información de la alta y la credencial del paciente y la persona que lo va acompañar en el translado,
249,2026-08-20 16:45:06,158845104062631@lid,Você,Bdias,
249,2026-08-20 16:49:27,158845104062631@lid,158845104062631,No sé si me podría apoyar,
249,2026-08-20 16:49:31,158845104062631@lid,158845104062631,Con eso,
249,2026-08-20 16:49:54,158845104062631@lid,Você,Le estoy marcando,
249,2026-08-20 16:50:29,158845104062631@lid,158845104062631,A ver,
249,2026-08-20 16:50:33,158845104062631@lid,158845104062631,Me puede volver a marcar,
249,2026-08-20 16:50:36,158845104062631@lid,158845104062631,Es que tengo bloqueado,
249,2026-08-20 16:50:44,158845104062631@lid,158845104062631,Lo de llamadas desconocidas,
249,2026-08-20 16:50:47,158845104062631@lid,Você,Ya,
249,2026-08-20 17:00:44,158845104062631@lid,158845104062631,Buenas,
249,2026-08-20 17:00:49,158845104062631@lid,158845104062631,Ya me confirmo,
249,2026-08-20 17:00:52,158845104062631@lid,158845104062631,"Mi
Amigo.",
249,2026-08-20 17:01:07,158845104062631@lid,158845104062631,Me dice que si ya la podrían mandar,
249,2026-08-20 17:01:09,158845104062631@lid,158845104062631,Por favor,
249,2026-08-20 17:01:59,158845104062631@lid,158845104062631,Ya nada más me dice,
249,2026-08-20 17:02:07,158845104062631@lid,158845104062631,Como un aproximado,
249,2026-08-20 17:02:11,158845104062631@lid,158845104062631,En cuanto llegaría,
249,2026-08-20 17:02:38,158845104062631@lid,Você,"estan atendiendo una urgencia aun, pero deme unos 30 0 40 min",
249,2026-08-20 17:02:43,158845104062631@lid,Você,aproximadamente,
249,2026-08-20 17:02:50,158845104062631@lid,158845104062631,Okey si,
249,2026-08-20 17:02:56,158845104062631@lid,158845104062631,Esta bien le comento a él,
249,2026-08-20 17:03:02,158845104062631@lid,158845104062631,Gracias 🙏🏻,
249,2026-08-20 17:03:05,158845104062631@lid,Você,"mientras por favor envieme aqui la ubicacion del domicilio, por gps",
249,2026-08-20 17:03:08,158845104062631@lid,Você,para servirles,
249,2026-08-20 17:03:18,158845104062631@lid,158845104062631,Donde lo van a recoger,3EB0F8A9840CE1BAD26C25
249,2026-08-20 17:03:24,158845104062631@lid,158845104062631,"Oh donde lo
Llevarán ?",
249,2026-08-20 17:23:06,158845104062631@lid,Você,2292674990,
249,2026-08-20 17:30:45,158845104062631@lid,158845104062631,Costa de cassine 77,
249,2026-08-20 17:30:45,158845104062631@lid,158845104062631,https://goo.gl/maps/4DXbkYcKd7VtJPJQ7,
249,2026-08-20 17:30:51,158845104062631@lid,158845104062631,A este domicilio,
249,2026-08-20 17:31:15,158845104062631@lid,158845104062631,Así es,AC361F3073D6C67BE0596FA764123330
249,2026-08-20 17:31:49,158845104062631@lid,Você,Ya subí el servicio,
249,2026-08-20 17:41:47,158845104062631@lid,158845104062631,Okey gracias,
250,2026-08-20 17:24:09,91538856128593@lid,Você,No puedo tener la ambulancia parada sin tener contacto,
250,2026-08-20 17:25:19,91538856128593@lid,Você,Estoy esperando desde 11 AM me den la ubicación del domicilio,
250,2026-08-20 17:26:26,91538856128593@lid,91538856128593,Costa de cassine 77,
250,2026-08-20 17:26:36,91538856128593@lid,Você,Mándeme la ubicación de GPS por favor,
250,2026-08-20 17:26:39,91538856128593@lid,Você,No escrita,
250,2026-08-20 17:26:48,91538856128593@lid,Você,Así la necesito para enviarla al operador,
250,2026-08-20 17:26:54,91538856128593@lid,91538856128593,Se está enviando,
250,2026-08-20 17:27:00,91538856128593@lid,Você,Y se verifique sea de medellín,
250,2026-08-20 17:27:28,91538856128593@lid,91538856128593,"2292904141
El número de la acompañante acompañante",
250,2026-08-20 17:27:39,91538856128593@lid,Você,Gracias 😊,
250,2026-08-20 17:27:55,91538856128593@lid,91538856128593,Gracias a usted,
251,2026-08-20 17:26:05,136734830530561@lid,Você,Desde 11:03 mandé msj,
251,2026-08-20 17:26:16,136734830530561@lid,Você,Oki,
251,2026-08-20 17:28:42,136734830530561@lid,Você,Ya lo subí al g upo,
251,2026-08-20 17:33:56,136734830530561@lid,Você,Ya la subí al grupo,
252,2026-08-20 17:38:45,193033161162861@lid,193033161162861,Buenos días soy la esposa de Carlos Alberto Gamboa por ahí mi hijo solicito el apoyo de la ambulancia para trasladar a mi. Esposo a su domicilio ya estamos listos en cuanto ustedes llegue este es mi número 2292904141,
252,2026-08-20 17:39:33,193033161162861@lid,193033161162861,Muchas gracias por el apoyo les agradezco mucho,
252,2026-08-20 17:51:13,193033161162861@lid,Você,PARA SERVRILE,
252,2026-08-20 17:51:22,193033161162861@lid,Você,los compañeros ya van en camino para que este atenta por favor,
252,2026-08-20 17:51:35,193033161162861@lid,193033161162861,Si muchas gracias,
254,2026-08-20 17:51:59,131043847884883@lid,Você,buenos dias soy de proteccion civil,
254,2026-08-20 17:52:22,131043847884883@lid,131043847884883,Tengo una fuga en estscionarios,
254,2026-08-20 17:52:28,131043847884883@lid,131043847884883,Del edificio,
254,2026-08-20 17:52:31,131043847884883@lid,131043847884883,Pl34,
254,2026-08-20 17:53:45,131043847884883@lid,Você,le estoy marcando,
254,2026-08-20 18:03:29,131043847884883@lid,Você,Listo ya van mis compañeros,
254,2026-08-20 18:05:08,131043847884883@lid,131043847884883,Ok gracias,
255,2026-08-20 19:35:55,170179606609930@lid,Você,"Dani, tienes el num de la persona que reporta las abejas",
255,2026-08-20 19:35:57,170179606609930@lid,Você,por favor,
255,2026-08-20 19:37:23,170179606609930@lid,170179606609930,Es el hermano de yeyo,3EB068755CBE38E1EB19A5
255,2026-08-20 19:37:26,170179606609930@lid,170179606609930,Bigote,
255,2026-08-20 19:37:45,170179606609930@lid,Você,no tengo su num =(,
255,2026-08-20 19:38:31,170179606609930@lid,170179606609930,Que necesitas,
255,2026-08-20 19:38:45,170179606609930@lid,Você,el numero para agendar el reporte nadamas,
255,2026-08-20 19:38:46,170179606609930@lid,Você,jijiji,
255,2026-08-20 19:38:58,170179606609930@lid,Você,para darselo mañana a don Luis,
255,2026-08-20 19:39:05,170179606609930@lid,Você,como dato de contacto,
255,2026-08-20 19:39:41,170179606609930@lid,Você,como el va a lo de las abejas en la tarde noche ...le doy el dato del reporte con un numero de contacto,
255,2026-08-20 19:42:04,170179606609930@lid,170179606609930,Voy,
255,2026-08-20 19:45:17,170179606609930@lid,Você,Ya una vez los hizo bajar un tanque desde el 4to piso,
255,2026-08-20 19:46:17,170179606609930@lid,170179606609930,Si velo,
255,2026-08-20 19:54:21,170179606609930@lid,170179606609930,Sigo sin entenderte,
255,2026-08-20 20:37:57,170179606609930@lid,170179606609930,Para saber si ya está el reporte de mi domicilio.,
255,2026-08-20 20:37:57,170179606609930@lid,170179606609930,"Buenas tardes,le reenvío la información.",
255,2026-08-20 20:37:57,170179606609930@lid,170179606609930,"Hola buenas tardes,Soy Alejandra velez gonzalez,del circuito ECUADOR SUR #45628-5",
255,2026-08-20 20:38:02,170179606609930@lid,170179606609930,Checa eso,
255,2026-08-20 20:38:58,170179606609930@lid,Você,me pasas el num de tel de la ciudadana por favorcito,
259,2026-08-20 23:33:47,214774235267138@lid,214774235267138,comando se puedo cubrir el servicio ?,3EB058CC88FF6B873E65E5
259,2026-08-21 00:30:17,214774235267138@lid,214774235267138,"*Reporte al 9-1-1 (PRELIMINAR)*
Fecha y Hora: *20/08/2026 18:13:41*
Asunto: *ANIMAL PELIGROSO-SUELTO*
Colonia: *18 DE MARZO*
Calle: *MADERA 75*
Entre calles: *MOCAROCA*
Referencia: *ATRAS DE LAS ULTIMAS CASAS*
Localidad: *PLAYA DE VACAS*
Municipio: *MEDELLIN DE BRAVO*
*Ubicación:*https://www.google.com/maps/place/19.100468,-96.144772
*Resumen de evento*
     INDICA QUE LE AVISARON HACE UNOS MINUTOS QUE ATRAS DE LAS CASAS HAY UN COCODRILO DE TAMAÑO GRANDE",
259,2026-08-21 01:48:58,214774235267138@lid,Você,Buenas noches mandó,
259,2026-08-21 01:49:02,214774235267138@lid,Você,Una pregunta,
259,2026-08-21 01:49:23,214774235267138@lid,Você,Marcaron ustedes aurita sobre un accidente,
259,2026-08-21 01:49:26,214774235267138@lid,Você,Ase rato,
259,2026-08-21 01:55:34,214774235267138@lid,214774235267138,"SOLO PARA PEDIR NOVEDADES DEL REPORTE COMANDO , UN ACCIDNETE EN EL CRUCERO POR LAS LETRAS",
259,2026-08-21 01:55:48,214774235267138@lid,Você,Aaok,
259,2026-08-21 01:58:30,214774235267138@lid,Você,Se trasladaron px al clínica 61 mandó,
259,2026-08-21 01:58:49,214774235267138@lid,Você,Masculino,
259,2026-08-21 02:10:46,214774235267138@lid,214774235267138,BUENAS NOCHES MANDO DE ESTE REPORTE TIENE ALGUNA NOVEDAD,3EB0CCFE05C5AD02BBE6BA
261,2026-08-21 05:23:00,214774235267138@lid,Você,Mandó,
261,2026-08-21 05:23:43,214774235267138@lid,Você,Puedes mandar elance,
261,2026-08-21 05:24:46,214774235267138@lid,Você,Tienes algún reporte,
261,2026-08-21 05:58:03,214774235267138@lid,214774235267138,"*Reporte al 9-1-1 (PRELIMINAR)*
Fecha y Hora: *20/08/2026 23:50:23*
Asunto: *CAÍDA DE CABLES*
Colonia: *PROLONGACION HEROES*
Calle: *AV GOMEZ FARIAS S/N*
Entre calles: *BENITO JUAREZ Y AZUETA*
Referencia: *CERCA DE UNA FERRETERIA*
Localidad: *EL TEJAR*
Municipio: *MEDELLIN DE BRAVO*
*Ubicación:*https://www.google.com/maps/place/19.08238,-96.15673
*Resumen de evento*",
261,2026-08-21 06:43:58,214774235267138@lid,214774235267138,"*Reporte al 9-1-1 (PRELIMINAR)*
Fecha y Hora: *21/08/2026 00:36:43*
Asunto: *FALLA ELÉCTRICA-CORTOCIRCUITO*
Colonia: *FRACC. LAGOS DE PUENTE MORENO*
Calle: *CIRCUITO PERLA OESTE S/N*
Entre calles: *CIRCUITO PERLA SUR*
Referencia: *FRENTE A LA VIRGEN*
Localidad: *EL TEJAR*
Municipio: *MEDELLIN DE BRAVO*
*Ubicación:*https://www.google.com/maps/place/19.094042754505,-96.163397126421
*Resumen de evento*",
261,2026-08-21 07:57:49,214774235267138@lid,214774235267138,me apoya con la novedad,3EB083E3838096D7F1E2ED
261,2026-08-21 07:59:08,214774235267138@lid,Você,Queda controlado y acordonado a la espera de CFE mandó,
261,2026-08-21 07:59:47,214774235267138@lid,Você,Acudió la unidad 096 a él mandó de Arturo Muñoz,
262,2026-08-21 06:03:31,120363042493725288@g.us,213554649145471,"Asistencia en base de protección civil a petición de la C.
YEDNALEZY COBOS 
Veracruz 
37 AÑOS 
25 abril 1989
ANTECEDENTES DE ANSIEDAD 
Paroxitina 20mg ( 20 años de evolución) 
Costa de ciruelo #13 
Fraccionamiento arboledas san Ramón 
Refiere que se encontraba corriendo cuando comenzó a sudar muy frío. 
Llevaba 40 minutos en reposo. 
T/a:140/110
Fc: 78
Fr:19
Sp02: 97%
T 36.0
OBSERVACIONES: 
Pupilas midriaticas 
Reactivas a la luz 
Glasgow 15 
Coordinación motora integra. 
Elevación de la T/a

Se retira a su domicilio con recomendaciones verbales",
262,2026-08-21 06:44:33,120363042493725288@g.us,Você,"*Reporte al 9-1-1 (PRELIMINAR)*
Fecha y Hora: *21/08/2026 00:36:43*
Asunto: *FALLA ELÉCTRICA-CORTOCIRCUITO*
Colonia: *FRACC. LAGOS DE PUENTE MORENO*
Calle: *CIRCUITO PERLA OESTE S/N*
Entre calles: *CIRCUITO PERLA SUR*
Referencia: *FRENTE A LA VIRGEN*
Localidad: *EL TEJAR*
Municipio: *MEDELLIN DE BRAVO*
*Ubicación:*https://www.google.com/maps/place/19.094042754505,-96.163397126421
*Resumen de evento*",
262,2026-08-21 06:54:08,120363042493725288@g.us,194171226824727,Sale la unidad 096,AC53A88464517FBE537D59CF059AF931
262,2026-08-21 06:55:11,120363042493725288@g.us,Você,Enterado con precaución,
262,2026-08-21 07:04:33,120363042493725288@g.us,265639449067682,Nos podran apoyar con CFE,
262,2026-08-21 07:08:46,120363042493725288@g.us,265639449067682,Para conocimiento se ocupó el extintor 🧯 para sofocar incendio de trasformador de circuito perla dela unidad u096,
262,2026-08-21 07:09:13,120363042493725288@g.us,214482211094536,Enterado en base,
262,2026-08-21 07:11:12,120363042493725288@g.us,265639449067682,Se acordó el área y sedán recomendaciones u096 retorna a base,
262,2026-08-21 07:26:56,120363042493725288@g.us,194171226824727,Sereliza el cambio de extintor 🧯 por un lleno,
262,2026-08-21 07:28:31,120363042493725288@g.us,265639449067682,En base 096,
263,2026-08-21 13:28:12,120363042493725288@g.us,65915584544854,Se hace entrega de material y herramienta de pintura para tope y lo recibe señor Tereso,
263,2026-08-21 13:28:48,120363042493725288@g.us,214482211094536,Enterado gracias,
263,2026-08-21 14:13:53,120363042493725288@g.us,65915584544854,Unidad 096 sale a dejar a pintores a la zona de topes,
263,2026-08-21 14:14:27,120363042493725288@g.us,170179606609930,https://www.facebook.com/share/p/1BPdC65MsD/?mibextid=wwXIfr,
263,2026-08-21 14:20:58,120363042493725288@g.us,65915584544854,"En punto, calle inicio de nogal",
263,2026-08-21 14:23:21,120363042493725288@g.us,65915584544854,Unidad 096 rumbo a base,
263,2026-08-21 14:26:09,120363042493725288@g.us,65915584544854,Unidad 096 en base,
263,2026-08-21 14:27:02,120363042493725288@g.us,265639449067682,U072 llena tinaco de la base,
263,2026-08-21 14:58:58,120363042493725288@g.us,97878764691675,U-097 con niveles correctos de aceite de motor aceite hidráulico y liquido de frenos,
263,2026-08-21 15:04:22,120363042493725288@g.us,97878764691675,U-208 le falta 1/2 litro de aceite de motor delos demás niveles están correctos,
263,2026-08-21 15:09:41,120363042493725288@g.us,60314259308792,Se recibe unidad 098 sin novedad al compañero Jorge Luna,
263,2026-08-21 15:10:33,120363042493725288@g.us,226585563119766,Resivo unidad 208 sin novedad al compañero paramedico : Angel,
263,2026-08-21 15:16:25,120363042493725288@g.us,128733256110143,Se recibe unidad 097 limpia con niveles correctos continúa con la fuga de aceite hidráulico aún se seguirá usando así se llevará al taller hasta el lunes por instrucciones del director también se informa k le empiezan a sonar los arbolitos de la dirección,AC1CFE0BE586F9E3CF52CC3C4585B111
263,2026-08-21 15:17:12,120363042493725288@g.us,97878764691675,U-096 con niveles correctos de aceite de motor aceite hidráulico y liquido de frenos,
263,2026-08-21 15:17:27,120363042493725288@g.us,170188213383234,Sale unidad 096  a dejar los topes faltantes,
263,2026-08-21 15:19:55,120363042493725288@g.us,244006101479643,Recibo unidad 098 sin novedad,
263,2026-08-21 15:21:03,120363042493725288@g.us,97878764691675,Se pone a nivel U-208 de aceite de motor,
263,2026-08-21 15:21:21,120363042493725288@g.us,244006101479643,Sale unidad 098 a evento guasimal,
263,2026-08-21 15:21:32,120363042493725288@g.us,97878764691675,Se recibe U-208 sin novedades,
263,2026-08-21 15:26:49,120363042493725288@g.us,170188213383234,Unidad 096 en base,
263,2026-08-21 15:38:34,120363042493725288@g.us,60314259308792,U-098 en el evento,
263,2026-08-21 15:38:43,120363042493725288@g.us,128733256110143,Enterado en base,AC6B896DA1124209B92B3A128655517C
263,2026-08-21 16:10:58,120363042493725288@g.us,97878764691675,Sale U-096 a cargar gasolina en garrafa,
263,2026-08-21 16:11:41,120363042493725288@g.us,128733256110143,Con precaución gracias,AC646B71CC1CD78A7441B037DD311688
263,2026-08-21 16:12:53,120363042493725288@g.us,60314259308792,U-098 sale del evento del Guasimal y se dirige al evento de arboledas san Ramón,
263,2026-08-21 16:13:13,120363042493725288@g.us,128733256110143,Con precaución gracias,ACBFC34C67A471B2BB6AF8020F31051F
263,2026-08-21 16:24:40,120363042493725288@g.us,97878764691675,Es cargo 20 litros de gasolina,
263,2026-08-21 16:32:33,120363042493725288@g.us,60314259308792,U-098 en el evento,
263,2026-08-21 16:35:13,120363042493725288@g.us,97878764691675,Odómetro de llegada U-208,
263,2026-08-21 16:35:38,120363042493725288@g.us,128733256110143,Enterado en base,AC1514BA1B72B8F852EC623645F331DA
263,2026-08-21 16:40:41,120363042493725288@g.us,97878764691675,Sale U-097 y unidad acuatuca 074 a supervisar niveles de rio,
263,2026-08-21 16:41:41,120363042493725288@g.us,128733256110143,Enterado en base,AC607AF2256EE888AF11B806C17E4143
263,2026-08-21 17:01:04,120363042493725288@g.us,60314259308792,U-098 sale del evento de arboledas san Ramón y se dirije al Evento del tejar,
263,2026-08-21 17:14:39,120363042493725288@g.us,60314259308792,U-098 en el evento del tejar,
263,2026-08-21 17:15:24,120363042493725288@g.us,128733256110143,Enterado en base,AC2F5A3C7931717331F90E4E1D8112BF
263,2026-08-21 17:24:29,120363042493725288@g.us,136734830530561,"https://goo.gl/maps/Hb2ANSKNKbYQ2px5A?g_st=ac
UNIDAD DE POLICIA ESTATAL XXIII SOLICITA APOYO PARA UNA MENOR INVOLUCRADA LESIONADA EN UN ACCIDENTE VEHICULAR",
263,2026-08-21 17:28:24,120363042493725288@g.us,136734830530561,Se le solicita a crum envié a CAPUFE ya que está sobre  la autopista,AC954D6917405613584BED6448B4F77D
263,2026-08-21 17:31:52,120363042493725288@g.us,128733256110143,Enterado seguimos 31,ACD220A5EF3906E2CE4C403D7BA5F8D2
263,2026-08-21 17:56:37,120363042493725288@g.us,136734830530561,"Unidad motorizada procede a 37 con la embarcacion 074, y acercar al guardabidas",
263,2026-08-21 17:57:33,120363042493725288@g.us,128733256110143,Enterado con precaución,AC9694105F6A904A9D2C60FAE1D57A1B
263,2026-08-21 18:00:22,120363042493725288@g.us,Você,https://maps.app.goo.gl/wisgGoNjHj3yrKfi8,
263,2026-08-21 18:00:31,120363042493725288@g.us,Você,INFRA RECARGAS DE TANQUE OXIGENO,3EB06A8D99294890668A8F
263,2026-08-21 18:02:15,120363042493725288@g.us,170188213383234,Unidad 096 sale a recarga de tanque de oxígeno en esta ubicación,3EB06A8D99294890668A8F
263,2026-08-21 18:02:34,120363042493725288@g.us,128733256110143,Enterado con precaución,AC5B8D9D08BE6E85D15B8A3BCC819B59
263,2026-08-21 18:12:14,120363042493725288@g.us,97878764691675,Odómetro de U-072,
263,2026-08-21 18:24:10,120363042493725288@g.us,226585563119766,Enterados en base,
263,2026-08-21 18:24:44,120363042493725288@g.us,128733256110143,Enterado en base gracias,ACB57F2C5186045B061EA96AC04CD54F
263,2026-08-21 18:27:23,120363042493725288@g.us,60314259308792,U-098 retorna a base,
263,2026-08-21 18:27:39,120363042493725288@g.us,128733256110143,Enterado con precaución,AC5F1BCC52073BA7AFB8202FB01C9636
263,2026-08-21 18:39:43,120363042493725288@g.us,244006101479643,Unidad 098 en base,
263,2026-08-21 18:47:30,120363042493725288@g.us,170179606609930,Niveles dé ríos,
263,2026-08-21 18:52:44,120363042493725288@g.us,170188213383234,Unidad 096 retorna a base con los tanques vacíos ya al llegar al lugar ya se encontraba apagada la bomba y hacen recarga hasta el lunes,
263,2026-08-21 18:52:55,120363042493725288@g.us,214482211094536,Estamos a 7 de 10 metros,3AFC214A959E60D901D2
263,2026-08-21 18:55:02,120363042493725288@g.us,206862905540649,No se tiene registro de esa purificadora,3AB0C4868A052CDCCC21
263,2026-08-21 18:59:14,120363042493725288@g.us,170179606609930,Hay que requerirla por instrucciones del alcalde,AC7B1A77DCD73DAED0547D603FFD7A07
263,2026-08-21 18:59:26,120363042493725288@g.us,170179606609930,Cadenas te encargo que traigas uno requerimiento,
263,2026-08-21 18:59:36,120363042493725288@g.us,206862905540649,Enterada,3A98424DC870ADAABB22
263,2026-08-21 19:12:40,120363042493725288@g.us,136734830530561,"Que ubicación es para pasar , ya retornando",3AB0C4868A052CDCCC21
263,2026-08-21 19:13:00,120363042493725288@g.us,136734830530561,Tendrás el 19 ??,AC7B1A77DCD73DAED0547D603FFD7A07
263,2026-08-21 19:13:07,120363042493725288@g.us,170179606609930,Si voy,AC70DFD85F7639A57E60BF50528128F2
263,2026-08-21 19:15:15,120363042493725288@g.us,136734830530561,Me aproximo,
263,2026-08-21 19:24:04,120363042493725288@g.us,136734830530561,7 del 19,
263,2026-08-21 19:32:12,120363042493725288@g.us,170188213383234,Unidad 096 en base,
263,2026-08-21 19:32:50,120363042493725288@g.us,170179606609930,"208 cambiar la llanta en Altamirano y alemán bajando el puente 
Llantera surel",
263,2026-08-21 19:33:45,120363042493725288@g.us,128733256110143,Enterado jefe ahorita salen para el punto,3A28C34EC4E12E7DD0A0
263,2026-08-21 19:38:01,120363042493725288@g.us,170179606609930,Disculpe se marcó sin querer,
263,2026-08-21 19:38:09,120363042493725288@g.us,Você,Ok no se preocupe,
263,2026-08-21 19:38:09,120363042493725288@g.us,170179606609930,Mil disculpas,
263,2026-08-21 19:38:33,120363042493725288@g.us,128733256110143,Enterado 31,3AA9AE037E7386FF05B6
263,2026-08-21 19:40:25,120363042493725288@g.us,97878764691675,Sale U-208 al cambio de llanta ala talachera Surel,
263,2026-08-21 19:42:58,120363042493725288@g.us,274027620876507,https://maps.app.goo.gl/th6ey1tFWSaw2XFWA?g_st=aw,
263,2026-08-21 19:43:45,120363042493725288@g.us,274027620876507,Ahí esta la ubicación de la llantera para que valla la unidas 208,
263,2026-08-21 19:43:55,120363042493725288@g.us,274027620876507,A cambiar la llanta trasera,
263,2026-08-21 19:49:14,120363042493725288@g.us,136734830530561,Se deja apercibimiento pegado,
263,2026-08-21 20:07:27,120363042493725288@g.us,97878764691675,U-208 en llantera surel,
263,2026-08-21 20:07:53,120363042493725288@g.us,128733256110143,Enterado en base,ACE45DA48792B5458D73A6428A5CF8C5
263,2026-08-21 20:12:36,120363042493725288@g.us,170179606609930,Dato interesante,
263,2026-08-21 20:19:03,120363042493725288@g.us,170179606609930,Es en la caseta de paso del toro,
263,2026-08-21 20:19:03,120363042493725288@g.us,170179606609930,"Me podría echar la mano tu ambulancia es un px con dolor precordial , TA 160/110 , diaforetico",
263,2026-08-21 20:19:04,120363042493725288@g.us,170179606609930,En lo baños,
263,2026-08-21 20:19:11,120363042493725288@g.us,170179606609930,098 acuda a este servicio,
263,2026-08-21 20:19:14,120363042493725288@g.us,170179606609930,Por fas !,
263,2026-08-21 20:25:37,120363042493725288@g.us,170179606609930,GR,AC39C0997F07678312E4F4D8BB811C5C
263,2026-08-21 20:25:53,120363042493725288@g.us,198930738487413,Se les cambian los orrin alas boquillas contra incendios de la M-072,
263,2026-08-21 20:36:16,120363042493725288@g.us,170179606609930,Hay que probarla,
263,2026-08-21 20:37:16,120363042493725288@g.us,97878764691675,U-208 retorna a basé,
263,2026-08-21 20:38:57,120363042493725288@g.us,128733256110143,098 en el punto,3A061BAED1FDDF54BBC5
263,2026-08-21 20:47:07,120363042493725288@g.us,28067678416994,"U098 traslada a masculino a la clinica #71 del IMSS, posterior datos.",
263,2026-08-21 20:48:49,120363042493725288@g.us,136734830530561,"Se atiende reporte de cables de media tensión reventados y en el piso una parte en calle Gómez Farías esq. Manuel Azueta col. Héroes de Veracruz,",
263,2026-08-21 20:49:28,120363042493725288@g.us,170179606609930,Ahí un reporte que solicitaron en la madrugada no sabes si se atendió,
263,2026-08-21 20:49:30,120363042493725288@g.us,170179606609930,?,
263,2026-08-21 20:49:54,120363042493725288@g.us,136734830530561,"096 me das 99 con cinta para acordonar el área, ya se le indico a la ciudadanía proceder con CFE y 071",
263,2026-08-21 20:50:26,120363042493725288@g.us,136734830530561,Que tipo fue ?,3AB4F0508179ABCD9698
263,2026-08-21 20:52:43,120363042493725288@g.us,97878764691675,U-208 llegando a basé,
263,2026-08-21 20:58:29,120363042493725288@g.us,Você,Marcó el familiar de Yuli Liliana que ya está libre la camilla en la clínica 71,
263,2026-08-21 20:59:45,120363042493725288@g.us,128733256110143,Unidad 098 en la 61 se cambio la clínica,AC0C1DF7A389B2E728CDE558730E9F66
263,2026-08-21 21:01:09,120363042493725288@g.us,Você,Num del fam de la paciente en la clínica 71,
263,2026-08-21 21:06:01,120363042493725288@g.us,136734830530561,15 minutos y no a salido la 096 ??,AC608D791EC0C793F2B17C4DF2AC46A7
263,2026-08-21 21:07:29,120363042493725288@g.us,170179606609930,Que pase la 098,ACA1E300FBCAC5A750BCEF4A27F8463F
263,2026-08-21 21:07:35,120363042493725288@g.us,170179606609930,Por ese movimiento,
263,2026-08-21 21:10:43,120363042493725288@g.us,170188213383234,Unidad 096 sale al punto,AC608D791EC0C793F2B17C4DF2AC46A7
263,2026-08-21 21:14:28,120363042493725288@g.us,Você,Juegos de fraps listos para los paramédicos de turno y siguiente guardia por fin de semana ☺️,
263,2026-08-21 21:14:46,120363042493725288@g.us,Você,Un placer,3A0A908F9EBBFBB81799
263,2026-08-21 21:21:08,120363042493725288@g.us,170188213383234,Unidad 096 en el punto,
263,2026-08-21 21:21:31,120363042493725288@g.us,170179606609930,GR,AC4A0EA1182B82B33ADC56DCFCF57098
263,2026-08-21 21:23:25,120363042493725288@g.us,170179606609930,@136734830530561 @206862905540649  hay que ver este estatus,AC080D58D37B9C8C3F8B235299E94ED1
263,2026-08-21 21:24:40,120363042493725288@g.us,170179606609930,Comentan que se atascó,
263,2026-08-21 21:24:54,120363042493725288@g.us,170179606609930,Siguen afectando la vialidad,
263,2026-08-21 21:31:54,120363042493725288@g.us,170188213383234,Ya quedó acordonada el área,
263,2026-08-21 21:32:09,120363042493725288@g.us,170188213383234,Unidad 096 retorna a base,
263,2026-08-21 21:33:39,120363042493725288@g.us,128733256110143,Se recupera camilla en la 71 retornamos a base,
263,2026-08-21 21:42:48,120363042493725288@g.us,170188213383234,Unidad 096 en base,
263,2026-08-21 21:50:11,120363042493725288@g.us,28067678416994,"*FECHA*: 21 de Agosto del 2026.
*AMBULANCIA*: Unidad 098.
*OPERADOR*: Francisco Lara.
*PARAMEDICO*: Arely Avendaño. 
*TERCERO ABORDO*: ...
*DIRECCIÓN DEL SERVICIO*: Caseta de Autopista Paso Del Toro - Cordoba.
*TIPO DE SERVICIO*: Urgencia. 
*NOMBRE DEL PACIENTE*: Jose Ramón Andres Montiel Del Corral.
*EDAD*: 56 años.

*T/A*: 150/100 mmHg.
*F/C*: 78 LPM.
*F/R*: 16 RPM.
 *Spo2*: 98%.
 *TEMPERATURA*: 35.9°.
*GLUC/OPCIONAL*: 256 mg/dL.
*Glasgow*: 15 puntos. 

*ORIGINARIO ( A)*: Puebla, Puebla. 
*DESCRIPCIÓN DE LO OCURRIDO*: Solicita CAPUFE el apoyo para valorar a masculino con síntomas de dolor precordial y disnea, al arribo de la unidad identificó a un masculino de 56 años el cual refiere dolor precordia y disnea, crisis hipertensiva y crisis de hiperglucemia, diaforetico, pálido y frio.
*DIAGNÓSTICO*: Pb. Sindrome Coronario Agudo.
*HOSPITAL  DE TRASLADO*: IMSS clinica #61.
 *RECIBE*: Dr. Juan Carlos Capetillo Castañeda.
*CÓDIGO*: Rojo.
*OBSERVACIONES*: Px diaforetico y con pulso filiforme.
*ANTECEDENTES PATOLOGICOS*: HTA y diabetes.
*ANTECEDENTES  NO PATOLOGICOS*: Consumo de Estupefacientes.
*ALERGIAS*: Negado.
 *MEDICAMENTOS*: Metformida con Glibenclamida y Telmisartan.
*AUTORIDAD EN EL LUGAR*: ...
*SEGURO*: IMSS. 
*DESPACHA*: Protección Civil Medellín De Bravo.",
263,2026-08-21 21:53:13,120363042493725288@g.us,216359027896444,Dando seguimiento a la ambulancia que pide el director,
263,2026-08-21 21:53:13,120363042493725288@g.us,216359027896444,Me dice que no tiene ubicación ya que los celulares es de los viejitos,
263,2026-08-21 21:53:13,120363042493725288@g.us,216359027896444,Junto a la clínica de los robles,
263,2026-08-21 21:54:51,120363042493725288@g.us,128733256110143,Unidad 098 en base,
263,2026-08-21 21:55:43,120363042493725288@g.us,97878764691675,U-208 sale al reporte,
263,2026-08-21 22:01:11,120363042493725288@g.us,244006101479643,Unidad 096 sale al traslado,
263,2026-08-21 22:01:38,120363042493725288@g.us,128733256110143,Con precaución gracias,ACE20334489F3966D5A2E4333BC85BC2
263,2026-08-21 22:01:47,120363042493725288@g.us,128733256110143,Enterado con precaución gracias,3A35FB76902906EBDA08
263,2026-08-21 22:19:16,120363042493725288@g.us,97878764691675,U-208 en el punto,
263,2026-08-21 22:19:47,120363042493725288@g.us,128733256110143,Enterado en base,AC9CD0E5B3D6E96A0DB87FF72DE18F25
263,2026-08-21 22:35:11,120363042493725288@g.us,97878764691675,U-208 ase traslado al ISSSTE,
263,2026-08-21 22:43:39,120363042493725288@g.us,128733256110143,Enterado con precaución,ACC78F22D6FE4298F636D5A3FD1C8A77
263,2026-08-21 22:59:31,120363042493725288@g.us,244006101479643,Unidad 096 en 20 de noviembre,
263,2026-08-21 22:59:35,120363042493725288@g.us,244006101479643,Hago 10 a base,
263,2026-08-21 23:08:22,120363042493725288@g.us,136734830530561,Enterado con precaución,3ADC7F846C4B174FC64C
263,2026-08-21 23:08:51,120363042493725288@g.us,97878764691675,Llegando al ISSSTE,
263,2026-08-21 23:08:56,120363042493725288@g.us,97878764691675,U-208,
263,2026-08-21 23:12:47,120363042493725288@g.us,128733256110143,Enterado en base,AC2AF397C5977B48818094A5182C0F95
263,2026-08-21 23:33:31,120363042493725288@g.us,244006101479643,Unidad 096 en base,
263,2026-08-21 23:42:57,120363042493725288@g.us,97878764691675,Para conocimiento seguimos en espera de equipo,
263,2026-08-21 23:43:18,120363042493725288@g.us,Você,Enterado en base,ACBECA1B99FF727840D5DC4BB405633C
263,2026-08-21 23:58:18,120363042493725288@g.us,226585563119766,Unidad 208 de retorno a base,
263,2026-08-21 23:58:36,120363042493725288@g.us,Você,Enterado con precaución,A5F9FA2DBCDA516AE02FBE09C5C6CC1F
263,2026-08-22 00:20:08,120363042493725288@g.us,170188213383234,Sale unidad 096 a enjambre de abejas,
263,2026-08-22 00:21:42,120363042493725288@g.us,97878764691675,U-208 llegando a base,
263,2026-08-22 00:26:35,120363042493725288@g.us,128733256110143,Con precaución gracias,AC1456A7F80DCB3B614FDF93BA0275C7
263,2026-08-22 00:27:19,120363042493725288@g.us,170188213383234,Unidad 096 en el punto,
263,2026-08-22 00:28:03,120363042493725288@g.us,128733256110143,Enterado en base,AC5975AA48FC5AFA0262683E5D7A459D
263,2026-08-22 00:32:29,120363042493725288@g.us,226585563119766,"Se acude ala localidad de los Robles por reporte de paciente clinico Delicado:
PX: Maria Cruz Lopez
89 años 
Dx: Cancer de Mama fece Terminal
Glasgow valora en 15
GLUCEMIA- 185
HIPOXIA SEVERA- 82
T/A 127/72
FC- 127
FR-26
TEMPERATURA- 37.8
Se traslada al ISSTE para valoracion medica",AC2ED763FE2E7E47D6897C232259933D
263,2026-08-22 00:40:20,120363042493725288@g.us,170188213383234,Se procede a reubicar panal de avispas,
263,2026-08-22 00:40:56,120363042493725288@g.us,170188213383234,Unidad 096 se mueve al siguiente punto,
263,2026-08-22 00:44:52,120363042493725288@g.us,170179606609930,GR,ACAB03158A26A4AD57CF968EE4853330
263,2026-08-22 01:08:48,120363042493725288@g.us,170188213383234,Unidad 096 en el segundo punto de enjambre de abejas,
263,2026-08-22 01:08:58,120363042493725288@g.us,170179606609930,Gracias!,ACA9CC863A4C92D86DFA4FCDE543EF9F
263,2026-08-22 02:09:55,120363042493725288@g.us,170188213383234,Se procede a remover en jambre  de abejas a petición del ingeniero Tomas Manuel Pedroza  encargado del fraccionamiento Las palmas de Medellín,
263,2026-08-22 02:10:10,120363042493725288@g.us,170179606609930,Gracias! Con cuidado,AC9588D995B984F36A4994281A648A72
263,2026-08-22 02:13:38,120363042493725288@g.us,135450517885035,algun Reporte de accidente que tengan por los pichones a moralillo.,
263,2026-08-22 02:13:59,120363042493725288@g.us,128733256110143,Ninguno lic,AC5E748BF6F80419AAB2ED337463A6CD
263,2026-08-22 02:14:17,120363042493725288@g.us,170179606609930,Hasta el momento no Lic,AC5E748BF6F80419AAB2ED337463A6CD
263,2026-08-22 02:14:25,120363042493725288@g.us,170179606609930,Per checo con el crin,
263,2026-08-22 02:14:29,120363042493725288@g.us,170179606609930,911,
263,2026-08-22 02:14:44,120363042493725288@g.us,135450517885035,ok. reportan congestionamiento vial en ese tramo.,
263,2026-08-22 02:14:59,120363042493725288@g.us,170179606609930,Checo con GN,
263,2026-08-22 02:15:06,120363042493725288@g.us,135450517885035,es raro en ese tramo cuatro carriles.,
263,2026-08-22 02:15:29,120363042493725288@g.us,128733256110143,Estaremos 31 en 58,3AA4B4BBCA43D32A4BFE
263,2026-08-22 02:17:45,120363042493725288@g.us,135450517885035,si hay contacto con la guardia nacional del sector caminos.,
263,2026-08-22 02:21:42,120363042493725288@g.us,170179606609930,Si lic,AC71A535E38A71E65D7DAB5A907BE6DC
263,2026-08-22 02:21:52,120363042493725288@g.us,170179606609930,Estoy checando,
263,2026-08-22 02:22:09,120363042493725288@g.us,128733256110143,Enterado en base,3A405AE31CF9D0AFF109
263,2026-08-22 02:49:54,120363042493725288@g.us,170179606609930,Ninguno rey,
263,2026-08-22 02:50:09,120363042493725288@g.us,170179606609930,Sin novedad reporta GN,
263,2026-08-22 02:50:22,120363042493725288@g.us,128733256110143,Enterado en base seguimos 31,3AC8B59E1331D5099914
263,2026-08-22 03:04:04,120363042493725288@g.us,170188213383234,Unidad 096 en base,
263,2026-08-22 03:57:00,120363042493725288@g.us,170188213383234,Unidad 096 sale a reporte de fuga de gas en Lagos de Puente Moreno,
263,2026-08-22 03:57:11,120363042493725288@g.us,170179606609930,Con precaución,
263,2026-08-22 04:06:41,120363042493725288@g.us,170188213383234,Unidad en el punto,
263,2026-08-22 04:06:54,120363042493725288@g.us,128733256110143,Enterado en base,AC5D8CDB2DDB00CAFB0224DD3F025B92
263,2026-08-22 04:42:23,120363042493725288@g.us,170188213383234,"Se retira cilindro de 20 Kg de domicilio ya que presenta peligro para el ciudadano  quien dice llamarse Maria Isabel Medina Balladares  por fondo picado.
En ubicación Areca #29 Oeste",
263,2026-08-22 04:42:25,120363042493725288@g.us,170188213383234,Se retira cilindro de domicilio ya que presenta peligro para el ciudadano por fondo picado,
263,2026-08-22 04:42:26,120363042493725288@g.us,170188213383234,Se retira cilindro de domicilio ya que presenta peligro para el ciudadano por fondo picado,
263,2026-08-22 04:42:27,120363042493725288@g.us,170188213383234,Se retira cilindro de domicilio ya que presenta peligro para el ciudadano por fondo picado,
263,2026-08-22 04:47:24,120363042493725288@g.us,170188213383234,Unidad 096 retorna a base,
263,2026-08-22 04:50:25,120363042493725288@g.us,170179606609930,Le recuerdo el regreso del señor de la hemo,
263,2026-08-22 04:51:09,120363042493725288@g.us,128733256110143,Enterado en base,ACAF3BAF9539F5802F26FCE04DB6FDC5
263,2026-08-22 04:51:17,120363042493725288@g.us,97878764691675,Estoy esperando la U-096 jefe para ir,3A64CECF63BD9C6BB0FB
263,2026-08-22 04:51:24,120363042493725288@g.us,170179606609930,👍,
263,2026-08-22 04:58:24,120363042493725288@g.us,170188213383234,Unidad 096 en base,
263,2026-08-22 04:58:33,120363042493725288@g.us,97878764691675,Sale U-096 al HG DE 20 de noviembre Reinaldo Covarrubias para traslado a su domicilio al Tejar,
263,2026-08-22 05:01:53,120363042493725288@g.us,128733256110143,Con precaución gracias,AC0032A87C81288C5707B648E494D205
263,2026-08-22 06:04:38,120363042493725288@g.us,136734830530561,FELICIDADES !!! BOMBEROS DE PROTECCION CIVIL MEDELLIN DE BRAVO,
263,2026-08-22 06:23:13,120363042493725288@g.us,97878764691675,U-096 llegando a base,
263,2026-08-22 06:24:27,120363042493725288@g.us,226585563119766,Enterados gracias,AC81E1891BB6E67B62BFB53A299B2FC8
263,2026-08-22 06:25:41,120363042493725288@g.us,170179606609930,"Buenas noches equipo!
Admiro profundamente el trabajo y la entrega de todos ustedes. Hoy, en el Día del Bombero, quiero reconocer a **Pigui, Paco, Carlos, Gio, Cadenas, Luis, Ángel y Chapo**, por su vocación de servicio, esfuerzo y compromiso.

Pero también quiero reconocer a quienes, aunque quizá no porten el uniforme de bombero, **se suman y forman parte de este gran equipo de trabajo**. Cada apoyo cuenta y todos son parte importante de la labor que realizamos día con día.

**Ser bombero no solo es una profesión; es vocación, entrega y compromiso para servir a los demás. ¡Felicidades y gracias por formar parte de esta gran familia!** 🚒🧯🔥",
263,2026-08-22 06:30:14,120363042493725288@g.us,170179606609930,"Pd el 19 celebramos dia del paramédico, bombero y protección civil",3A1799CC38624B908BFD
263,2026-08-22 06:33:22,120363042493725288@g.us,128733256110143,Gracias jefe 🙋🏻‍♂️🫡y felicidades a los compañer@s,3A1799CC38624B908BFD
263,2026-08-22 06:41:05,120363042493725288@g.us,Você,"https://www.google.com/maps/place/18.97662,-96.11902",
263,2026-08-22 06:43:00,120363042493725288@g.us,Você,De igual manera llama a base la agente municipal de los robles para reportar el mismo servicio,
263,2026-08-22 06:44:52,120363042493725288@g.us,244006101479643,Sale unidad 098 a reporte,
263,2026-08-22 07:01:59,120363042493725288@g.us,170179606609930,La regidora solicita apoyo de policía ya que la persona que atropelló al motociclista esta agresiva,3ADA9F51399390795CCB
263,2026-08-22 07:02:57,120363042493725288@g.us,128733256110143,Enterado en base,3A010B79B1ED2BB09A64
263,2026-08-22 07:05:25,120363042493725288@g.us,60314259308792,U-098 en el punto,
263,2026-08-22 07:05:42,120363042493725288@g.us,128733256110143,Enterado en base,ACFF5DF33DDA385820A360F25A5911CC
263,2026-08-22 07:15:32,120363042493725288@g.us,Você,Esteban Campos,
263,2026-08-22 07:16:20,120363042493725288@g.us,Você,Reporta en esa ubicación el señor Esteban k tiene una serpiente en su vehículo favor de acudir unidad 096 Luis y angel,AC580328D271E3A066597D1A9A98D9EA
263,2026-08-22 07:18:42,120363042493725288@g.us,128733256110143,Ahí está la persona en su vehículo,
263,2026-08-22 07:18:53,120363042493725288@g.us,198930738487413,Sale la móvil 096 a culebra,
263,2026-08-22 07:23:38,120363042493725288@g.us,170179606609930,Enterado!,3A9A1D9358DB26716106
263,2026-08-22 07:23:45,120363042493725288@g.us,128733256110143,Enterado en base con precaución,3A9A1D9358DB26716106
263,2026-08-22 07:24:04,120363042493725288@g.us,244006101479643,🫡,
263,2026-08-22 07:27:27,120363042493725288@g.us,198930738487413,Móvil 096 en el punto indicado,
263,2026-08-22 07:27:50,120363042493725288@g.us,Você,Enterado en base,ACD92DFAC2DDEB58388474728EC57436
263,2026-08-22 07:33:17,120363042493725288@g.us,60314259308792,U-098 cambia destino hacia hospital de 20 de noviembre,
263,2026-08-22 07:33:44,120363042493725288@g.us,Você,Enterado con precaución,ACBE2B69AEA662A14418D43B387E2E5F
263,2026-08-22 08:04:19,120363042493725288@g.us,244006101479643,Unidad 098 en el punto,
263,2026-08-22 08:15:38,120363042493725288@g.us,170188213383234,Unidad 096 se dirige a cargar combustible,
263,2026-08-22 08:16:08,120363042493725288@g.us,Você,Con precaución gracias,AC5CD0FDC09956A2568DD4551AD28DF0
263,2026-08-22 08:16:22,120363042493725288@g.us,Você,K paso con la serpiente 🐍,
263,2026-08-22 08:17:58,120363042493725288@g.us,170188213383234,Al llegar al lugar se checo parte del motor y parte del chasis y no se allo nada de lo reportado se le dejan recomendaciones verbales a los ciudadanos,ACB58DF027B5A4617EF71348C1084433
263,2026-08-22 08:30:25,120363042493725288@g.us,198930738487413,Se cargaron gasolina 10.033 litros ya que es el saldo a la unidad U-096,
263,2026-08-22 08:34:44,120363042493725288@g.us,60314259308792,Seguimos en espera de equipo,
263,2026-08-22 08:44:38,120363042493725288@g.us,198930738487413,Unidad 096 envase,
263,2026-08-22 10:13:38,120363042493725288@g.us,244006101479643,Unidad 098 a base,
263,2026-08-22 10:14:51,120363042493725288@g.us,128733256110143,Enterado con precaución,3A945FF6209EB085B226
263,2026-08-22 10:34:08,120363042493725288@g.us,60314259308792,U-098 en base,
263,2026-08-22 10:35:08,120363042493725288@g.us,128733256110143,Enterado en base,AC19AC7BD26820EE97AC705A249250F7
263,2026-08-22 10:49:27,120363042493725288@g.us,Você,"*Reporte al 9-1-1 (PRELIMINAR)*
Fecha y Hora: *22/08/2026 04:40:25*
Asunto: *ACCIDENTE DE MOTOCICLISTA*
Colonia: *MORALILLO*
Calle: *CARRETERA SAN FRANCISCO EL CEDRAL *
Entre calles: *AUTOPISTA CORDOBA VERACRUZ*
Referencia: *SUBESTACION DE PEMEX*
Localidad: *MORALILLO*
Municipio: *MEDELLIN DE BRAVO*
*Ubicación:*https://www.google.com/maps/place/19.09096,-96.19845
*Resumen de evento*",
263,2026-08-22 10:49:38,120363042493725288@g.us,Você,Sale la unidad 097 al punto,AC16DB58A2025382FE43B0E3B1540358
263,2026-08-22 11:03:50,120363042493725288@g.us,128733256110143,097 en el punto,AC16DB58A2025382FE43B0E3B1540358
263,2026-08-22 11:27:35,120363042493725288@g.us,28067678416994,"U-097 hace 10 a 58.
NO AMERITA TRASLADO. 
Posterior datos.",
263,2026-08-22 11:33:17,120363042493725288@g.us,60314259308792,"*FECHA*: 22 de agosto 2026
*AMBULANCIA*: U-098
*OPERADOR*: Giovanni Rodríguez 
*PARAMEDICO*: Rut Sánchez 
*TERCERO ABORDO*:
*DIRECCIÓN DEL SERVICIO*: calle Miguel Alemán, esquina plan de ayutla
*TIPO DE SERVICIO*: urgencia 
*NOMBRE DEL PACIENTE*: Felipe Castro Velasquez 
*EDAD*: 36

*T/A*:118/68
*F/C*: 76
*F/R*: 20
 *Spo2*: 97
 *TEMPERATURA*:35.2
*GLUC/OPCIONAL*:
*Glasgow*: 15

*ORIGINARIO ( A)*:
*DESCRIPCIÓN DE LO OCURRIDO*: se acude a llamado de emergencia, al llegar al lugar se visualiza a masculino en decúbito supino, refiere que el venía en su moto, un auto lo rebasó y con la parte trasera lo golpeó, dice que derrapó un poco e intento pararse pero no pudo, se visualizan en extremidad superior derecha abraciones, en hombro derecho y en la extremidad inferior derecha, al igual que en esta misma se observa cierta deformidad y una laceración a nivel del dorso del pie, se realiza valoración del paciente y se traslada al hospital general de 20 de noviembre.
*DIAGNÓSTICO*: px policontundido, posible fractura de tibia, posible fractura de metatarsos y abrasiones en extremidades superior e inferior derecha 
*HOSPITAL  DE TRASLADO*: hospital de alta especialidad de Veracruz 
 *RECIBE*: Dra Vianey 
*CÓDIGO*: amarillo 
*OBSERVACIONES*: px con crisis de ansiedad y notorio dolor por heridas
*ANTECEDENTES PATOLOGICOS*: negados
*ANTECEDENTES  NO PATOLOGICOS*:
*ALERGIAS*: negadas 
 *MEDICAMENTOS*: negados 
*AUTORIDAD EN EL LUGAR*:
*SEGURO*: 
*DESPACHA*: dirección de protección civil",AC6519FF5D50317BC709ED98CA195342
263,2026-08-22 11:42:31,120363042493725288@g.us,28067678416994,"*FECHA*: 22 de Agosto del 2026.
*AMBULANCIA*: Unidad 097.
*OPERADOR*: Francisco Lara.
*PARAMEDICO*: Arely Avendaño. 
*TERCERO ABORDO*: N/A.
*DIRECCIÓN DEL SERVICIO*: Carretera Moralillo - Los Pichones, frente a la subestación Pemex.
*TIPO DE SERVICIO*: Urgencia. 
*NOMBRE DEL PACIENTE*: Ariadna Castillo Garcia.
*EDAD*: 40 Años.

*T/A*: 100/80 mmHg.
*F/C*: 88 LPM.
*F/R*: 16 RPM.
 *Spo2*: 98%.
 *TEMPERATURA*: 36.7°.
*GLUC/OPCIONAL*: ...
*Glasgow*: 13 puntos.

*ORIGINARIO ( A)*: Veracruz. 
*DESCRIPCIÓN DE LO OCURRIDO*: Nos reporta C5 derrape de motocicleta, al arribo de la escena me encuentro a femenina de 40 años la cual iba de copiloto en un vehículo particular (motocicleta) cuando se quedo dormida y provocó que derraparan, se realizo curación menor a sus laceraciones y se dieron recomendaciones. 
*DIAGNÓSTICO*: Policontundida, con laceraciones menores en codo y rodilla lado derecho, hx de 5x3 en la frente lado derecho. 
*HOSPITAL  DE TRASLADO*: NO AMERITÓ TRASLADO.
 *RECIBE*: ...
*CÓDIGO*: Verde.
*OBSERVACIONES*: Paciente en estado Etílico. 
*ANTECEDENTES PATOLOGICOS*: Diabetes.
*ANTECEDENTES  NO PATOLOGICOS*: Negado.
*ALERGIAS*: Negado.
 *MEDICAMENTOS*: ...
*AUTORIDAD EN EL LUGAR*: Policia Estatal Unidad SP-4732 a cargo de Adriana Lopez Santos con 3 más de fuerza. 
*SEGURO*: IMSS.
*DESPACHA*: Protección Civil Medellín De Bravo.",
263,2026-08-22 11:48:17,120363042493725288@g.us,128733256110143,Unidad 097 cargando combustible ⛽,
263,2026-08-22 12:04:42,120363042493725288@g.us,128733256110143,Unidad 097 en base,
263,2026-08-22 13:27:23,120363042493725288@g.us,97878764691675,U-208 sale a cargar combustible ⛽,
263,2026-08-22 13:27:34,120363042493725288@g.us,128733256110143,Enterado con precaución,AC338C2F663D95A4DFC9F1E288440AF7
263,2026-08-22 13:35:07,120363042493725288@g.us,97878764691675,En gasolinera para cargar combustible,
263,2026-08-22 13:51:55,120363042493725288@g.us,97878764691675,U-208 llegando a basé,
263,2026-08-22 14:22:25,120363042493725288@g.us,128733256110143,"Buen día novedades del día 21/08/26 PC Medellín guardia (1)

09:17 sale la unidad 096 a dejar el personal de pintores de rompes del departamento de embellecimiento urbano a puente moreno 09:26 retorna a base 

09:21 Sale la unidad 098 a cubrir eventos del alcalde de arrankes de obras en el guasimal el tejar y arboledas San Ramón 12:39 retornan a base 

10:10 sale la unidad 096 a cargar una garrafa de gasolina en la gasolinera de Repsol de las Vegas 10:34 retorna a base 

10:40 sale la unidad de PC del estado 097 y la unidad acuática de PC Medellín 074 a los ríos de paso de toro y cotaxtla para hacer recorridos y checar niveles 

11:56 sale unidad motorizada para ir a dejar al guarda vidas a paso de toro donde iba a andar la unidad acuática en los recorridos 

12:02 sale unidad 096 a llevar tankes de oxígeno a recargar a la ciudad industrial en Veracruz 13:32 retorna a base 

13:40 sale la unidad 208 a cambio de llanta trasera lado derecho en Veracruz 14:52 retorna a base 

14:24 sale la unidad 098 a un reporte de una persona con posible infarto en la caseta de paso de toro como referencia en los baños de la caseta se llega al lugar y se traslada aún masculino a la clínica 61 de días mirón para su atención 15:54 retorna a base 

15:10 sale la unidad 096 a acordonar cables caídos en el tejar como referencia en la calle de la paletería la Michoacana 15:42 retorna a base 

15:55 sale la unidad 208 a atender un reporte de una persona inconsciente en la localidad de los robles en el centro de salud de la localidad se llega al lugar y se traslada al ISSSTE para su atención 18:21 retornan a base 

16:01 sale la unidad 096 a traslado programado de el domicilio en el tejar hacia el hospital 20 de noviembre de Veracruz 17:33 retorna a base 

18:20 sale unidad 096 a checar varios reportes de abejas en playa de vacas y lagos de puente moreno 21:04 retornan a base 

21:57 sale la unidad 096 a checar un reporte de una fuga de gas en un tanke de 20 kilos en lagos de puente moreno en el circuito areca se llega al lugar y se procede a retirar el cilindro para kitar riesgos de igual manera se dejan recomendaciones 22:58 retornan a base 

22:58 sale la unidad 096 a traer de regreso al señor del traslado programado del HG de 20 de noviembre a su domicilio en el tejar Medellín 24:23 retorna a base 

24:44 sale la unidad 098 a atender reporte de persona atropellada en la localidad de los robles como referencia pasando la gasolinera se llega al lugar y se traslada a un masculino al HG 20 de noviembre para su atención 04:35 retornan a base 

01:18 sale la unidad 096 a checar un reporte de una serpiente dentro del cofre de un vehículo en playa de vacas llegan al lugar y no encuentran nada se dejan recomendaciones y se retiran del lugar 02:44 retornan a base 

04:53 sale la unidad 097 a atender reporte de un derrape de moto enfrente de la plante de Pemex de moralillo se llega al lugar y solo estaban policontundidos y con raspones se procede a hacerles curaciones y limpieza no ameritan traslado llegan familiares y se los llevan por sus medios 06:04 retornan a base 

07:25 sale la unidad 208 a cargar combustible en la gasolinera de las Vegas Repsol 08:15 retorna a base",
263,2026-08-22 14:24:43,120363042493725288@g.us,97878764691675,U-097 con niveles correctos de aceite de motor aceite hidráulico y liquido de frenos,
263,2026-08-22 14:28:57,120363042493725288@g.us,97878764691675,U-096 con niveles correctos de aceite de motor aceite hidráulico y liquido de frenos,
263,2026-08-22 14:28:58,120363042493725288@g.us,170188213383234,Niveles correctos de la unidad 072,
263,2026-08-22 14:33:12,120363042493725288@g.us,170179606609930,096,
263,2026-08-22 14:33:18,120363042493725288@g.us,170179606609930,Los veo aquí,
263,2026-08-22 14:34:01,120363042493725288@g.us,170179606609930,https://maps.app.goo.gl/xg9pee2kJu936H6GA?g_st=iwb,
263,2026-08-22 14:34:09,120363042493725288@g.us,170179606609930,Buen día equipo,
263,2026-08-22 14:37:26,120363042493725288@g.us,Você,Enterado salen para el punto,3AE52C55D92B7DAEB426
263,2026-08-22 14:40:14,120363042493725288@g.us,97878764691675,U-098 con niveles correctos de aceite de motor aceite hidráulico y liquido de frenos,
263,2026-08-22 14:42:48,120363042493725288@g.us,97878764691675,U-208 con niveles correctos de aceite de motor aceite hidráulico y liquido de frenos,
263,2026-08-22 14:48:40,120363042493725288@g.us,170188213383234,Unidad 096 se dirige al evento orden y limpieza,
263,2026-08-22 15:09:53,120363042493725288@g.us,198930738487413,Labores de limpieza,
263,2026-08-22 15:24:03,120363042493725288@g.us,213554649145471,Se recibe unidad 098 sin novedad por parte de la compañera Ruth,
263,2026-08-22 15:24:04,120363042493725288@g.us,43465723384010,Se recibe unidad 208 sin novedades,
263,2026-08-22 15:25:03,120363042493725288@g.us,24395531739173,Se recibe unidad 097 a la compañera Arely sin novedades,
263,2026-08-22 15:34:36,120363042493725288@g.us,65915584544854,Se recibe unidad 097 de jefe de guardia francisco con la novedades ya existentes,
263,2026-08-22 15:44:04,120363042493725288@g.us,28067678416994,"Se entrego la Unidad 097 a la compañera Yaiza, sin novedades ya se recuperó la camilla que estaba en la clinica #71 del IMSS.",3AA40EA7ADB4CF9A67DC
263,2026-08-22 17:10:21,120363042493725288@g.us,214482211094536,Sale unidad U_208 a lagos de puente moreno a relevo de personal,
263,2026-08-22 17:13:56,120363042493725288@g.us,Você,Es en la entrada del circuito área común de enmedio,
263,2026-08-22 17:14:14,120363042493725288@g.us,Você,Reportan enjambre en esa ubicación,
263,2026-08-22 17:17:44,120363042493725288@g.us,170179606609930,Esas abejas se van enseguida nomás dejen recomendaciones y si le pueden poner un traste con azúcar y agua y es más que suficiente a ver si se puede mover Cadenas a ese punto por favor en la moto,ACD7030724D2E03B612C1A044BCEDADB
263,2026-08-22 17:19:10,120363042493725288@g.us,136734830530561,Ok procedo,
263,2026-08-22 17:32:47,120363042493725288@g.us,136734830530561,Unidad motorizada procede a cto granate en el área verde a verificar enjambre de abejas,
263,2026-08-22 17:48:10,120363042493725288@g.us,136734830530561,En el punto,
263,2026-08-22 17:52:32,120363042493725288@g.us,170188213383234,Unidad 096 en base,
263,2026-08-22 18:08:53,120363042493725288@g.us,136734830530561,"Me entrevistó con quién dice llamarse,
Jefe de manzana Yadira del Carmen Méndez Valencia del cto granate de lagos de puente moreno, quién dice que tienen aprox. 1 día que se colocaron las abejas en ese punto, se le dan las recomendaciones de colocarle agua muy dulce para su alimento  y tiempo de posible estancia de ellas.",
263,2026-08-22 18:09:35,120363042493725288@g.us,214482211094536,Enterado en base,
263,2026-08-22 18:09:46,120363042493725288@g.us,136734830530561,Retornando a 58,
263,2026-08-22 18:14:18,120363042493725288@g.us,136734830530561,Queda acordonado en lo que ponen el agua azucarada,
263,2026-08-22 18:19:49,120363042493725288@g.us,265639449067682,En base 208,
263,2026-08-22 18:36:52,120363042493725288@g.us,136734830530561,En base,
263,2026-08-22 19:12:54,120363042493725288@g.us,214482211094536,Mel Hernandez Flores,
263,2026-08-22 19:13:17,120363042493725288@g.us,214482211094536,Reportan fuga de gas en fraccionamiento San Miguel,
263,2026-08-22 19:18:25,120363042493725288@g.us,194171226824727,Sale la unidad 096 por un reporte de fuga de gas en arboleda sam Miguel,
263,2026-08-22 19:20:10,120363042493725288@g.us,214482211094536,Enterado con precaución,
263,2026-08-22 19:38:06,120363042493725288@g.us,194171226824727,Unidad 096 en el lugar,ACF120C6C7D3A892596C9A3791C15BD2
263,2026-08-22 19:38:36,120363042493725288@g.us,Você,Enterado en base,
263,2026-08-22 20:06:30,120363042493725288@g.us,194171226824727,Se retira el tanque de gas de 20 kilos en  arboleda san Miguel,
263,2026-08-22 20:48:53,120363042493725288@g.us,194171226824727,Unidad 096 retorna a base,
263,2026-08-22 21:05:27,120363042493725288@g.us,194171226824727,Unidad 096 en base,
264,2026-08-21 16:17:42,52325838233776@lid,Você,PC,
264,2026-08-21 16:31:12,52325838233776@lid,Você,Me la puede compartir como ubicación actual por favor,
264,2026-08-21 16:31:49,52325838233776@lid,52325838233776,Calle arquimia casi esquina mocarroca,
264,2026-08-21 16:32:01,52325838233776@lid,52325838233776,De nada,ACD19BF56719E6F4C35B444E27007F80
265,2026-08-21 17:22:47,214774235267138@lid,Você,Buen día,
265,2026-08-21 17:23:07,214774235267138@lid,Você,Tendrá algún reporte de accidente en arboledas San Miguel,
265,2026-08-21 17:28:27,214774235267138@lid,214774235267138,si un choque,AC21F041592E7E8C49D23100AF985913
265,2026-08-21 17:28:41,214774235267138@lid,214774235267138,"https://www.google.com/maps/place/19.093814823384,-96.189005938031",
266,2026-08-21 18:20:47,170179606609930@lid,170179606609930,2291354497,
266,2026-08-21 18:20:58,170179606609930@lid,170179606609930,Dora sub agente,
266,2026-08-21 19:05:18,170179606609930@lid,170179606609930,"2291165196
Señora Guille",
266,2026-08-21 19:08:06,170179606609930@lid,170179606609930,2294642810,
268,2026-08-21 19:14:08,114392242896987@lid,Você,Buenas tardes soy de protección civil,
268,2026-08-21 19:16:29,114392242896987@lid,Você,Me pongo en contacto con usted por el tema de su queja,
268,2026-08-21 19:18:01,114392242896987@lid,114392242896987,Es para prevenir un accidente,
268,2026-08-21 19:18:45,114392242896987@lid,Você,Me puede comentar que pasa y la ubicación del lugar por favor,
268,2026-08-21 19:20:15,114392242896987@lid,114392242896987,Calle serdan esq.independecia,
268,2026-08-21 19:20:32,114392242896987@lid,Você,Me puede compartir ubicación actual aquí en WhatsApp,
268,2026-08-21 19:20:33,114392242896987@lid,114392242896987,Junto al six,
268,2026-08-21 19:20:37,114392242896987@lid,Você,Para tener el maps,
268,2026-08-21 19:21:10,114392242896987@lid,Você,Sino es molestia expliqume cuál es en si el reporte o queja,
268,2026-08-21 19:22:27,114392242896987@lid,114392242896987,Mire lo que pasa que ponen una carpa y ocupan parte de la calle y es esquina a mi no me perjudica pero puede provocar un accidente,
268,2026-08-21 19:23:41,114392242896987@lid,Você,Ok enterad@,
268,2026-08-21 19:23:44,114392242896987@lid,Você,Muchas gracias,
268,2026-08-21 19:23:47,114392242896987@lid,Você,Cuál es su nombre?,
268,2026-08-21 19:24:21,114392242896987@lid,114392242896987,No quiero tener problemas con la persona,
269,2026-08-21 19:34:26,136734830530561@lid,Você,Mire lo que pasa que ponen una carpa y ocupan parte de la calle y es esquina a mi no me perjudica pero puede provocar un accidente,
269,2026-08-21 19:34:49,136734830530561@lid,Você,"229 116 5196 denuncia anonima, pide el director seguimiento de esto con comercio",
269,2026-08-21 20:02:46,136734830530561@lid,136734830530561,Anel,3EB09822F7080CCFE0B1A0
269,2026-08-21 20:03:13,136734830530561@lid,136734830530561,Sabrás a qué altura está por qué el GPS me manda entre l 3 b y centro de salud,
269,2026-08-21 20:04:29,136734830530561@lid,136734830530561,Y no me contesta el reportante,
269,2026-08-21 20:15:16,136734830530561@lid,Você,okis,
269,2026-08-21 20:17:20,136734830530561@lid,Você,si me marco la srita,
269,2026-08-21 20:17:24,136734830530561@lid,Você,pero le dije que no tengo personal,
269,2026-08-21 20:17:34,136734830530561@lid,Você,queria que le despejaras una duda y le di tu num,
271,2026-08-21 19:42:22,219356998950964@lid,Você,srita Miriam Viveros btardes soy de Pc,
271,2026-08-21 19:43:25,219356998950964@lid,Você,se corto la llamada,
271,2026-08-21 19:43:39,219356998950964@lid,Você,me puede compartir aqui ubicacion actual,
271,2026-08-21 19:43:45,219356998950964@lid,Você,y fotografia del area que necesita acordonar,
271,2026-08-21 19:45:39,219356998950964@lid,219356998950964,"Si, claro",
271,2026-08-21 19:46:42,219356998950964@lid,219356998950964,Me está fallando la señal,
271,2026-08-21 19:47:32,219356998950964@lid,219356998950964,Me apoyas con el número de teléfono al que me puedo comunicar para ver lo de CFE por favor,
271,2026-08-21 19:48:01,219356998950964@lid,Você,el es el coordinador de pc,
271,2026-08-21 19:48:22,219356998950964@lid,219356998950964,Pensé que era de CFE 🤭,
271,2026-08-21 19:48:32,219356998950964@lid,219356998950964,"Ok lo comento con el, gracias",
271,2026-08-21 19:48:42,219356998950964@lid,Você,de cfe es 071,
271,2026-08-21 19:49:19,219356998950964@lid,219356998950964,Si ya marcamos pero el problema es que tienen otro reporte y no hacen el nuestro hasta que se corrija el que ya traen,
271,2026-08-21 20:51:55,219356998950964@lid,219356998950964,Ya lo vi gracias,
271,2026-08-21 20:52:42,219356998950964@lid,Você,🙂,
272,2026-08-21 21:01:02,123012292550716@lid,123012292550716,"Hola buen día este sería el número de mi hermana , para lo de la camilla",
272,2026-08-21 21:01:25,123012292550716@lid,123012292550716,Nadamas q me dice q a ella no le entran las llamadas que si le marcan por favor por llamada de whats,
272,2026-08-21 21:01:31,123012292550716@lid,123012292550716,Gracias a Ustedes,ACB6D662A633B11ECA14E09940FCDB81
273,2026-08-21 21:48:20,198930738487413@lid,Você,18 de marzo,
273,2026-08-21 21:49:11,198930738487413@lid,Você,+52 229 323 1370 Lulu caldelas,
273,2026-08-21 21:49:40,198930738487413@lid,Você,Puedes venir por favor,
273,2026-08-21 21:51:29,198930738487413@lid,Você,2291521770,
275,2026-08-21 21:57:28,214770242297996@lid,Você,Sra Madi,
275,2026-08-21 21:57:34,214770242297996@lid,Você,Ya va mi compañero Giovanni por ustedes,
275,2026-08-21 21:57:38,214770242297996@lid,Você,Bonita tarde,
275,2026-08-21 22:08:24,214770242297996@lid,214770242297996,Muchas gracias señorita,
276,2026-08-21 23:06:47,218275287978234@lid,Você,"Hola buenas tarde, disculpe tendrá a la mano su número de crédito Infonavit por favor",
276,2026-08-21 23:07:16,218275287978234@lid,Você,Para agregarlo a su constancia,
276,2026-08-22 00:12:19,218275287978234@lid,218275287978234,listo,
276,2026-08-22 00:15:22,218275287978234@lid,Você,Pero entonces no es la titular de la propiedad,
276,2026-08-22 00:16:05,218275287978234@lid,Você,O renta ?,
276,2026-08-22 00:18:29,218275287978234@lid,Você,"Ok , muchas gracias",
276,2026-08-22 00:18:39,218275287978234@lid,Você,Se expide. A nombre de el,
276,2026-08-22 00:19:10,218275287978234@lid,218275287978234,si está perfecto gracias,
279,2026-08-22 00:58:01,52325838233776@lid,52325838233776,Muchas gracias por la atención,
279,2026-08-22 00:58:10,52325838233776@lid,52325838233776,Ya quedo resuelto,
279,2026-08-22 01:25:15,52325838233776@lid,Você,De nada,AC379E77D4220B95272393D3840A2A7A
281,2026-08-22 04:59:57,227763021717507@lid,227763021717507,🤝,
281,2026-08-22 05:01:18,227763021717507@lid,227763021717507,"🌧️🌧️🌧️🌧️🌧️🌧️🌧️
☔🏚️🌪️
😨 PARAMÉDICOS 
S.N.U.M.VERACRUZ
🌀🌀🌀🌀🌀🌀🌀
S.N.U.M.
PARAMÉDICOS 
AMBULANCIAS 
☎️2291503500
911
PARAMÉDICOS 
AMBULANCIAS 
🏥🚑🚑🚑🚑 PARAMÉDICOS 
VOLUNTARIOS 
⛑️🥽 danielcruzcano 
S.N.U.M.
PARAMÉDICOS 
AMBULANCIAS 
🇲🇽S.N.U.M.
🌧️🌧️🌧️🌧️🌧️🌧️
☔🌪️🌀🌀🌀🌀
PARAMÉDICOS",
281,2026-08-22 05:01:19,227763021717507@lid,227763021717507,🤝,
282,2026-08-22 06:37:45,214774235267138@lid,Você,Podrá mandar comando la ubicación,
282,2026-08-22 06:38:49,214774235267138@lid,Você,Del choque vehicular de favor,
282,2026-08-22 06:40:30,214774235267138@lid,214774235267138,Si mando,
282,2026-08-22 06:40:31,214774235267138@lid,214774235267138,"https://www.google.com/maps/place/18.97662,-96.11902",
282,2026-08-22 06:49:02,214774235267138@lid,Você,Acude la unidad 098,3EB02B8388508097221128
282,2026-08-22 07:07:52,214774235267138@lid,Você,Comando m puede apoyar con policía en el servicio de los robles la persona que atropello está agresiva me indican los compañeros de la ambulancia,
282,2026-08-22 07:09:18,214774235267138@lid,214774235267138,si mando,
283,2026-08-22 07:14:41,46369020592166@lid,Você,Buenas noches ahorita llega la unidad 096 al punto m regala su nombre de favor,
283,2026-08-22 07:14:51,46369020592166@lid,46369020592166,Esteban Campos,
283,2026-08-22 07:15:08,46369020592166@lid,Você,Gracias en unos minutos están por ahí los compañeros,ACA9C88A2264EEF4525C1E15E06045A9
283,2026-08-22 07:15:58,46369020592166@lid,46369020592166,Si muchas gracias,
288,2026-08-23 02:17:23,120363042493725288@g.us,213554649145471,"Irlanda nte 51301 
Dep 4 fraccionamiento puente moreno 
Reportan crisis convulsiva 
Reporta Elena Rivas",
288,2026-08-23 02:17:37,120363042493725288@g.us,214482211094536,Sale unidad 098,
288,2026-08-23 02:25:22,120363042493725288@g.us,214482211094536,Unidad 098 en el punto,
288,2026-08-23 02:27:16,120363042493725288@g.us,194171226824727,Enterado base,
288,2026-08-23 02:44:21,120363042493725288@g.us,170179606609930,Buenas noches me están reportando un accidente de vehículo que se estrelló con una vaca,
288,2026-08-23 02:44:43,120363042493725288@g.us,170179606609930,Estoy esperando mas datos para que se vayan preparando equipo,
288,2026-08-23 02:51:03,120363042493725288@g.us,170179606609930,Para conocimiento y lesionado voy a canalizar a las 9 11 ya que piden apoyo de Guardia Nacional caminos,
288,2026-08-23 02:51:47,120363042493725288@g.us,Você,"Fraccionamiento lagos de puente moreno circuito Noruega Norte 52,529 interior 3 
Referencia ay una  Camionetagris afuera 2294029260
Reportan que le hablaron sus 2 hijos menores que su mamá está inconsciente y tiene 6 meses de embarazo",
288,2026-08-23 02:53:16,120363042493725288@g.us,43465723384010,Sale unidad 208 a servicio de persona embarazada inconciente,
288,2026-08-23 02:55:25,120363042493725288@g.us,Você,"*Reporte al 9-1-1 (PRELIMINAR)*
Fecha y Hora: *22/08/2026 20:47:46*
Asunto: *TLM-URGENCIA EN PACIENTE EMBARAZADA*
Colonia: *LAGOS DE PUENTE  MORENO*
Calle: *NORUEGA NORTE 52529*
Entre calles: *CTO. NORUEGA SUR*
Referencia: *NO ESPECIFICADO*
Localidad: *NO ESPECIFICADO*
Municipio: *MEDELLIN DE BRAVO*
*Ubicación:*https://www.google.com/maps/place/19.092647005696,-96.16707345238
*Resumen de evento*
     *TLM-URGENCIA EN PACIENTE EMBARAZADA*
SOLICITA CRUZ ROJA APOYO MEDICO PARA UNA FEMENINA DE 35 AÑOS CON 6 MESES DE GESTACIÓN LA REPORTAN INCONSCIENTE SUS DOS HIJOS EN SU DOMICILIO",
288,2026-08-23 03:01:54,120363042493725288@g.us,213554649145471,"Px consciente alerta orientado 
Glasgow 15 
Se  registra elevación de la presión arterial sistólica, px decide quedarse en casa para mañana acudir a consulta.",ACD564D8FDACFA8E2C5BA8D65A512FCE
288,2026-08-23 03:01:58,120363042493725288@g.us,213554649145471,En breve más datos,
288,2026-08-23 03:07:25,120363042493725288@g.us,Você,Asi estaba hacw rato,
288,2026-08-23 03:07:25,120363042493725288@g.us,Você,Norte,
288,2026-08-23 03:07:25,120363042493725288@g.us,Você,CTO Bugambilia 10 B,
288,2026-08-23 03:12:17,120363042493725288@g.us,Você,Sedan recomendaciones,
288,2026-08-23 03:12:32,120363042493725288@g.us,Você,Ok eso sí ví apagué las luces y como que ya hay menos,
288,2026-08-23 03:18:34,120363042493725288@g.us,Você,U208 me acaba de marcar su su esposo del reporte dela embarazada que su esposa ya reaccionó pero no quiere abrir su domicilio por qué no quiere dejar a sus hijos solo,
288,2026-08-23 03:20:13,120363042493725288@g.us,Você,Se cancela el servicio y pide una disculpa el esposo por mover la unidad,
288,2026-08-23 03:21:02,120363042493725288@g.us,43465723384010,Unidad 208 retorna a base (servicio cancelado ),
288,2026-08-23 03:22:01,120363042493725288@g.us,214482211094536,Unidad 098 en base,
288,2026-08-23 03:59:15,120363042493725288@g.us,43465723384010,Unidad 208 en base,
289,2026-08-23 02:51:42,170179606609930@lid,Você,"Fraccionamiento lagos de puente moreno circuito Noruega Norte 52,529 interior 3 
Referencia ay una  Camionetagris afuera 2294029260
Reportan que le hablaron sus 2 hijos menores que su mamá está inconsciente y tiene 6 meses de embarazo",
289,2026-08-23 02:55:59,170179606609930@lid,Você,?,
289,2026-08-23 02:56:17,170179606609930@lid,170179606609930,Ni queda dm sin efecto,ACD541B56975BC45473ED889A6EE3607
289,2026-08-23 02:56:32,170179606609930@lid,170179606609930,No queda sin efectos,
289,2026-08-23 02:56:40,170179606609930@lid,Você,Ok enterado,
289,2026-08-23 03:08:27,170179606609930@lid,170179606609930,Ni mms,ACBD4731F6334EBEC4B8A4BF7A94A1B9
289,2026-08-23 03:08:33,170179606609930@lid,170179606609930,Pues que les pongan humo,
289,2026-08-23 03:11:00,170179606609930@lid,Você,Ya le puse,3AFE7B65D1ACE550DF3F
291,2026-08-23 03:03:24,187363720454388@lid,187363720454388,Hola buenas noches,
291,2026-08-23 03:03:44,187363720454388@lid,Você,Diga,
291,2026-08-23 03:03:59,187363720454388@lid,187363720454388,Acaba de llamar la novia de mi hijo que hay muchas abejas en la entrada de mi casa,
291,2026-08-23 03:04:36,187363720454388@lid,Você,Si le pase este número para que me mande la ubicación y si se puede una foto del enjambre,
291,2026-08-23 03:05:00,187363720454388@lid,187363720454388,Asi estaba hacw rato,
291,2026-08-23 03:05:43,187363720454388@lid,187363720454388,El enjambre ya no está pero están algunas en la entrada de la casa,
291,2026-08-23 03:06:10,187363720454388@lid,Você,Me manda la ubicación,
291,2026-08-23 03:06:37,187363720454388@lid,187363720454388,CTO Bugambilia 10 B,
291,2026-08-23 03:06:49,187363720454388@lid,Você,Mire coméntale ala persona q se encuentra en el lugar que apague la luz de afuera,
291,2026-08-23 03:07:05,187363720454388@lid,Você,Norte sur,3A45C6B96F58E015CB2C
291,2026-08-23 03:07:18,187363720454388@lid,187363720454388,Norte,
291,2026-08-23 03:10:00,187363720454388@lid,Você,Mire ya subí su reporte pero ahorita tengo al personal atorado en un accidente por lo mientras apagué la luz de afuera y si tiene algún cono de huevo para el humo,
291,2026-08-23 03:10:11,187363720454388@lid,Você,Con eso se van,
291,2026-08-23 03:10:31,187363720454388@lid,Você,Pero tratar de tener las luces apagada eso las atrae,
291,2026-08-23 03:10:49,187363720454388@lid,Você,En lo q se desocupe la unidad se dirige a su domicilio,
291,2026-08-23 03:10:55,187363720454388@lid,187363720454388,Ok eso sí ví apagué las luces y como que ya hay menos,
291,2026-08-23 03:11:31,187363720454388@lid,Você,Esq la luz las atrae,3A8019D8E8899FF4ABB6
291,2026-08-23 03:11:50,187363720454388@lid,Você,Pero si le pueden poner un poco de humo mejor,
291,2026-08-23 03:12:07,187363720454388@lid,187363720454388,Muchas gracias,
291,2026-08-23 03:12:18,187363720454388@lid,187363720454388,Buscare el cartón de huevo,
291,2026-08-23 03:12:27,187363720454388@lid,Você,Porfavor,3A6811FAEB3F556D1E26
291,2026-08-23 03:12:39,187363720454388@lid,187363720454388,Muchas gracias,
291,2026-08-23 03:12:48,187363720454388@lid,Você,Para servirle,
291,2026-08-23 03:13:01,187363720454388@lid,Você,Una vez q se desocupe va la unidad,
292,2026-08-23 06:10:49,214774235267138@lid,214774235267138,"*Reporte al 9-1-1 (PRELIMINAR)*
Fecha y Hora: *23/08/2026 00:01:01*
Asunto: *PERSONA(S) LESIONADA(S) POR ARMA BLANCA*
Colonia: *PUENTE MORENO*
Calle: *SATURNO NORTE 15607*
Entre calles: *SATURNO CENTRO*
Referencia: *CASA COLOR MARRON*
Localidad: *MEDELLIN DE  BRAVO*
Municipio: *MEDELLIN DE BRAVO*
*Ubicación:*https://www.google.com/maps/place/19.10823,-96.15283
*Resumen de evento*
     *PERSONA(S) LESIONADA(S) POR ARMA BLANCA*
REPORTA QUE A SU AMIGO LE MACHETEARON LA MANO  EL SANGRADO ES ABUNDANTE    DE  58 AÑOS",
292,2026-08-23 06:10:55,214774235267138@lid,214774235267138,COMANDO  ME APOYA CON ESE FOLIO,
292,2026-08-23 06:11:59,214774235267138@lid,Você,11 mandó ahí alguna unidad de SP,
293,2026-08-23 06:15:05,120363042493725288@g.us,Você,"*Reporte al 9-1-1 (PRELIMINAR)*
Fecha y Hora: *23/08/2026 00:01:01*
Asunto: *PERSONA(S) LESIONADA(S) POR ARMA BLANCA*
Colonia: *PUENTE MORENO*
Calle: *SATURNO NORTE 15607*
Entre calles: *SATURNO CENTRO*
Referencia: *CASA COLOR MARRON*
Localidad: *MEDELLIN DE  BRAVO*
Municipio: *MEDELLIN DE BRAVO*
*Ubicación:*https://www.google.com/maps/place/19.10823,-96.15283
*Resumen de evento*
     *PERSONA(S) LESIONADA(S) POR ARMA BLANCA*
REPORTA QUE A SU AMIGO LE MACHETEARON LA MANO  EL SANGRADO ES ABUNDANTE    DE  58 AÑOS",
293,2026-08-23 06:16:10,120363042493725288@g.us,136734830530561,Checaron que allá área segura ?,
293,2026-08-23 06:16:57,120363042493725288@g.us,Você,Van la unidad SP 4016 van en camino,
293,2026-08-23 06:19:02,120363042493725288@g.us,Você,Estoy en la espera que llegue la unidad de la policía estatal,
293,2026-08-23 06:22:05,120363042493725288@g.us,214482211094536,Sale unidad 098 a el punto,
293,2026-08-23 06:24:51,120363042493725288@g.us,Você,Enterado en base con precaución,AC8495D5FA0C44FAADB14CAB052868EC
293,2026-08-23 06:28:07,120363042493725288@g.us,214482211094536,Unidad 098 en el punto,
293,2026-08-23 06:28:27,120363042493725288@g.us,Você,Enterado en base,
293,2026-08-23 06:29:09,120363042493725288@g.us,214482211094536,Policía luz María Santiago Santiago con 3 mas de fuerza unidad SP _4016,
293,2026-08-23 06:47:09,120363042493725288@g.us,213554649145471,"El paciente decide quedarse en el domicilio, se queda con recomendaciones verbales código verde",
293,2026-08-23 06:53:46,120363042493725288@g.us,214482211094536,Unidad 098 en base,
293,2026-08-23 07:19:09,120363042493725288@g.us,213554649145471,"*FECHA*  23/ 08/2026
*AMBULANCIA*  U-098
*OPERADOR* José Luis Prieto
*PARAMEDICO* Jorge Luna 
*TERCERO ABORDO*
*NOMBRE DEL PACIENTE* 
Juan Vidaña Garduza  
*FECHA DE NACIMIENTO:* 
12/12/1968
*DIRECCIÓN DEL SERVICIO*  
Circuito Saturno nte 
Fraccionamiento Puente Moreno 
*TIPO DE SERVICIO* 
Urgencia
*T/A* 140/80
*F/C* 120
*F/R*  17
 *Spo2*  97%
 *TEMPERATURA* 36.0
*GLUCOSA OPCIONAL* 
*EDAD* 58 años 
*ORIGINARIO (A)* 
No aporta 
*DESCRIPCIÓN DE LO OCURRIDO*
Refiere agresión directa por un individuo desconocido con un arma blanca 
Se limita a aportar más datos  

*DIAGNÓSTICO* 
Herida lacerante en el tercio medio de la  segunda falange de la mano izquierda+ 
Elevación de la T/a sistolica PB reactiva 
+ Taquicardia 
*HOSPITAL  DE TRASLADO* 
Nego traslado, firma deslinde 
 *RECIBE*  N/a 
*CÓDIGO* Verde 
*OBSERVACIONES* 
Elevación de la T/a sistólica PB reactiva .
Glasgow 15
Reacción pupilar adecuada. 
Coordinación y motricidad  de la extremidad integra
Px con aliento alcohólico  y PB uso de sustancias estimulantes. 

*ANTECEDENTES PATOLOGICOS*
Negados 
*ANTECEDENTES  NO PATOLOGICOS*
Alcohol 
*ALERGIAS* Negadas   
 *MEDICAMENTOS* 
 Negados 
*AUTORIDAD EN EL LUGAR* ninguna 
*SEGURO* No
*DESPACHA* 
C5 911",
293,2026-08-23 07:57:26,120363042493725288@g.us,Você,"*Reporte al 9-1-1 (PRELIMINAR)*
Fecha y Hora: *23/08/2026 01:38:51*
Asunto: *DOLOR ABDOMINAL/URGENCIA ABDOMINAL*
Colonia: *CENTRO*
Calle: *FRANCISCO I MADERO 49*
Entre calles: *BENITO JUAREZ Y NIÑOS HEROES*
Referencia: *CERCA DE UN SPA DE PIES Y MANOS*
Localidad: *MEDELLIN*
Municipio: *MEDELLIN DE BRAVO*
*Ubicación:*https://www.google.com/maps/place/19.058047521815,-96.159388703083
*Resumen de evento*
     menor de 17 años con dolor de abdomen",
293,2026-08-23 08:08:10,120363042493725288@g.us,43465723384010,Unidad 208 sale de base,
293,2026-08-23 08:38:18,120363042493725288@g.us,72104464666678,Unidad 208 en el lugar,
293,2026-08-23 08:43:59,120363042493725288@g.us,43465723384010,Unidad 208 traslada a hospital general de boca del río,
293,2026-08-23 09:15:06,120363042493725288@g.us,43465723384010,Unidad 208 llega a hospital de boca del río,
293,2026-08-23 09:30:10,120363042493725288@g.us,43465723384010,Unidad 208 sale de hospital de boca del río y se dirige al regional de 20 de noviembre,
293,2026-08-23 09:48:29,120363042493725288@g.us,72104464666678,El tema que aquí en 20 de noviembre no lo quieren atender,
293,2026-08-23 09:48:47,120363042493725288@g.us,72104464666678,Ya venimos de boca,
293,2026-08-23 10:00:40,120363042493725288@g.us,43465723384010,Unidad 208 va camino a IMSS 71,
293,2026-08-23 10:31:16,120363042493725288@g.us,43465723384010,Unidad 208 retorna a base,
293,2026-08-23 10:45:14,120363042493725288@g.us,43465723384010,Unidad 208 en base,
295,2026-08-23 11:51:00,214774235267138@lid,214774235267138,mando buen dia tendra la novedad de la paciente embarazada de noruega norte,
295,2026-08-23 12:27:58,214774235267138@lid,Você,No mandó,3EB0DCCC50D85B26A4565A
295,2026-08-23 12:28:11,214774235267138@lid,Você,Déjame mandó,3EB0440602713467DD2B1F
296,2026-08-23 15:09:05,120363042493725288@g.us,28067678416994,"Buenos dias a todos.
Se recibió la Unidad 097 a la compañera Yaiza, sin novedades.",
296,2026-08-23 15:09:19,120363042493725288@g.us,170179606609930,Buen día,
296,2026-08-23 15:12:18,120363042493725288@g.us,60314259308792,Buenos días se recibe u-098 al compañero Jorge sin novedad,
296,2026-08-23 15:12:31,120363042493725288@g.us,170179606609930,Gracias!,ACF0D3DF95B9D8663DCA2DD55710FFE4
296,2026-08-23 15:14:39,120363042493725288@g.us,226585563119766,"Buenos dias Resivo unidad 208 sin novedad 
Al compañero Angel Camiron",
296,2026-08-23 15:15:14,120363042493725288@g.us,170179606609930,Gracias!,A50B50239259289EBCF979B71EDB738B
296,2026-08-23 15:15:33,120363042493725288@g.us,170179606609930,Equipo buen día!,
296,2026-08-23 15:18:16,120363042493725288@g.us,128733256110143,Buen y bendecido día para tod@s,3A946977D8ADBF04F951
296,2026-08-23 15:20:47,120363042493725288@g.us,244006101479643,🫡,
296,2026-08-23 15:20:53,120363042493725288@g.us,Você,U208,
296,2026-08-23 15:23:05,120363042493725288@g.us,65915584544854,Se entrega unidad 097 con las mismas novedades del aceite hidráulico y los arbolitos de allí en fuera todo sin novedad,
296,2026-08-23 15:23:08,120363042493725288@g.us,Você,U096,
296,2026-08-23 15:26:40,120363042493725288@g.us,170188213383234,Niveles correctos de la unidad 072,
296,2026-08-23 15:37:18,120363042493725288@g.us,Você,U97,
296,2026-08-23 15:39:58,120363042493725288@g.us,Você,O098,
296,2026-08-23 15:46:58,120363042493725288@g.us,128733256110143,Buenos días solicito la ambulancia para moreno seco con un paciente con insuficiencia renal y presión alta,
296,2026-08-23 15:46:58,120363042493725288@g.us,128733256110143,2295505753,
296,2026-08-23 15:47:35,120363042493725288@g.us,128733256110143,Favor de apoyar con este servicio unidad 208 ya autorizo el director,AC75CD456A3BA27E57E1723C415A8CC5
296,2026-08-23 15:48:15,120363042493725288@g.us,170179606609930,Con precaución,AC3F0A5BEFBDEB7656AD45DC10651F64
296,2026-08-23 15:50:08,120363042493725288@g.us,226585563119766,Sale unidad 208 al punto,AC75CD456A3BA27E57E1723C415A8CC5
296,2026-08-23 15:50:28,120363042493725288@g.us,128733256110143,Con precaución gracias,A5B4FE630E1B5C4DA1D7BFB89BF5C682
296,2026-08-23 15:55:27,120363042493725288@g.us,265639449067682,Sale u208,
296,2026-08-23 16:29:17,120363042493725288@g.us,265639449067682,En e punto u208,
296,2026-08-23 16:29:57,120363042493725288@g.us,Você,Enterado en base,ACC1150BBA459CA56CE22779A14C6425
296,2026-08-23 16:43:47,120363042493725288@g.us,265639449067682,Para conocimiento base se traslada ala clínica de chopo de Díaz miron,
296,2026-08-23 16:44:33,120363042493725288@g.us,128733256110143,Enterado con precaución,AC59F032061FCA144DAA0837B99A1DDF
296,2026-08-23 17:14:57,120363042493725288@g.us,265639449067682,Se llega ala clínica pero se encuentra cerrada,
296,2026-08-23 17:28:40,120363042493725288@g.us,226585563119766,"Unidad 208 se mueve para la Clinica del Chopo en avenida 20 de nov.
Para conocimiento en base",AC311C13434CA8AA12B9A228C9CB574F
296,2026-08-23 17:29:00,120363042493725288@g.us,128733256110143,Enterado con precaución gracias,A5CA20BBDD9D4EDC5FEBA909CD0739CA
296,2026-08-23 17:36:28,120363042493725288@g.us,226585563119766,"Unidad 208 en la clinica 
Del Chopo en 20 de nov",
296,2026-08-23 17:36:56,120363042493725288@g.us,128733256110143,Enterado en base,A5C0B2B10DEE0656E3300B854F954E37
296,2026-08-23 18:10:31,120363042493725288@g.us,128733256110143,Enterado en base,ACF81A220D8D5EC0DE4B4E685C21E1F8
296,2026-08-23 18:35:56,120363042493725288@g.us,265639449067682,Unidad 208 sale de la clínica Chopo al domicilio del paciente,
296,2026-08-23 18:36:08,120363042493725288@g.us,128733256110143,Enterado con precaución gracias,AC1F2BB8F6FE8B5708ADEC01FBE34949
296,2026-08-23 19:11:17,120363042493725288@g.us,226585563119766,Unidad 208 de retorno a base,
296,2026-08-23 19:11:50,120363042493725288@g.us,128733256110143,Enterado gracias,A5203D5EB19D9481BF86FEAD1D6131F8
296,2026-08-23 19:28:05,120363042493725288@g.us,170179606609930,Gracias!,AC1F2BB8F6FE8B5708ADEC01FBE34949
296,2026-08-23 19:36:42,120363042493725288@g.us,265639449067682,En base208,
296,2026-08-23 19:37:40,120363042493725288@g.us,170179606609930,https://www.facebook.com/share/p/1EjFkPwJ1F/?mibextid=wwXIfr,
296,2026-08-23 19:44:35,120363042493725288@g.us,226585563119766,"Se apoya con traslado programado al PX: Jesus Carmona Espinosa
De 78 años 
Domicilio: Rancho chico
Ala Clinica de CHOPO en av. 20 de noviembre para realizacion de Tomografia Vegiga Urinaria y de retorno a su domicilio 
Signos vitales Estables 
Dentro del parametro normal",ACF81A220D8D5EC0DE4B4E685C21E1F8
296,2026-08-23 19:45:36,120363042493725288@g.us,Você,Enterado en base gracias,A591906D892B6B97DFBD4980BFCFE016
297,2026-08-23 17:12:18,72104464666678@lid,72104464666678,"Paco buenos días, te molesto para decirte que si nos ponemos de acuerdo para poner unos contactos para el horno, cafetera y podríamos",
297,2026-08-23 17:13:30,72104464666678@lid,72104464666678,También hacer uno para afuera pero de uso industrial resistente a los elementos,
297,2026-08-23 17:33:03,72104464666678@lid,Você,Perfecto 👌 claro k si sin problema,
297,2026-08-23 17:44:53,72104464666678@lid,72104464666678,Yo tengo una chalupa para las primeros dos enchufes,
298,2026-08-23 19:27:36,132023503044706@lid,132023503044706,Buena tarde,
298,2026-08-23 19:27:52,132023503044706@lid,132023503044706,Me interesa,
298,2026-08-23 19:28:04,132023503044706@lid,132023503044706,Que costo tiene,
298,2026-08-23 19:33:22,132023503044706@lid,Você,Le pasó la información permitame,
298,2026-08-23 19:39:15,132023503044706@lid,Você,Le informo no tiene costo se les dará una constancia de ke tomaro el curso se les pide k sean puntuales y apartir de los 18 años lo pueden tomar,
298,2026-08-23 19:40:26,132023503044706@lid,Você,https://www.facebook.com/share/p/1EjFkPwJ1F/?mibextid=wwXIfr,
298,2026-08-23 19:42:36,132023503044706@lid,Você,Si le interesa es importante que nos dé su nombre completo para registrarla ya que es cupo limitado,
298,2026-08-23 19:44:08,132023503044706@lid,132023503044706,"Si me interesa, Luis Alfredo Lara Vela",
298,2026-08-23 19:48:05,132023503044706@lid,Você,Ok mañana por la mañana se les mandará un QR para k estén la pendiente de favor gracias,
298,2026-08-23 19:48:53,132023503044706@lid,Você,De nada,
299,2026-08-23 19:27:42,250469641400575@lid,250469641400575,Buenos días vi una publicación en face,
299,2026-08-23 19:27:50,250469641400575@lid,250469641400575,Que edades pueden asistir al curso,
299,2026-08-23 19:27:55,250469641400575@lid,250469641400575,Y si tiene costo,
299,2026-08-23 19:33:43,250469641400575@lid,Você,Permítame le pasó la información,
299,2026-08-23 19:39:49,250469641400575@lid,Você,Le informo no tiene costo se les dará una constancia de ke tomaro el curso se les pide k sean puntuales y apartir de los 18 años lo pueden tomar,
299,2026-08-23 19:40:26,250469641400575@lid,Você,https://www.facebook.com/share/p/1EjFkPwJ1F/?mibextid=wwXIfr,
299,2026-08-23 19:42:11,250469641400575@lid,Você,Si le interesa es importante que nos dé su nombre completo para registrarla ya que es cupo limitado,ACA615A4CE8266F6D865384C4E58D5DB
299,2026-08-23 19:47:46,250469641400575@lid,Você,Ok mañana por la mañana se les mandará un QR para k estén la pendiente de favor gracias,
299,2026-08-23 19:49:16,250469641400575@lid,250469641400575,Me interesa pero Justo ese día viajo a Jalapa lo voy a reenviar para conocidos q estén interesados le agradezco,
299,2026-08-23 19:49:29,250469641400575@lid,250469641400575,Gracis por su atencion,
299,2026-08-23 19:52:56,250469641400575@lid,Você,Ok muchas gracias,3A34D92F1D7CD9921E62
299,2026-08-23 19:53:10,250469641400575@lid,250469641400575,Le doy nombre ya pude cambiar mi viaje,
299,2026-08-23 19:53:41,250469641400575@lid,250469641400575,"Walda Alejandra Dzib Reyes 
Andy bautista Ramirez",
299,2026-08-23 19:53:47,250469641400575@lid,250469641400575,Sonos dos personas,
299,2026-08-23 19:54:08,250469641400575@lid,250469641400575,De igul manera estos enviando su información a personas q les puede interesar,
299,2026-08-23 19:54:21,250469641400575@lid,250469641400575,"Algo q debamos llevar ese día 
Alguna vestimenta",
299,2026-08-23 19:54:26,250469641400575@lid,Você,Ok mañana les estaran enviando las compañeras administrativas el QR,ACF2FD77379E3C135CA02CAD14CAE7C7
299,2026-08-23 19:54:40,250469641400575@lid,250469641400575,Gracias 🙏 estaremos pendiente,
299,2026-08-23 19:55:28,250469641400575@lid,Você,Ir con ropa cómoda pantalón de mezclilla tenis y alguna libreta para apuntes,3A308B95E41B5A95E2C4
299,2026-08-23 19:55:36,250469641400575@lid,Você,De nada,3A5623554431E444876E
299,2026-08-23 19:55:42,250469641400575@lid,250469641400575,Genial gracis lindo día,
299,2026-08-23 19:55:58,250469641400575@lid,Você,Igualmente un saludo y bendiciones,3ADF460FF67DF3062054
299,2026-08-23 19:57:46,250469641400575@lid,250469641400575,Gracais quedo al pendiente muy amable,
299,2026-08-23 19:58:03,250469641400575@lid,Você,De nada k tenga buena y bendecida tarde,3ACAA31054CBC500BBCF
300,2026-08-23 19:51:47,17338883698831@lid,17338883698831,Para inscribirme al taller de primeros auxilios,
300,2026-08-23 19:52:35,17338883698831@lid,Você,Buenas tardes le pasó la información,ACC8DF8A3195962E5B8367C0194B293C
300,2026-08-23 19:53:16,17338883698831@lid,Você,Si le interesa es importante que nos dé su nombre completo para registrarla ya que es cupo limitado,
300,2026-08-23 19:53:16,17338883698831@lid,Você,https://www.facebook.com/share/p/1EjFkPwJ1F/?mibextid=wwXIfr,
300,2026-08-23 19:53:16,17338883698831@lid,Você,Le informo no tiene costo se les dará una constancia de ke tomaro el curso se les pide k sean puntuales y apartir de los 18 años lo pueden tomar,
300,2026-08-23 19:57:55,17338883698831@lid,17338883698831,Elvira Melchor lagunes,AC28D02CC311B356BD754D217ACE5441
301,2026-08-23 19:56:04,18361488507119@lid,18361488507119,Buenas tardes disculpe para asistir al taller de primeros auxilios??,
301,2026-08-23 19:57:03,18361488507119@lid,Você,Si le interesa es importante que nos dé su nombre completo para registrarla ya que es cupo limitado,
301,2026-08-23 19:57:03,18361488507119@lid,Você,https://www.facebook.com/share/p/1EjFkPwJ1F/?mibextid=wwXIfr,
301,2026-08-23 19:57:03,18361488507119@lid,Você,Le informo no tiene costo se les dará una constancia de ke tomaro el curso se les pide k sean puntuales y apartir de los 18 años lo pueden tomar,
301,2026-08-23 19:57:03,18361488507119@lid,Você,Buenas tardes le pasó la información,
301,2026-08-23 19:58:28,18361488507119@lid,18361488507119,Si me anota   por favor   Yadira del carmen  Mendez valencia,
302,2026-08-23 19:56:36,61448382329046@lid,Você,Si le interesa es importante que nos dé su nombre completo para registrarla ya que es cupo limitado,
302,2026-08-23 19:56:36,61448382329046@lid,Você,https://www.facebook.com/share/p/1EjFkPwJ1F/?mibextid=wwXIfr,
302,2026-08-23 19:56:36,61448382329046@lid,Você,Le informo no tiene costo se les dará una constancia de ke tomaro el curso se les pide k sean puntuales y apartir de los 18 años lo pueden tomar,
302,2026-08-23 19:56:36,61448382329046@lid,Você,Buenas tardes le pasó la información,
303,2026-08-23 19:56:58,266129075372180@lid,266129075372180,"Hola, buenas tardes",
303,2026-08-23 19:57:15,266129075372180@lid,266129075372180,Me da información sobre este taller,
303,2026-08-23 19:57:18,266129075372180@lid,Você,Buenas tardes le pasó información,
303,2026-08-23 19:57:20,266129075372180@lid,266129075372180,"Porfavor,  gracias",
303,2026-08-23 19:57:34,266129075372180@lid,Você,Si le interesa es importante que nos dé su nombre completo para registrarla ya que es cupo limitado,
303,2026-08-23 19:57:34,266129075372180@lid,Você,https://www.facebook.com/share/p/1EjFkPwJ1F/?mibextid=wwXIfr,
303,2026-08-23 19:57:34,266129075372180@lid,Você,Le informo no tiene costo se les dará una constancia de ke tomaro el curso se les pide k sean puntuales y apartir de los 18 años lo pueden tomar,
304,2026-08-23 20:17:05,33642747306117@lid,33642747306117,Hola buenas tardes. Para anotarme para el curso del 28 de agosto de primeros auxilios,
304,2026-08-23 20:48:52,33642747306117@lid,Você,Si le interesa es importante que nos dé su nombre completo para registrarla ya que es cupo limitado,
304,2026-08-23 20:48:52,33642747306117@lid,Você,https://www.facebook.com/share/p/1EjFkPwJ1F/?mibextid=wwXIfr,
304,2026-08-23 20:48:52,33642747306117@lid,Você,Le informo no tiene costo se les dará una constancia de ke tomaro el curso se les pide k sean puntuales y apartir de los 18 años lo pueden tomar,
305,2026-08-23 20:47:38,125580951465994@lid,125580951465994,Me podria dar información,
305,2026-08-23 20:47:55,125580951465994@lid,125580951465994,Taller primeros auxilios,
305,2026-08-23 20:48:03,125580951465994@lid,125580951465994,Por favor,
305,2026-08-23 20:49:05,125580951465994@lid,Você,Si le interesa es importante que nos dé su nombre completo para registrarla ya que es cupo limitado,
305,2026-08-23 20:49:05,125580951465994@lid,Você,https://www.facebook.com/share/p/1EjFkPwJ1F/?mibextid=wwXIfr,
305,2026-08-23 20:49:05,125580951465994@lid,Você,Le informo no tiene costo se les dará una constancia de ke tomaro el curso se les pide k sean puntuales y apartir de los 18 años lo pueden tomar,
305,2026-08-23 20:50:35,125580951465994@lid,125580951465994,Disculpe solo es un dia,
305,2026-08-23 20:50:44,125580951465994@lid,125580951465994,Cuantos dias el curso,
305,2026-08-23 20:54:29,125580951465994@lid,125580951465994,"L
Beatriz cecilia zamora juarez",ACA6D5D85909821F4CDAB34F4941B5D8
305,2026-08-23 20:54:43,125580951465994@lid,125580951465994,Laura Herrera Martinez,
305,2026-08-23 20:54:54,125580951465994@lid,125580951465994,Por favor,
305,2026-08-23 20:54:57,125580951465994@lid,Você,Serían dos,
306,2026-08-23 20:50:36,193274249773237@lid,193274249773237,Hola buenas tardes para apartar 2 lugares para el taller que va a ver de primeros auxilios?,
306,2026-08-23 20:51:56,193274249773237@lid,193274249773237,Hola buenas tardes para apartar 2 lugares para el taller que va a ver,
306,2026-08-23 20:52:36,193274249773237@lid,Você,Si le interesa es importante que nos dé su nombre completo para registrarla ya que es cupo limitado,
306,2026-08-23 20:52:36,193274249773237@lid,Você,https://www.facebook.com/share/p/1EjFkPwJ1F/?mibextid=wwXIfr,
306,2026-08-23 20:52:36,193274249773237@lid,Você,Le informo no tiene costo se les dará una constancia de ke tomaro el curso se les pide k sean puntuales y apartir de los 18 años lo pueden tomar,
306,2026-08-23 20:53:23,193274249773237@lid,193274249773237,"Si claro 
Mercedes Carabarin Morales",
306,2026-08-23 20:54:35,193274249773237@lid,193274249773237,Y María Jose Carabarin Morales,
306,2026-08-23 20:57:27,193274249773237@lid,Você,Gracias ya las anoté,
306,2026-08-23 20:57:59,193274249773237@lid,193274249773237,A usted,
307,2026-08-23 21:00:10,223733570633828@lid,223733570633828,https://www.facebook.com/share/p/1EnhfWLaGK/,
307,2026-08-23 21:02:56,223733570633828@lid,Você,Si le interesa es importante que nos dé su nombre completo para registrarla ya que es cupo limitado,
307,2026-08-23 21:02:56,223733570633828@lid,Você,Le informo no tiene costo se les dará una constancia de ke tomaro el curso se les pide k sean puntuales y apartir de los 18 años lo pueden tomar,
307,2026-08-23 21:04:09,223733570633828@lid,223733570633828,Nelly piedras Andrade,
307,2026-08-23 21:14:00,223733570633828@lid,223733570633828,Tengo q llevar algo ?,
307,2026-08-23 21:42:26,223733570633828@lid,Você,En un rato le mandamos el QR y pondría sus datos,
307,2026-08-23 21:49:15,223733570633828@lid,223733570633828,Ok gracias,
309,2026-08-23 21:30:03,239878856003600@lid,239878856003600,Buenas tardes para saber sobre el taller del primeros auxilios,
309,2026-08-23 21:38:30,239878856003600@lid,Você,Si le interesa es importante que nos dé su nombre completo para registrarla ya que es cupo limitado,
309,2026-08-23 21:38:30,239878856003600@lid,Você,Le informo no tiene costo se les dará una constancia de ke tomaro el curso se les pide k sean puntuales y apartir de los 18 años lo pueden tomar,
309,2026-08-23 21:41:03,239878856003600@lid,239878856003600,Daniela Guadalupe Hernández Peña,
309,2026-08-23 21:41:25,239878856003600@lid,Você,Listo sería nada más 1,
309,2026-08-23 21:41:51,239878856003600@lid,239878856003600,Y Silvia Peña Ramírez,
309,2026-08-23 21:44:08,239878856003600@lid,Você,Listo,
309,2026-08-23 22:00:24,239878856003600@lid,Você,Para servirle nos vemos el 28 de agosto,
310,2026-08-23 21:32:01,33797215092883@lid,33797215092883,Me podrá dar información,
310,2026-08-23 21:33:22,33797215092883@lid,33797215092883,https://www.facebook.com/share/p/181URXyEhM/,
310,2026-08-23 21:40:39,33797215092883@lid,Você,Si le interesa es importante que nos dé su nombre completo para registrarla ya que es cupo limitado,
310,2026-08-23 21:40:39,33797215092883@lid,Você,Le informo no tiene costo se les dará una constancia de ke tomaro el curso se les pide k sean puntuales y apartir de los 18 años lo pueden tomar,
310,2026-08-23 22:44:49,33797215092883@lid,33797215092883,Julieta irayt Contreras romero,
310,2026-08-23 23:03:58,33797215092883@lid,Você,"Okis, listo",
310,2026-08-23 23:15:40,33797215092883@lid,33797215092883,Algun número o solo así me presento,
310,2026-08-23 23:15:51,33797215092883@lid,Você,En un rato les mandaremos un QR vale,
311,2026-08-23 21:39:56,50603338297502@lid,50603338297502,Información para el taller de primeros auxilios,
311,2026-08-23 21:40:04,50603338297502@lid,Você,Si le interesa es importante que nos dé su nombre completo para registrarla ya que es cupo limitado,
311,2026-08-23 21:40:04,50603338297502@lid,Você,Le informo no tiene costo se les dará una constancia de ke tomaro el curso se les pide k sean puntuales y apartir de los 18 años lo pueden tomar,
311,2026-08-23 21:42:35,50603338297502@lid,50603338297502,Nancy Arely Elizalde Montoya,
311,2026-08-23 21:44:01,50603338297502@lid,Você,Listo sería una persona nada más,
311,2026-08-23 22:19:57,50603338297502@lid,50603338297502,Si una gracias,
312,2026-08-23 21:51:45,69733172945051@lid,Você,De protección civil,
312,2026-08-23 21:51:52,69733172945051@lid,Você,Únicamente espero su nombre vale,
312,2026-08-23 21:52:13,69733172945051@lid,69733172945051,Patricia Hernandez Baños,
312,2026-08-23 21:53:01,69733172945051@lid,69733172945051,Lo ví por feisbok,
312,2026-08-23 21:53:17,69733172945051@lid,Você,"Okis gracias, en un rato le mandamos un QR para terminar con su registro",
312,2026-08-23 21:53:19,69733172945051@lid,Você,Sip,ACE51ED73F104BF6C6538E8211E64CD7
312,2026-08-23 21:53:34,69733172945051@lid,69733172945051,"Si, gracias a tí por contactarme ☺️☺️",
312,2026-08-23 21:53:41,69733172945051@lid,Você,Para servirle,
313,2026-08-23 21:53:48,223171349344391@lid,223171349344391,Hola buenas tardes Una pregunta están solicitando gente o no están solicitando gente para trabajar ahí,
313,2026-08-23 21:59:54,223171349344391@lid,Você,"No, ciudadano eso es directo con RH... 
Aquí este número es de emergencias.",
313,2026-08-23 22:10:51,223171349344391@lid,223171349344391,Okay muchas gracias Es que yo preguntaba pues si necesitaban más gente Pues yo tengo dos certificados de uno de primeros Auxilio y uno de primeros incendios,
314,2026-08-23 22:17:13,120363042493725288@g.us,136734830530561,"Solicita apoyo  irais Morales López del 2293035916 en Circuito argentina norte 43009, que en la parte de afuera del edificio sobre el descanzo de las escaleras un enjambre de abejas, ella comenta vive en el depto 1 y tiene un bebé y  andan alrededor",
314,2026-08-23 22:17:39,120363042493725288@g.us,170179606609930,https://www.facebook.com/share/1ENQsz3y2c/?mibextid=wwXIfr,
314,2026-08-23 22:18:12,120363042493725288@g.us,170179606609930,Hay que ponerle agua solo dejen recomendaciones,ACD1541E3FEA28B332516287800C53B0
314,2026-08-23 22:19:52,120363042493725288@g.us,128733256110143,Enterado sale unidad 096 a checar el tema,ACD1541E3FEA28B332516287800C53B0
314,2026-08-23 22:26:03,120363042493725288@g.us,170188213383234,Sale unidad 096 a reporte de enjambre de abejas en Puente Moreno Circuito Argentina #43009,
314,2026-08-23 22:35:50,120363042493725288@g.us,170188213383234,Unidad en el punto,
314,2026-08-23 22:37:15,120363042493725288@g.us,128733256110143,Enterado en base,AC0D2F46209F494F4A7628E9A7C6271D
314,2026-08-23 22:44:46,120363042493725288@g.us,198930738487413,Se señalizado el área y se dejan recomendaciones a vervales,
314,2026-08-23 22:46:23,120363042493725288@g.us,170188213383234,Unidad 096 retorna a base,
314,2026-08-23 22:53:45,120363042493725288@g.us,60314259308792,"Roberto de Jesús maza Corro  de arboledas San Ramón, se acerca a la base para pedir revisión porque un perro lo mordió, se realiza curación menor y se dan recomendaciones verbales, no amerita traslado.",
314,2026-08-23 22:54:43,120363042493725288@g.us,170188213383234,Unidad 096 en base,
314,2026-08-23 23:55:57,120363042493725288@g.us,128733256110143,Sale unidad 097 al servicio,AC71764F91147FE90E5A31B1F5A53438
314,2026-08-24 00:07:29,120363042493725288@g.us,128733256110143,097 en el punto,AC71764F91147FE90E5A31B1F5A53438
314,2026-08-24 00:18:56,120363042493725288@g.us,28067678416994,Unidad 097 traslada a femenina a el ISSSTE.,
314,2026-08-24 00:20:54,120363042493725288@g.us,170188213383234,Enterado en base,AC0C4D85C8E69D34F7A36C46F068EBF2
314,2026-08-24 00:38:14,120363042493725288@g.us,128733256110143,097 en el ISSSTE,AC0C4D85C8E69D34F7A36C46F068EBF2
314,2026-08-24 00:46:26,120363042493725288@g.us,135450517885035,"a los enjambres ,no echarles agua,ni insecticidas,  es posible que vayan de paso, no torearlas si no se van aquitar.",
314,2026-08-24 00:46:56,120363042493725288@g.us,170179606609930,Es correcto,AC33DF6FB638A974D8D340050EB61F52
314,2026-08-24 01:00:52,120363042493725288@g.us,136734830530561,"Solo se les da el consejo de ponerles agua azucarada y estar a distancia de ellas, no molestarlas",AC33DF6FB638A974D8D340050EB61F52
314,2026-08-24 01:12:50,120363042493725288@g.us,28067678416994,"Unidad 097 sale del ISSSTE, 10 a 58.",
314,2026-08-24 01:18:03,120363042493725288@g.us,226585563119766,Enterados en base,AC7B7E6DF756923ABD6A516CD6E1010B
314,2026-08-24 01:30:32,120363042493725288@g.us,28067678416994,Unidad 097 ya en 58.,
315,2026-08-23 22:33:56,71056039661621@lid,71056039661621,"Buenas tardes 
Disculpe , para inscribir al taller del día 28 , me puede dar informes ?",
315,2026-08-23 22:54:04,71056039661621@lid,Você,Si le interesa es importante que nos dé su nombre completo para registrarla ya que es cupo limitado,
315,2026-08-23 22:54:04,71056039661621@lid,Você,Le informo no tiene costo se les dará una constancia de ke tomaro el curso se les pide k sean puntuales y apartir de los 18 años lo pueden tomar,
315,2026-08-23 22:55:05,71056039661621@lid,71056039661621,"BRUNO RODRÍGUEZ PAROLA 
EDAD : 24 años",
315,2026-08-23 22:59:26,71056039661621@lid,Você,En un rato mandamos el QR,
315,2026-08-23 22:59:54,71056039661621@lid,71056039661621,Muchísimas gracias 🙏,
315,2026-08-23 23:08:35,71056039661621@lid,Você,Para servirle,
316,2026-08-23 22:51:06,182274217771158@lid,182274217771158,Hola buenas tardes disculpe tiene un costo extra ❓,
316,2026-08-23 22:54:21,182274217771158@lid,Você,Ningun costo,3AE7E3BE35D344B12E4C
316,2026-08-23 22:54:59,182274217771158@lid,182274217771158,Es de lunes a viernes disculpe ❓,
316,2026-08-23 22:55:44,182274217771158@lid,182274217771158,Que tengo que llevar disculpe o mandarle para inscribirme,
316,2026-08-23 22:56:43,182274217771158@lid,Você,Sele va a mandar un QR,
316,2026-08-23 22:57:42,182274217771158@lid,182274217771158,🆗,
316,2026-08-23 22:57:47,182274217771158@lid,182274217771158,"Si, está bien",
316,2026-08-23 22:59:50,182274217771158@lid,182274217771158,Es que quiero inscribirme,
316,2026-08-23 23:00:26,182274217771158@lid,Você,Me manda su nombre completo,
316,2026-08-23 23:00:43,182274217771158@lid,182274217771158,Nayely Lara Lopez,
316,2026-08-23 23:09:07,182274217771158@lid,Você,Okis va,
316,2026-08-23 23:09:15,182274217771158@lid,Você,En un rato les mandaremos un QR,
316,2026-08-23 23:11:09,182274217771158@lid,182274217771158,Muy amable,
316,2026-08-23 23:12:19,182274217771158@lid,Você,Para servirle,
316,2026-08-23 23:48:38,182274217771158@lid,182274217771158,Gracias 🙏🏻,
317,2026-08-23 22:51:25,106463783571483@lid,106463783571483,Hola buenas tardes,
317,2026-08-23 22:51:28,106463783571483@lid,106463783571483,Me gustaría inscribirme,
317,2026-08-23 22:57:39,106463783571483@lid,Você,Cuál es su nombre completo,
317,2026-08-23 22:57:44,106463783571483@lid,Você,Llegó un momento le mandamos su QR,
317,2026-08-23 23:14:26,106463783571483@lid,106463783571483,Paulina de los angeles Rojas aguayo,
317,2026-08-23 23:17:16,106463783571483@lid,Você,Listo,
317,2026-08-23 23:18:23,106463783571483@lid,106463783571483,En dónde será?,
317,2026-08-23 23:18:28,106463783571483@lid,106463783571483,Okk!,AC673D2B754482A6ADCA413B3D4AED73
317,2026-08-23 23:36:20,106463783571483@lid,Você,En sala de cabildo,ACC350A69ABEE330C0A9B36F48AB445A
317,2026-08-23 23:39:37,106463783571483@lid,106463783571483,Ok gracias,
317,2026-08-23 23:51:38,106463783571483@lid,Você,Para servirle,
318,2026-08-23 22:54:58,275298847326421@lid,275298847326421,Hola buenas tardes 🙏🏻,
318,2026-08-23 22:55:09,275298847326421@lid,275298847326421,Podría brindarme información,
318,2026-08-23 22:59:47,275298847326421@lid,Você,Me mandarías su nombre completo y en un momento le mandamos un QR,
318,2026-08-23 23:00:41,275298847326421@lid,275298847326421,Quisiera saber si aún hay cupo disponible ☺️. Soy maestra y me gustaría que los compañeros de la escuela en donde laboro pueda asistir también,
318,2026-08-23 23:01:14,275298847326421@lid,275298847326421,Y saber si tiene algún costo ?,
318,2026-08-23 23:01:16,275298847326421@lid,Você,Cuántos serían en total,
318,2026-08-23 23:01:26,275298847326421@lid,Você,Todo es gratuito,3A5058B02B57C5F49887
318,2026-08-23 23:05:22,275298847326421@lid,275298847326421,10,AC5342334E0FD79127E99A2ECA478164
318,2026-08-23 23:05:36,275298847326421@lid,275298847326421,Quisiera saber para poder platicarlo con mi directora,
318,2026-08-23 23:07:15,275298847326421@lid,Você,Mire me comenta mi superior que lo que podríamos hacer es agendarles uno en su escuela,
318,2026-08-23 23:07:22,275298847326421@lid,Você,Personalizado,
318,2026-08-23 23:08:03,275298847326421@lid,Você,"Únicamente tendria que hacer un oficio dirigido a la dirección de protección civil, para que se agenden fechas y se haga el movimiento, e iríamos directamente",
318,2026-08-23 23:10:44,275298847326421@lid,275298847326421,"Okei perfecto, le brindaré esta información a la directora y seguimos en contacto muchas gracias !",ACE4FA9EDE641EC2E53A377D65ACC668
318,2026-08-23 23:12:01,275298847326421@lid,275298847326421,"Mucho gusto, soy la maestra Isabel campos. De la escuela primaria  Gabriela Mistral !",
318,2026-08-23 23:12:40,275298847326421@lid,Você,"Claro que sí, para servirle",3ADD39FD9A458D3F7155
318,2026-08-23 23:12:57,275298847326421@lid,Você,"Un placer, cualquier cosa estamos para servirle ☺️",3A449B582EC2E53155AA
319,2026-08-23 23:08:04,207752215400589@lid,207752215400589,"Buen día 
Información para participar en el Taller de Primeros Auxilios...",
319,2026-08-23 23:09:39,207752215400589@lid,Você,Hola que tal,
319,2026-08-23 23:09:59,207752215400589@lid,Você,"Si, el curso es gratuito, únicamente necesitamos su nombre completo",
319,2026-08-23 23:10:17,207752215400589@lid,207752215400589,Daniel Illescas Pérez,
319,2026-08-23 23:10:48,207752215400589@lid,Você,"Okis, en un rato les compartíamos un QR para terminar con su registro",
319,2026-08-23 23:11:02,207752215400589@lid,Você,"Se les dará una constancia de que hicieron el curso, vale",
319,2026-08-23 23:11:04,207752215400589@lid,Você,Para servirle,A56EA8B9108CA7B617BAA7E70EA48AB9
320,2026-08-23 23:20:04,270883738406964@lid,270883738406964,"Buenas tardes,  me puede dar mas detalles  de la publicación del taller de primeros Auxilios.",
320,2026-08-23 23:36:34,270883738406964@lid,Você,"Hola buenas tardes, si, es totalmente gratuito",
320,2026-08-23 23:36:45,270883738406964@lid,Você,Sin embargo ya no tenemos lugar disponibles para esta fecha,
320,2026-08-23 23:36:56,270883738406964@lid,Você,Agendaremos otra y haremos la publicación,
320,2026-08-23 23:37:02,270883738406964@lid,270883738406964,Tiene otra fechas,
320,2026-08-23 23:37:02,270883738406964@lid,Você,Una disculpa y gracias,
320,2026-08-23 23:37:07,270883738406964@lid,270883738406964,Ok gracias,
320,2026-08-23 23:37:09,270883738406964@lid,Você,Estamos por agendarlas,AC9561A4A7D71E7B9B4C09A4BE47DC3E
320,2026-08-23 23:37:18,270883738406964@lid,Você,Haremos la publicación va,
320,2026-08-23 23:37:32,270883738406964@lid,Você,Para servirle,
321,2026-08-23 23:31:20,100596807934070@lid,100596807934070,Buenas tardes tiene costo?,
321,2026-08-23 23:33:31,100596807934070@lid,Você,Hola buenas tardes es totalmente gratuito,
321,2026-08-23 23:35:21,100596807934070@lid,Você,"Sin embargo ya no tenemos lugares disponibles, agendaremos otra fecha, y la publicaremos, una disculpa y gracias",
321,2026-08-23 23:36:04,100596807934070@lid,100596807934070,Muchas gracias estaré al pendiente,
321,2026-08-23 23:37:27,100596807934070@lid,Você,"Gracias, para servirle",
323,2026-08-23 23:57:33,33642747306117@lid,33642747306117,Si porfa,
323,2026-08-23 23:57:41,33642747306117@lid,33642747306117,Ana Laura valdez Rodríguez,
323,2026-08-23 23:58:45,33642747306117@lid,Você,"Hola buenas tardes, disculpe ya nos quedamos sin cupo para esa fecha",
323,2026-08-23 23:58:53,33642747306117@lid,Você,Aperturaremos una nueva,
323,2026-08-23 23:59:03,33642747306117@lid,Você,Publicaremos el flyer igual en facebook,
323,2026-08-23 23:59:06,33642747306117@lid,Você,Una disculpa,
323,2026-08-23 23:59:11,33642747306117@lid,33642747306117,🥺,
323,2026-08-23 23:59:42,33642747306117@lid,Você,"Si, disculpe, es que nos mandaron mensajes más personas y nos demoró en responder",
323,2026-08-24 00:04:36,33642747306117@lid,33642747306117,Bueno espero a la siguiente convocatoria,
327,2026-08-24 01:38:40,142906614669477@lid,142906614669477,"Buenas noches, me quiero inscribir al curso.",
327,2026-08-24 01:39:18,142906614669477@lid,142906614669477,Qué requisitos piden ?,
327,2026-08-24 03:06:09,142906614669477@lid,Você,Buenas noches m podría dar su nombre completo y mañana por la mañana le mandarán un QR el personal administrativo de PC,
327,2026-08-24 03:15:54,142906614669477@lid,142906614669477,Gilberto Molina Quintal,
327,2026-08-24 03:15:58,142906614669477@lid,142906614669477,Gracias y buena noche.,
328,2026-08-24 02:12:36,41850312347757@lid,41850312347757,Buenas noches tiene algún costo el curso?,
328,2026-08-24 03:07:05,41850312347757@lid,Você,No tiene costo si se kiere inscribir regáleme su nombre completo y mañana el personal administrativo le envía un QR para más datos,AC55DC7FDAFEB4575BE79B52C7D838F1
328,2026-08-24 03:20:01,41850312347757@lid,41850312347757,Si por favor,
328,2026-08-24 03:20:06,41850312347757@lid,41850312347757,Francisca Guevara Mendoza,
328,2026-08-24 03:20:54,41850312347757@lid,41850312347757,Gracias a usted 🤝,
329,2026-08-24 02:59:35,71056039661621@lid,71056039661621,"No me llego el qr 
Ya mañana sería ? O en el transcurso de la semana ?",
329,2026-08-24 03:05:12,71056039661621@lid,Você,Disculpe si sería mañana k entre el personal administrativo,3A2C132D44E2AF34AAC3
329,2026-08-24 03:05:56,71056039661621@lid,71056039661621,"Okis
Muchas gracias",
329,2026-08-24 03:06:02,71056039661621@lid,71056039661621,Buena noche,
329,2026-08-24 03:07:33,71056039661621@lid,Você,Buena noche,3AFE0D85C435361897BE
332,2026-08-24 03:12:16,33213015679224@lid,Você,Buenas noches si mire el gratis apartir de los 18 lo pueden tomar solo necesitamos su nombre completo y mañana el personal administrativo le enviará por este medio un QR para su registro,ACF6AD455C22910B84A2794837AA0F91
332,2026-08-24 04:25:49,33213015679224@lid,33213015679224,Mónica De La Llave Torres,
332,2026-08-24 04:47:24,33213015679224@lid,Você,Buena noche,AC7877E362B74615355672637B8B9222
333,2026-08-24 03:28:58,211243872854017@lid,211243872854017,"Buenas noches 
Me gustaría información",
333,2026-08-24 03:29:55,211243872854017@lid,Você,Buenas noches regáleme su nombre y mañana el personal administrativo le enviará información y un QR para el registro,
333,2026-08-24 03:30:46,211243872854017@lid,211243872854017,"Gema Isabel 
Gracias",
333,2026-08-24 03:31:11,211243872854017@lid,Você,De nada,ACB0031AFAA3CE94DB4939F6537DC682
335,2026-08-24 03:34:57,120363042493725288@g.us,Você,"*Reporte al 9-1-1 (PRELIMINAR)*
Fecha y Hora: *23/08/2026 21:25:48*
Asunto: *FALLA ELÉCTRICA-CORTOCIRCUITO*
Colonia: *EL ATRANCON*
Calle: *CARRETERA EL TEJAR -MEDELLIN S/N*
Entre calles: *CARRETERA COSTERA DEL GOLFO*
Referencia: *POR ABARROTES ESCAMILLA*
Localidad: *EL ATRANCÓN*
Municipio: *MEDELLIN DE BRAVO*
*Ubicación:*https://www.google.com/maps/place/19.065283602436,-96.175262704856
*Resumen de evento*
Aquí es mando",
335,2026-08-24 03:35:23,120363042493725288@g.us,Você,Favor de acudir unidad 096 a checar ese reporte Luis y Angel,ACBFB54ADA734DF13AE1D22ECDA74A1C
335,2026-08-24 03:40:12,120363042493725288@g.us,170188213383234,Unidad 096 sale a reporte de corto circuito,
335,2026-08-24 03:40:47,120363042493725288@g.us,128733256110143,Con precaución gracias,AC08B29B787B69F4B2106070493A3A00
335,2026-08-24 03:53:36,120363042493725288@g.us,170188213383234,Unidad. 096 en el punto,
335,2026-08-24 03:53:50,120363042493725288@g.us,128733256110143,Enterado ahí con cuidado,ACC2D87C652F0E42F218AF4700C4BC04
335,2026-08-24 03:57:29,120363042493725288@g.us,170188213383234,Al llegar al lugar no se observa nada de lo reportado se  observa separación de canilla con cable,
335,2026-08-24 04:00:44,120363042493725288@g.us,128733256110143,Enterado den un recorrido y si no encuentran nada retornen a base,ACBF2B904878C91EA242B37EEC82E653
335,2026-08-24 04:03:17,120363042493725288@g.us,198930738487413,Se realiza recorrido por el área no encontrando nada de lo reportado retornamos a base,
335,2026-08-24 04:17:35,120363042493725288@g.us,170188213383234,Unidad 096 en base,
335,2026-08-24 04:18:01,120363042493725288@g.us,128733256110143,Enterado en base,ACFDC87EDB59E58573D5EC709B6526F3
336,2026-08-24 05:34:43,214774235267138@lid,214774235267138,Buenas mando ¿Tiene novedad del reporte de cables? 👀,
336,2026-08-24 05:43:40,214774235267138@lid,Você,Fue la unidad 96 pero no encontraron nada si estaba la colonia si. Luz pero por una canilla k se reventó,3EB0DDE0A4105A75F5E2AF
336,2026-08-24 05:44:29,214774235267138@lid,214774235267138,"Muy bien, gracias mando ☺️",
337,2026-08-24 12:42:56,120363042493725288@g.us,170179606609930,Buen día equipo nos vemos en el homenaje guardia entrante,
337,2026-08-24 12:43:28,120363042493725288@g.us,Você,Buen y bendecido dia jefe afirmativo,3AA4149CA7A52BA3EE20
337,2026-08-24 12:43:55,120363042493725288@g.us,135450517885035,"buen dia a todos , alguna novedad.",
337,2026-08-24 12:44:21,120363042493725288@g.us,Você,Sin novedad la guardia lic pastor gracias a Dios,AC984B3F73FCB722CC7B0A809703A7A8
337,2026-08-24 12:44:57,120363042493725288@g.us,135450517885035,Muy bie. gracias.,
337,2026-08-24 13:08:54,120363042493725288@g.us,170188213383234,Niveles correctos de la unidad 072,
337,2026-08-24 13:09:04,120363042493725288@g.us,170188213383234,Unidad 072 sale a carga de agua en grupo más,
337,2026-08-24 13:09:35,120363042493725288@g.us,128733256110143,Enterado con precaución,ACED47797D71F76710926A511740EFC9
337,2026-08-24 13:17:44,120363042493725288@g.us,265639449067682,U208 sale a carga de combustible,
337,2026-08-24 13:18:39,120363042493725288@g.us,128733256110143,Enterado en base,AC3F3871E6B49AD1BC0472461988E0CC
337,2026-08-24 13:40:28,120363042493725288@g.us,265639449067682,U208,
337,2026-08-24 13:50:15,120363042493725288@g.us,170188213383234,Unidad 072 en base,
337,2026-08-24 13:50:48,120363042493725288@g.us,Você,Enterado en base,ACE7B66ACB08DD47800E8CA7D6728731
337,2026-08-24 14:01:00,120363042493725288@g.us,265639449067682,U208 en base,
337,2026-08-24 14:03:40,120363042493725288@g.us,136734830530561,Unidad motorizada procede a acto cívico a cabecera,
337,2026-08-24 14:04:00,120363042493725288@g.us,65915584544854,Unidad 096 rumbo a palacio,
337,2026-08-24 14:27:01,120363042493725288@g.us,128733256110143,"Buen día novedades del día 23/08/26 PC Medellín guardia (1)

09:55 sale unidad 208 a apoyo de traslado de domicilio en moreno seco san Francisco a clínica chopo en Veracruz 13:36 retornan a base 

16:26 sale unidad 096 a atender reporte de abejas en un domicilio en lagos de puente moreno en el circuito argentina norte 43009 se llega al lugar y se acordona el área de igual manera se dejan recomendaciones 16:54 retorna a base 

17:58 sale unidad 097 a atender reporte de una femenina inconsciente en lagos de puente moreno en el circuito Irlanda norte 51301 se llega al lugar se valora y se traslada al ISSSTE de Veracruz para su atención 19:30 retornan a base 

21:40 sale unidad 096 a reporte de cables caídos con el atrancon llegan al lugar y no encuentran nada solo k no tenía luz la colonia por una canilla k se destrabó se procede a dar recomendaciones y comentar k llamarán a CFE 22:17 retornan a base 

07:09 sale la unidad 072 a carga de agua en grupo más 07:50 retorna a base 

07:17 sale la unidad 208 a carga de combustible en las Vegas en la gasolinera Repsol 08:00 retorna a base 

08:04 sale unidad 096 a acto cívico en el ayuntamiento de Medellín",
337,2026-08-24 14:27:18,120363042493725288@g.us,128733256110143,"24/08/2026
Atención población de #Veracruz.
Próximas 24-48 horas.

🔴 Ambiente caluroso al mediodía y parte de la tarde; templado a fresco por las noches y madrugadas.
🔴 Disminuye la probabilidad de lluvias y tormentas eléctricas con los máximos acumulados esperados sobre cuencas del sur, disminuyendo mañana. No descarte eventos localmente fuertes. Nieblas y neblinas eventuales. 
🔴 Viento dominante del Norte, Noreste, Este y Sureste de 20 a 35 km/h en costas. Variable con rachas en las zonas de tormentas.
🔴 Olas de 0.5 a 1.0  metros cerca de costas.

👉 Se espera que el potencial de lluvias y tormentas eléctricas 
 aumente una vez más el jueves y disminuya el fin de semana, con los máximos acumulados se prevén sobre cuencas del sur.",
337,2026-08-24 15:11:36,120363042493725288@g.us,226585563119766,"Buenos dias ;
Entrego unidad 208 sin novedad al compañero: Angel Camiron",
337,2026-08-24 15:12:04,120363042493725288@g.us,43465723384010,Se recibe unidad 208 sin novedades,
337,2026-08-24 15:24:05,120363042493725288@g.us,24395531739173,Unidad 096 regresando a base,
337,2026-08-24 15:40:20,120363042493725288@g.us,43465723384010,Se recibe unidad 097 sin novedades,
337,2026-08-24 15:41:30,120363042493725288@g.us,43465723384010,"Se recibe unidad 098,sin novedad",
337,2026-08-24 15:42:26,120363042493725288@g.us,65915584544854,Unidad 096 en base,
337,2026-08-24 15:45:03,120363042493725288@g.us,213554649145471,"Se recibe unidad 098 sin novedad 
Por parte de la compañera Ruth",
337,2026-08-24 16:52:48,120363042493725288@g.us,170179606609930,096,
337,2026-08-24 16:52:52,120363042493725288@g.us,170179606609930,Reptil,
337,2026-08-24 16:53:00,120363042493725288@g.us,170179606609930,En una tienda esa es la ubicación,
337,2026-08-24 16:56:23,120363042493725288@g.us,Você,"Pide apoyo la policía Municipal por una riña entre vecinos, están en el lugar. Hirieron en la pierna a una de ellas con un cristal",
337,2026-08-24 16:57:05,120363042493725288@g.us,Você,Está la PM 109 a cargo de Alejandra Hernández,
337,2026-08-24 16:57:34,120363042493725288@g.us,214482211094536,Enterado sale unidad 098,ACCA36F344484DF0498D6A940E658054
337,2026-08-24 16:58:28,120363042493725288@g.us,265639449067682,Sale unidad 096,3A87935E9D33EF787BC0
337,2026-08-24 17:01:25,120363042493725288@g.us,65915584544854,"Sale
Unidad 098",ACB32067027B9862B5151E5259E926E7
337,2026-08-24 17:07:06,120363042493725288@g.us,265639449067682,En el punto,3A87935E9D33EF787BC0
337,2026-08-24 17:10:15,120363042493725288@g.us,265639449067682,"Miguel Ángel Rocher 
42318 interior 2 
Circuito turquesa Sur 
Fraccionamiento lagos de Puente Moreno 
Se procede a liberar en su hábitat",
337,2026-08-24 17:10:46,120363042493725288@g.us,214482211094536,Enterado gracias,
337,2026-08-24 17:11:31,120363042493725288@g.us,65915584544854,En el punto,
337,2026-08-24 17:12:50,120363042493725288@g.us,Você,Favor de checar que hay otra persona en caseta herida en su mano por misma situación...me hablan de policía municipal para reportar esto,AC1172C5E68F09EC23787B07C2937CDA
337,2026-08-24 17:13:50,120363042493725288@g.us,65915584544854,Si ya están dándole atención,ACA750780EEF722676DD5F3D250F8A66
337,2026-08-24 17:33:59,120363042493725288@g.us,265639449067682,En base096,
337,2026-08-24 17:41:13,120363042493725288@g.us,65915584544854,Unidad 098 rumbo a Servio de mantenimiento,
337,2026-08-24 17:42:17,120363042493725288@g.us,214482211094536,Enterado con precaución,3A888F8E9945B9D6E9AC
337,2026-08-24 17:44:55,120363042493725288@g.us,65915584544854,"Datos de la unidad que correponde al incidente:
jefe operativo
Armando Hernández
Aramiz Vargas 
Unidad 110 con dos más de fuerza",
337,2026-08-24 17:51:45,120363042493725288@g.us,170179606609930,enterado gracias,
337,2026-08-24 18:06:01,120363042493725288@g.us,65915584544854,Entrado a mantenimiento,
337,2026-08-24 18:06:14,120363042493725288@g.us,65915584544854,Unidad 098,3A95579156FD6B260EEC
337,2026-08-24 18:17:05,120363042493725288@g.us,136734830530561,Motorizada procede a autozone a checar trabajos sobre carretera,
337,2026-08-24 18:21:23,120363042493725288@g.us,136734830530561,"No se obse va trabajos , sobre carretera, solo están sacando agua con bombas",
337,2026-08-24 18:31:45,120363042493725288@g.us,214482211094536,Sale unidad 097 a el punto,
337,2026-08-24 18:37:08,120363042493725288@g.us,136734830530561,Solo trabajando con sus bombas de achique,
337,2026-08-24 18:37:37,120363042493725288@g.us,170179606609930,ya la unidad en el punto de la policia municipal,
337,2026-08-24 18:37:55,120363042493725288@g.us,170179606609930,Ya esta la unidad 110,
337,2026-08-24 18:39:32,120363042493725288@g.us,214482211094536,Unidad en el punto,
337,2026-08-24 18:53:12,120363042493725288@g.us,23670235877476,"Policía Municipal Mandó Luis Alfredo Zamudio 
Con 2 más de fuerza  
Pm:110",
337,2026-08-24 18:56:19,120363042493725288@g.us,Você,"2291480006
Ciudadano Ricardo Montes de Oca 
reporta una culebra en su patio. Pide el apoyo de retirarla",
337,2026-08-24 19:02:02,120363042493725288@g.us,170179606609930,Me imaginé te dije me debes una. Coca,ACA211EEBF66590E507B7AE504CB8A0B
337,2026-08-24 19:02:42,120363042493725288@g.us,24395531739173,"*FECHA*: 24 de Agosto del 2026.
*HORA*: 11:10
*AMBULANCIA*: Unidad 098.
*OPERADOR*: Yonathan García. 
*PARAMEDICO*: Yaiza Hernández. 
*TERCERO ABORDO*:
*DIRECCIÓN DEL SERVICIO*: Rivera de la Laguna III sur 
*TIPO DE SERVICIO*: Urgencia. 
*NOMBRE DEL PACIENTE*: Zayuri Rebecca Lira Cervantes
*EDAD*: 24 años.

*T/A*: 119/90 mmHg.
*F/C*: 137 LPM.
*F/R*: 19 RPM.
 *Spo2*: 97%.
 *TEMPERATURA*: 32.3°.
*GLUC/OPCIONAL*: ...
*Glasgow*: 15 puntos. 

*ORIGINARIO ( A)*:
*DESCRIPCIÓN DE LO OCURRIDO*: Paciente refiere que su amiga la agredió con una botella de vidrio 
*DIAGNÓSTICO*: Herida cortante en el muslo de la pierna derecha. 
*HOSPITAL  DE TRASLADO*: N/A
 *RECIBE*:
*CÓDIGO*: Verde
*OBSERVACIONES*: Paciente en estado de alerta, elevación en su frecuencia cardiaca, elevación de la T/A diastólica, Glasgow de 15 
*ANTECEDENTES PATOLOGICOS*: Negado.
*ANTECEDENTES  NO PATOLOGICOS*: Negado.
*ALERGIAS*: Negado.
 *MEDICAMENTOS*:
*AUTORIDAD EN EL LUGAR*: Datos de la unidad que correponde al incidente:
jefe operativo
Armando Hernández
Aramiz Vargas 
Unidad 110 con dos más de fuerza
*SEGURO*:
*DESPACHA*:",
337,2026-08-24 19:06:45,120363042493725288@g.us,214482211094536,Unidad 097 en base,
337,2026-08-24 19:14:35,120363042493725288@g.us,265639449067682,Sale u096,AC1FACF6922F454E9E01E12009565EE9
337,2026-08-24 19:15:35,120363042493725288@g.us,213554649145471,"Px masculino de aproximadamente 40 años.
Se encuentra en evidente estado de ebriedad 
El paciente se encuentra estable 
Codigo verde 
Se le ayuda a incorporarse y se retira de la vialidad 
Se queda a cargo de seguridad pública.",
337,2026-08-24 19:21:46,120363042493725288@g.us,136734830530561,En el punto,
337,2026-08-24 19:28:44,120363042493725288@g.us,136734830530561,"ING Joaquín contreras CEL 2731550807 se le comenta vía celular  e indica que ya salió para ponerles chalecos a los trabajadores así mismo una banderola , y van a poner un vehículo de la empresa antes de los trabajos junto con el banderero",
337,2026-08-24 19:28:50,120363042493725288@g.us,265639449067682,En el punto se captura,AC1FACF6922F454E9E01E12009565EE9
337,2026-08-24 19:30:29,120363042493725288@g.us,265639449067682,Se procede a liberar a su hábitat natural,
337,2026-08-24 19:35:13,120363042493725288@g.us,194171226824727,Nombre de propietario Ricardo Montes de oca calle africa oeste 149,ACA7B46FBA5C78FE45C4F8027CFBEA69
337,2026-08-24 19:41:01,120363042493725288@g.us,136734830530561,"Queda mientras así con cinta en lo que les traen los cono, ya se le indico como colocarlos y la distancia",
337,2026-08-24 19:53:40,120363042493725288@g.us,Você,La unidad 4465vse encuentra en el lugar,
337,2026-08-24 19:53:40,120363042493725288@g.us,Você,Negativo de ser violencia una femenina esta convulcionando,
337,2026-08-24 19:53:40,120363042493725288@g.us,Você,"*Reporte al 9-1-1 (PRELIMINAR)*
Fecha y Hora: *24/08/2026 13:04:39*
Asunto: *VIOLENCIA FÍSICA CONTRA LAS MUJERES*
Colonia: *LAGOS DE PUENTE MORENO*
Calle: *CIRCUITO INGLATERRA SUR 50226*
Entre calles: *NO ESPECIFICADO*
Referencia: *NO ESPECIFICADO*
Localidad: *MEDELLIN DE BRAVO*
Municipio: *MEDELLIN DE BRAVO*
*Ubicación:*https://www.google.com/maps/place/19.095207428145,-96.169156045001
*Resumen de evento*
     REPORTAN A UN SUJETO GOLPEANDO A UNA MUJER EN LA VÍA PÚBLICA",
337,2026-08-24 19:54:15,120363042493725288@g.us,65915584544854,Cambio de bujes,
337,2026-08-24 19:57:03,120363042493725288@g.us,265639449067682,096 en base,
337,2026-08-24 19:57:56,120363042493725288@g.us,214482211094536,Sale unidad 097,ACF7D6A608A1DEA3B41C5BEEB8EA541F
337,2026-08-24 20:06:35,120363042493725288@g.us,214482211094536,Unidad en el punto,
337,2026-08-24 20:10:59,120363042493725288@g.us,136734830530561,Sale u96 a palacio y posterior a dejar oficios,
337,2026-08-24 20:14:05,120363042493725288@g.us,170179606609930,Los oficios los traigo yo,AC847FB971259C78C001E69AB2C109E8
337,2026-08-24 20:14:11,120363042493725288@g.us,170179606609930,Dónde está la 208,
337,2026-08-24 20:14:24,120363042493725288@g.us,170179606609930,La necesito aquí en el evento,
337,2026-08-24 20:14:30,120363042493725288@g.us,43465723384010,La 208 está en base,3AA4F351B288C6B242D7
337,2026-08-24 20:17:13,120363042493725288@g.us,170179606609930,Que se venga,
337,2026-08-24 20:20:15,120363042493725288@g.us,170179606609930,Gracias!,AC7B3740DE82B645ABAAF8D78A756D54
337,2026-08-24 20:33:17,120363042493725288@g.us,43465723384010,Unidad 208 en evento de palacio municipal,
337,2026-08-24 20:36:11,120363042493725288@g.us,65915584544854,Unidad 098 sale a dar vuelta de revisión,
337,2026-08-24 20:44:49,120363042493725288@g.us,65915584544854,Se hará reajuste al volante ya que queda ligeramente inclinado a la derecha y no derecho como debe ir en línea recta,
337,2026-08-24 20:51:00,120363042493725288@g.us,214482211094536,Unidad 097 en base,
337,2026-08-24 20:56:06,120363042493725288@g.us,265639449067682,UO72 vuelve a rellenar tinaco de la base de PC,
337,2026-08-24 21:57:27,120363042493725288@g.us,170179606609930,https://www.facebook.com/share/p/1Bn5SfWrA3/,
337,2026-08-24 21:57:50,120363042493725288@g.us,170179606609930,Puede atender este en la 096,3ACE5DEFC81C5C4A0409
337,2026-08-24 21:57:55,120363042493725288@g.us,170179606609930,Cuando se desocupe,
337,2026-08-24 21:58:15,120363042493725288@g.us,170179606609930,Hoy está el traslado de la hemodiálisis,
337,2026-08-24 22:00:41,120363042493725288@g.us,Você,"ya esta la unidad disponible en presidencia, le comente al coordinador",
337,2026-08-24 22:01:05,120363042493725288@g.us,Você,el vehiculo en la noche se debe dejar allá en palacio y las llaves con el velador,
337,2026-08-24 22:02:29,120363042493725288@g.us,136734830530561,Voy rumbo para atender el traslado en carro particular,3A209C03BE17074FD411
337,2026-08-24 22:08:33,120363042493725288@g.us,170179606609930,Gracias cadenas,3EB0B1ACB0AF1E084D3195
337,2026-08-24 22:17:26,120363042493725288@g.us,136734830530561,Retorna a base unidad 096,
337,2026-08-24 22:25:41,120363042493725288@g.us,136734830530561,Procedo en la unidad Versa saliendo de palacio hacia el domicilio de la persona para hacerle el traslado a hemodiálisis a venta de noviembre,
337,2026-08-24 22:35:51,120363042493725288@g.us,170179606609930,Inconsciente,
337,2026-08-24 22:35:58,120363042493725288@g.us,170179606609930,Me reportan masculino,
337,2026-08-24 22:36:37,120363042493725288@g.us,Você,18,
337,2026-08-24 22:40:02,120363042493725288@g.us,213554649145471,En ruta la 097,3A8574A06BFCAC7ACD97
337,2026-08-24 22:45:18,120363042493725288@g.us,214482211094536,Unidad 097 en el punto,
337,2026-08-24 22:46:06,120363042493725288@g.us,265639449067682,U096,
337,2026-08-24 23:04:26,120363042493725288@g.us,213554649145471,"Masculino de 89 años 
Refieren familiares que solicitaron la ambulancia para paciente postrado en cama con indicación de cuidados paliativos.
Para ingreso al hospital Sanatorio san Francisco 
Refiereren hemesis en estudio.",
337,2026-08-24 23:16:15,120363042493725288@g.us,65915584544854,Unidad 098 regresa a base,
337,2026-08-24 23:16:57,120363042493725288@g.us,136734830530561,"Entregado PX de hemodiálisis en hg 20 de noviembre, retornando",
337,2026-08-24 23:20:35,120363042493725288@g.us,170179606609930,Gracias!,
337,2026-08-24 23:23:10,120363042493725288@g.us,214482211094536,Unidad 097 en sanatorio San Francisco en espera de equipo,
337,2026-08-24 23:36:31,120363042493725288@g.us,65915584544854,Unidad 098 en base,
337,2026-08-24 23:42:49,120363042493725288@g.us,43465723384010,Ya está por terminar el evento.¿Nos retiramos ?,
337,2026-08-24 23:46:10,120363042493725288@g.us,136734830530561,Versa en base,
337,2026-08-24 23:51:10,120363042493725288@g.us,170179606609930,Sí adelante,AC797BCB5B156464B0949BD777AA5B3B
337,2026-08-24 23:54:54,120363042493725288@g.us,43465723384010,Unidad 208 retorna a base,
337,2026-08-25 00:20:16,120363042493725288@g.us,214482211094536,Unidad 097 en base,
337,2026-08-25 00:21:04,120363042493725288@g.us,43465723384010,Unidad 208 en base,
337,2026-08-25 00:21:16,120363042493725288@g.us,170179606609930,GR,ACD30584D0F25B7C0D9EF8A1037CAA14
337,2026-08-25 00:21:38,120363042493725288@g.us,214482211094536,"**Reporte al 9-1-1 (PRELIMINAR)*
Fecha y Hora: *24/08/2026 18:03:42*
Asunto: *PERSONA(S) LESIONADA(S) POR CAÍDA*
Colonia: *PASO DEL TORO*
Calle: *RIO COTAXTLA S/N*
Entre calles: *RIO VIEJO*
Referencia: *RUMBO AL RIO*
Localidad: *PASO DEL TORO*
Municipio: *MEDELLIN DE BRAVO*
*Ubicación:*https://www.google.com/maps/place/19.037582058608,-96.138252657416
*Resumen de evento*
     *",
337,2026-08-25 00:22:42,120363042493725288@g.us,214482211094536,"**Reporte al 9-1-1 (PRELIMINAR)*
Fecha y Hora: *24/08/2026 18:03:42*
Asunto: *PERSONA(S) LESIONADA(S) POR CAÍDA*
Colonia: *PASO DEL TORO*
Calle: *RIO COTAXTLA S/N*
Entre calles: *RIO VIEJO*
Referencia: *RUMBO AL RIO*
Localidad: *PASO DEL TORO*
Municipio: *MEDELLIN DE BRAVO*
*Ubicación:*https://www.google.com/maps/place/19.037582058608,-96.138252657416
*Resumen de evento*
     *",
337,2026-08-25 00:22:51,120363042493725288@g.us,214482211094536,Sale unidad 098 para el punto,
337,2026-08-25 00:39:28,120363042493725288@g.us,214482211094536,U_098 en el punto,
337,2026-08-25 00:47:24,120363042493725288@g.us,65915584544854,Enterado base,
337,2026-08-25 00:59:14,120363042493725288@g.us,214482211094536,Unidad 098 en HG boca del río en espera de equipo,
337,2026-08-25 02:23:26,120363042493725288@g.us,136734830530561,"Guardia no les han reportado un derrape de moto con femenina involucrada , antes de llegar a San Ramón sobre la carretera ???",
337,2026-08-25 02:23:49,120363042493725288@g.us,265639449067682,Negativo,
337,2026-08-25 02:24:03,120363042493725288@g.us,214482211094536,Apóyame @43465723384010 de favor,
337,2026-08-25 02:24:26,120363042493725288@g.us,265639449067682,Tienes ubicación,
337,2026-08-25 02:24:33,120363042493725288@g.us,136734830530561,Me están checando,
337,2026-08-25 02:28:20,120363042493725288@g.us,136734830530561,"Pendientes en base , no hay más reportes",
337,2026-08-25 02:28:36,120363042493725288@g.us,43465723384010,Pendientes en base,
337,2026-08-25 02:37:25,120363042493725288@g.us,136734830530561,Se retiró por sus medios me indican,AC9779CE7B06FA1F3FA32F7746C32A05
337,2026-08-25 02:38:11,120363042493725288@g.us,43465723384010,"Enterado en base,pendiente",
337,2026-08-25 02:39:42,120363042493725288@g.us,214482211094536,Unidad 098 en base,
337,2026-08-25 03:20:29,120363042493725288@g.us,170179606609930,Insurgentes sur # 115  tienda de abarrotes DON RAFA en la Y griega de paso del toro y va al hospital COVADONGA en paso colorado carretera paso del toro boca del rio,
337,2026-08-25 03:20:45,120363042493725288@g.us,170179606609930,@214482211094536,
337,2026-08-25 03:20:51,120363042493725288@g.us,170179606609930,Traslado programado,
337,2026-08-25 03:21:04,120363042493725288@g.us,170179606609930,Mañana alas 8 en el domicilio del ciudadano,
337,2026-08-25 03:21:14,120363042493725288@g.us,214482211094536,Enterado jefe,
337,2026-08-25 04:32:00,120363042493725288@g.us,214482211094536,Reportan derrape de moto como referencia en medio de fraccionamiento arboledas san ramon y las letras de medellín,
337,2026-08-25 04:32:20,120363042493725288@g.us,43465723384010,Unidad 208 sale de la base,
337,2026-08-25 04:32:31,120363042493725288@g.us,170179606609930,Con precaución a ver si no es lo que hicieron de la carretera de hoy,ACD14630D3F5CA25C68D054221E7330F
337,2026-08-25 04:32:31,120363042493725288@g.us,265639449067682,Me apoyan con la ambulancia donde estaban rompiendo el tramo de carretera,
337,2026-08-25 04:33:05,120363042493725288@g.us,214482211094536,Es correcto dejaron todo feo,3AE25E217E26E1AF9D79
337,2026-08-25 04:37:21,120363042493725288@g.us,170179606609930,Ya muévete por el paciente chapo porfas,
337,2026-08-25 04:37:30,120363042493725288@g.us,265639449067682,Ya voy,
337,2026-08-25 04:37:46,120363042493725288@g.us,213554649145471,"Nombre: vivían Guadalupe Santiago   Rodríguez
20 años
 Circuito Inglaterra sur 
50226
Fraccionamiento Puente moreno, femenina post operada aproximadamente 7 días, solicitó la ambulancia para la realización de una curación de una cesárea en tratamiento por infección en su domicilio en puente moreno. 
Codigo verde 
Px firma deslinde y se queda en su domicilio 
Con recomendaciones verbales.",AC4F79E9E554DC77F67BB22D179F0C78
337,2026-08-25 05:03:25,120363042493725288@g.us,43465723384010,Unidad 208 retorna a base,
337,2026-08-25 05:04:36,120363042493725288@g.us,265639449067682,R-051 sale de hospital de veinte de noviembre al domicilio del paciente,
337,2026-08-25 05:07:05,120363042493725288@g.us,43465723384010,Unidad 208 en base,
337,2026-08-25 05:09:51,120363042493725288@g.us,136734830530561,"Mañana los apercibo @170179606609930, es contratista del ayto.",ACD22AE2DB7E13A72670B1E36E86E0FE
337,2026-08-25 05:21:49,120363042493725288@g.us,65915584544854,Unidad 096 sale rumbo palacio municipal a buscar a compañero que fue a dejar. Al paciente a su domicilio,
337,2026-08-25 05:41:41,120363042493725288@g.us,265639449067682,Se deja paciente en su domicilio unidad retorna a Palacio a dejar el vehículo prestado,
337,2026-08-25 05:45:01,120363042493725288@g.us,65915584544854,En palacio,
337,2026-08-25 05:59:31,120363042493725288@g.us,65915584544854,Unidad 096 retorna a base,
337,2026-08-25 05:59:54,120363042493725288@g.us,265639449067682,R-051 se queda en palacio y se entrega llave al guardia del ayuntamiento,
337,2026-08-25 06:07:20,120363042493725288@g.us,43465723384010,"PX masculino:Rubén Ariela Salinas
Motivo del llamado :derrape de motocicleta
Autoridad en la escena:policía estatal 
Reportan que el px iba en su moto derrapó en la carretera entre arboledas san Ramón y las letras de Medellín,PX alerta,con lesiones superficiales en extremidades inferiores y superiores,no se ameritó traslado y solo se le hizo curación y de vendo",ACD14630D3F5CA25C68D054221E7330F
337,2026-08-25 06:07:46,120363042493725288@g.us,135450517885035,Que tipo de lesionado y accidente  hubo en el tramo en reparacion avenida principal salida de arboledas.,
337,2026-08-25 06:09:31,120363042493725288@g.us,43465723384010,Fue derrape de motocicleta y era paciente policontundido,AC7453354D2570B21FC5689C6769F772
337,2026-08-25 06:13:52,120363042493725288@g.us,135450517885035,fue en ese pedazo que dejaron mal,
337,2026-08-25 06:14:51,120363042493725288@g.us,135450517885035,"tienen fotos, paracenviarle a obras públicas.",
337,2026-08-25 06:15:06,120363042493725288@g.us,65915584544854,Unidad 096 en base,
337,2026-08-25 06:15:46,120363042493725288@g.us,43465723384010,.,ACCA55796899FC38D1E427894B7630B8
338,2026-08-24 14:44:18,66121122222226@lid,66121122222226,"Buenos días 
Soy la sra.Sofia Chagala Linares mi mamá Irene Linares Zapot de 91 con Dx: Úlcera Sacra grado IV, la citaron para el día 26 del mes en curso ( este miércoles ) a las 10 am  por favor podrán pasar x nosotras a las 9:15 AM para estar a tiempo.",
338,2026-08-24 14:45:24,66121122222226@lid,Você,Buen día se checa con el director y Sele avisa por este medio,
338,2026-08-24 14:45:58,66121122222226@lid,66121122222226,Si muchas gracias,AC4AABDE799E5020D434CD2C1C150A27
339,2026-08-24 15:29:11,26598799597587@lid,Você,Bdias soy de PC,
339,2026-08-24 15:33:12,26598799597587@lid,26598799597587,Muy buenos dias,
339,2026-08-24 15:33:31,26598799597587@lid,26598799597587,Ahí tiene mis acreditaciones,
339,2026-08-24 15:34:11,26598799597587@lid,Você,muchas gracias le voya comentar al director,
340,2026-08-24 15:50:32,148438566101030@lid,148438566101030,Hola! Buen día!,
340,2026-08-24 15:51:46,148438566101030@lid,148438566101030,Por favor,
340,2026-08-24 16:21:45,148438566101030@lid,Você,Bdias,
340,2026-08-24 16:26:55,148438566101030@lid,148438566101030,"Buen día! 
Me puede brindar información sobre el taller de primeros auxilios que se llevará acabo el 28 de agosto, por favor",
340,2026-08-24 16:29:42,148438566101030@lid,Você,"sobre el curso, trata de primeros auxilios basicos.",
340,2026-08-24 16:30:15,148438566101030@lid,Você,"sin embargo, ya tenemos el cupo lleno, debido al interes que esta teniendo la publicacion, seguimos tomando datos de las personas interesadas",
340,2026-08-24 16:30:28,148438566101030@lid,Você,"si usted gusta para una proxima fecha, darme su nombre completo y edad",
340,2026-08-24 16:32:55,148438566101030@lid,148438566101030,"elizabeth Rivera López 
43 años 
Gracias",3EB07F73B1CEAF1367E232
340,2026-08-24 16:35:09,148438566101030@lid,Você,GRACIAS A USTED,
340,2026-08-24 16:35:46,148438566101030@lid,148438566101030,"Excelente día! 
Quedó pendiente 🙏🏻",
341,2026-08-24 15:51:33,185624762040336@lid,185624762040336,Buen dia,
341,2026-08-24 15:51:37,185624762040336@lid,185624762040336,Me regalan información,
341,2026-08-24 15:51:47,185624762040336@lid,185624762040336,Del curso de primeros auxilios porfavor,
341,2026-08-24 16:30:58,185624762040336@lid,Você,"sobre el curso, trata de primeros auxilios basicos.",
341,2026-08-24 16:30:59,185624762040336@lid,Você,"si usted gusta para una proxima fecha, darme su nombre completo y edad",
341,2026-08-24 16:30:59,185624762040336@lid,Você,"sin embargo, ya tenemos el cupo lleno, debido al interes que esta teniendo la publicacion, seguimos tomando datos de las personas interesadas",
341,2026-08-24 16:32:34,185624762040336@lid,185624762040336,Cuando sería la próxima fecha??,
341,2026-08-24 16:47:32,185624762040336@lid,Você,28 de agosto,ACD4DC46ECBEA1470CC7498F0E8B0CB1
341,2026-08-24 16:48:06,185624762040336@lid,185624762040336,El viernes ???,AC614397E799CA75E39E74A229B49C29
341,2026-08-24 16:48:14,185624762040336@lid,185624762040336,Rolando Rojas Morales edad 20,3EB0903F4BB41CE65B0B35
341,2026-08-24 16:48:25,185624762040336@lid,185624762040336,Tiene algún costo???,
341,2026-08-24 16:48:31,185624762040336@lid,185624762040336,Dan algún comprobante!??,
341,2026-08-24 16:58:45,185624762040336@lid,Você,"el curso es el 28 de agosto, la siguiente fecha se esta programando para principios de sep",
341,2026-08-24 16:58:50,185624762040336@lid,Você,$501,
341,2026-08-24 17:20:00,185624762040336@lid,185624762040336,Entonces yo quedo pendiente o es el 28??,
341,2026-08-24 17:20:02,185624762040336@lid,185624762040336,No entendi,
341,2026-08-24 17:41:11,185624762040336@lid,Você,Son $541 ya corroboré,
341,2026-08-24 17:41:33,185624762040336@lid,185624762040336,Ah mire si gusta mejor por favor me avisa cuando esté en la siguiente fecha y yo les confirmo va,
341,2026-08-24 17:41:46,185624762040336@lid,185624762040336,El curso tiene alguna validez???,AC2B7D5D1F76163CE51C7D32D9F34CC8
341,2026-08-24 17:48:51,185624762040336@lid,Você,Sí se expide por parte de PC Medellín,
342,2026-08-24 16:46:25,164445791748244@lid,164445791748244,Buen día,
342,2026-08-24 16:46:42,164445791748244@lid,164445791748244,Que costo tiene el taller de primeros auxilios,
342,2026-08-24 16:46:55,164445791748244@lid,Você,Buen día,
342,2026-08-24 16:47:07,164445791748244@lid,Você,El costo es de 540,
343,2026-08-24 16:49:10,218275287978234@lid,Você,Buenos días,
343,2026-08-24 16:49:33,218275287978234@lid,Você,Disculpe ya puede pasar por favor por su constancia de daños,
343,2026-08-24 16:52:27,218275287978234@lid,218275287978234,Hola qué tal Buen día en un momento paso gracias,
344,2026-08-24 16:53:43,155821916864583@lid,Você,Pc,
344,2026-08-24 16:54:18,155821916864583@lid,Você,Me puedes compartir foto de la persona herida por favor,
344,2026-08-24 16:54:31,155821916864583@lid,Você,Y que unidad de apoyo está ahi,
344,2026-08-24 16:55:17,155821916864583@lid,155821916864583,Pm 109,AC49C99AD7221358E9014F7789145548
344,2026-08-24 16:56:31,155821916864583@lid,Você,Sale la unidad,
348,2026-08-24 18:26:21,249700926124068@lid,249700926124068,Hola buen día !!,
348,2026-08-24 18:27:02,249700926124068@lid,249700926124068,Soy docente y quiero saber si tiene aún espacio para el curso   PC,
348,2026-08-24 18:27:05,249700926124068@lid,249700926124068,??,
348,2026-08-24 18:38:50,249700926124068@lid,Você,Ya no tenemos espacio para esta primera fecha,
348,2026-08-24 18:39:04,249700926124068@lid,Você,Estamos guardando los datos de quién se interesa para la siguiente fecha,
348,2026-08-24 18:39:10,249700926124068@lid,Você,El curso tiene un costo de $541,
350,2026-08-24 18:38:14,121045751177285@lid,Você,Buenas tardes soy de protección civil de medellín,
350,2026-08-24 18:38:50,121045751177285@lid,121045751177285,Hola buen dia,
350,2026-08-24 18:39:20,121045751177285@lid,121045751177285,Ay una culebra en mi patio,
350,2026-08-24 18:39:35,121045751177285@lid,Você,Podría compartirme la ubicación de su domicilio por favor,
350,2026-08-24 18:39:42,121045751177285@lid,121045751177285,Claro,
350,2026-08-24 18:54:23,121045751177285@lid,121045751177285,Perdón no salía la ubicación,
350,2026-08-24 18:54:47,121045751177285@lid,121045751177285,Esta pequeñita,
350,2026-08-24 18:55:02,121045751177285@lid,121045751177285,Pero prefiero no lastimarla,
350,2026-08-24 18:55:41,121045751177285@lid,Você,Listo subo su reporte,
350,2026-08-24 19:02:55,121045751177285@lid,121045751177285,Perdón una pregunta  en qué tiempo más o menos se realiza el servicio,
350,2026-08-24 19:11:38,121045751177285@lid,Você,Ya están saliendo aprox llegan en 10 minutos,
351,2026-08-24 18:46:35,136734830530561@lid,Você,https://share.google/9xMydsyRAHXSKJl6j,
351,2026-08-24 18:46:40,136734830530561@lid,Você,GAS EXPRESS,
351,2026-08-24 18:47:15,136734830530561@lid,Você,https://maps.app.goo.gl/CLfVB4nBccsG4i5i9,
351,2026-08-24 18:47:18,136734830530561@lid,Você,GAS ATLANTICO,
351,2026-08-24 18:48:19,136734830530561@lid,Você,https://maps.app.goo.gl/JoYHn3urV9KiDRqR7,
351,2026-08-24 18:48:23,136734830530561@lid,Você,MABARAK,
355,2026-08-24 19:48:37,90533682794555@lid,90533682794555,"*Reporte al 9-1-1 (PRELIMINAR)*
Fecha y Hora: *24/08/2026 13:04:39*
Asunto: *VIOLENCIA FÍSICA CONTRA LAS MUJERES*
Colonia: *LAGOS DE PUENTE MORENO*
Calle: *CIRCUITO INGLATERRA SUR 50226*
Entre calles: *NO ESPECIFICADO*
Referencia: *NO ESPECIFICADO*
Localidad: *MEDELLIN DE BRAVO*
Municipio: *MEDELLIN DE BRAVO*
*Ubicación:*https://www.google.com/maps/place/19.095207428145,-96.169156045001
*Resumen de evento*
     REPORTAN A UN SUJETO GOLPEANDO A UNA MUJER EN LA VÍA PÚBLICA",
355,2026-08-24 19:49:03,90533682794555@lid,90533682794555,Negativo de ser violencia una femenina esta convulcionando,
355,2026-08-24 19:49:18,90533682794555@lid,90533682794555,La unidad 4465vse encuentra en el lugar,
355,2026-08-24 19:50:38,90533682794555@lid,Você,Me regalas una gráfica por favor,
355,2026-08-24 19:51:42,90533682794555@lid,90533682794555,Es ataque de ansiedad corrijo,
355,2026-08-24 19:51:50,90533682794555@lid,90533682794555,No cuento con gráficas aún,
355,2026-08-24 19:52:49,90533682794555@lid,Você,Se aproxima motorizado a valorar,
355,2026-08-24 19:53:06,90533682794555@lid,90533682794555,MUCHAS GRACIAS,
355,2026-08-24 20:03:11,90533682794555@lid,Você,sale la 097,
356,2026-08-24 20:43:04,142979679408283@lid,142979679408283,Hola buen día,
356,2026-08-24 20:43:09,142979679408283@lid,142979679408283,Disculpe,
356,2026-08-24 20:43:19,142979679408283@lid,142979679408283,Qué costo tiene el curso,
356,2026-08-24 20:43:30,142979679408283@lid,142979679408283,Me interesa asistir,
356,2026-08-24 20:43:32,142979679408283@lid,Você,Hola buenas tardes,
356,2026-08-24 20:43:41,142979679408283@lid,Você,El costo es de 541,
356,2026-08-24 20:44:04,142979679408283@lid,142979679408283,El que publicaron en face,
356,2026-08-24 20:44:14,142979679408283@lid,Você,Es correcto,
357,2026-08-24 20:45:31,28690448703633@lid,28690448703633,Buenas tardes me podría dar información sobre el curso que darán,
357,2026-08-24 20:45:44,28690448703633@lid,28690448703633,De primeros auxilios,
357,2026-08-24 20:46:07,28690448703633@lid,Você,Hola excelente tarde,
357,2026-08-24 20:46:18,28690448703633@lid,Você,Claro que sí es un taller de primeros auxilios,
357,2026-08-24 20:48:02,28690448703633@lid,28690448703633,Tiene algún costo ?,
357,2026-08-24 20:50:54,28690448703633@lid,Você,$541.00,
357,2026-08-24 20:51:30,28690448703633@lid,28690448703633,Es todo el curso o por semana ?,
357,2026-08-24 21:40:44,28690448703633@lid,Você,es un taller de 1 dia,
360,2026-08-24 20:58:58,132023503044706@lid,132023503044706,Buena tarde,
360,2026-08-24 20:59:06,132023503044706@lid,132023503044706,No me han compartido el QR,
360,2026-08-24 21:55:23,132023503044706@lid,Você,ya hizo usted su pago disculpe??,
360,2026-08-24 21:56:36,132023503044706@lid,132023503044706,Pues no que no tiene costo ?,ACE60F80C8D7A41F7F8602B35B11D4FC
361,2026-08-24 21:17:41,136734830530561@lid,Você,2293562362,
361,2026-08-24 21:19:08,136734830530561@lid,Você,Este es el num,AC905BF0E306C76E3FDFFC9579D0DD5A
361,2026-08-24 21:24:32,136734830530561@lid,Você,Oki,
362,2026-08-24 21:32:34,170802796302376@lid,Você,Hola hablo de protección civil de medellín para confirmar la solicitud de una ambulancia,
362,2026-08-24 21:33:00,170802796302376@lid,Você,Estoy tratando de comunicarme con usted pero no me contesta,
362,2026-08-24 21:33:13,170802796302376@lid,170802796302376,Digame,
362,2026-08-24 21:33:29,170802796302376@lid,Você,Necesito que me conteste la llamada,
362,2026-08-24 21:34:19,170802796302376@lid,170802796302376,Que paso,
364,2026-08-24 22:01:58,170179606609930@lid,Você,"para tu consideracion, es una idea",
364,2026-08-24 22:28:11,170179606609930@lid,Você,En cuanto se desocupe se la voy a mandar,
364,2026-08-24 22:28:11,170179606609930@lid,Você,Si caballero le comento si tienen la posibilidad de moverlo de manera particular sería lo más adecuado porque ahora tengo las dos unidades ocupadas,
364,2026-08-24 23:58:05,170179606609930@lid,170179606609930,Cadenas contactas ese servicio,AC22D12CC6C2F845C0255B229DC0824F
364,2026-08-24 23:58:08,170179606609930@lid,170179606609930,Y pregunta,
364,2026-08-24 23:58:22,170179606609930@lid,170179606609930,Si todavía lo requieren,
364,2026-08-25 00:04:09,170179606609930@lid,170179606609930,",",
370,2026-08-25 13:24:28,120363042493725288@g.us,65915584544854,Sale unidad 097 hacer traslado programado del paciente,
370,2026-08-25 13:46:14,120363042493725288@g.us,65915584544854,En el punto,
370,2026-08-25 14:15:25,120363042493725288@g.us,65915584544854,Unidad 097 en Covadonga,
370,2026-08-25 14:15:45,120363042493725288@g.us,214482211094536,Enterado en base,
370,2026-08-25 14:55:47,120363042493725288@g.us,65915584544854,Unidad 097 rumbo a domicilio del paciente,
370,2026-08-25 15:15:06,120363042493725288@g.us,170188213383234,Niveles correctos de la unidad 072,
370,2026-08-25 15:18:38,120363042493725288@g.us,24395531739173,Unidad 097 retorna a base,
370,2026-08-25 15:20:02,120363042493725288@g.us,97878764691675,Recibo U-208 sin novedades y con niveles de aceite de motor aceite hidráulico y liquido de frenos correctos,
370,2026-08-25 15:24:39,120363042493725288@g.us,97878764691675,U-098 con niveles correctos de aceite de motor aceite hidráulico y liquido de frenos,
370,2026-08-25 15:27:31,120363042493725288@g.us,226585563119766,Se resive unidad 208 sin novedad al paramedico :Jorge Luna,
370,2026-08-25 15:28:37,120363042493725288@g.us,97878764691675,U-096 con niveles correctos de aceite de motor aceite hidráulico y liquido de frenos,
370,2026-08-25 15:41:17,120363042493725288@g.us,65915584544854,Llegada a base,
370,2026-08-25 15:41:35,120363042493725288@g.us,60314259308792,Sale unidad 098,
370,2026-08-25 15:51:43,120363042493725288@g.us,28067678416994,"Recibí unidad 097 a la compañera Yaiza Hernandez, sin novedades.",
370,2026-08-25 15:57:31,120363042493725288@g.us,97878764691675,Odómetro de salida U-096,
370,2026-08-25 16:02:33,120363042493725288@g.us,97878764691675,Odómetro de llegada a base de U-096,
370,2026-08-25 16:11:55,120363042493725288@g.us,Você,"Buenos dias, avisa el Ing. Sergio Toca Montiel de Pemex, del área de COE que tendrán el día de hoy un simulacro a las 11:00 (agresión armada contra la instalación) En el Tejar. Para que estemos enterados 🤓",
370,2026-08-25 16:12:08,120363042493725288@g.us,128733256110143,Para conocimiento de los mandos hay un cable atravesado en medllinal parecer es de teléfono esta por la ferretería el toro,
370,2026-08-25 16:15:03,120363042493725288@g.us,97878764691675,U-097 con niveles correctos de aceite de motor aceite hidráulico y liquido de frenos,
370,2026-08-25 16:35:41,120363042493725288@g.us,Você,Reporta la directora de ecológia k hay un derrape de moto frente al DIF favor de acudir unidad 208 con precaución,
370,2026-08-25 16:37:26,120363042493725288@g.us,226585563119766,Sale unidad 208 informacion al arribo de la unidad,AC92D262D82354104A69D6A85D033715
370,2026-08-25 16:37:40,120363042493725288@g.us,97878764691675,Sale U-208,AC92D262D82354104A69D6A85D033715
370,2026-08-25 16:38:17,120363042493725288@g.us,Você,Enterado con precaución,AC7936E88B98E81885329C13AAAAC2D6
370,2026-08-25 16:47:16,120363042493725288@g.us,97878764691675,U-208 en el punto,
370,2026-08-25 16:47:49,120363042493725288@g.us,170188213383234,Sale unidad 096 a reporte de corto circuito de cable en colonia Héroes de Veracruz,
370,2026-08-25 16:48:10,120363042493725288@g.us,128733256110143,Enterado con precaución,AC265EE5D5F43DF0DF0627B278B4681A
370,2026-08-25 16:57:26,120363042493725288@g.us,97878764691675,Los cables que están caídos son de Megacable y ya se encuentran en el área arreglando,
370,2026-08-25 16:58:13,120363042493725288@g.us,128733256110143,Enterado toma gráficas de favor,ACE26375FD09A6718E08E95FF64E559A
370,2026-08-25 16:58:25,120363042493725288@g.us,226585563119766,"Se valora por caida de moto al PX: Claudio Javier Antele Temich
25 años 
Otiginario de San Andres 
Signos Vitales Estables
DX: dolor en la mano derecha se le brinda la atencion y se le dan Recomendaciones para que acuda al medico para descartar alguna lesion ( no amerita traslado)
Se queda en el lugar en espera de algun filiar para retirar la moto",AC3C158D965A67C7CF902591D7003FE6
370,2026-08-25 16:58:36,120363042493725288@g.us,128733256110143,Enterado en base gracias,A574922772380DE590008A925F7982A6
370,2026-08-25 16:59:20,120363042493725288@g.us,97878764691675,Aki están ya arreglando los de megacable,
370,2026-08-25 17:03:18,120363042493725288@g.us,128733256110143,Ya kedense en el punto de favor Miguel,ACA38398210A02DB344BD64B595C6467
370,2026-08-25 17:03:35,120363042493725288@g.us,97878764691675,Enterado gracias,ACE513415C7421F9050EFAF1766699E6
370,2026-08-25 17:04:17,120363042493725288@g.us,170188213383234,Unidad 096 en el punto,
370,2026-08-25 17:10:11,120363042493725288@g.us,97878764691675,U-208 en evento del palacio,
370,2026-08-25 17:22:03,120363042493725288@g.us,170188213383234,Unidad 096 retorna a base,
370,2026-08-25 17:22:27,120363042493725288@g.us,128733256110143,Enterado en base gracias,A5DF09CD86352D54AE4397324D6265FA
370,2026-08-25 17:26:35,120363042493725288@g.us,136734830530561,Unidad motorizada procede a asuntos administrativos a gas atlantico,
370,2026-08-25 17:27:23,120363042493725288@g.us,128733256110143,Enterado en base,AC88620DA161EC14669AED77E5048900
370,2026-08-25 17:28:45,120363042493725288@g.us,170188213383234,Unidad 096 en base,
370,2026-08-25 17:31:29,120363042493725288@g.us,170179606609930,A un costado del ayuntamiento,
370,2026-08-25 17:31:29,120363042493725288@g.us,170179606609930,La señora de la papelería,
370,2026-08-25 17:36:41,120363042493725288@g.us,170188213383234,Sale la unidad a movil-096 palacio para movimiento administrativo y posteriormente a un reporte del director,
370,2026-08-25 17:47:41,120363042493725288@g.us,60314259308792,"*FECHA*: 25 agosto 2026
*AMBULANCIA*: u-098
*OPERADOR*: Giovanni Rodríguez 
*PARAMEDICO*: Rut Sánchez 
*TERCERO ABORDO*:
*DIRECCIÓN DEL SERVICIO*: 
*TIPO DE SERVICIO*: urgencia 
*NOMBRE DEL PACIENTE*: Jiram Ashley León Jiménez 
*EDAD*: 27 años

*T/A*: 110/68 mmhg
*F/C*: 72 Lpm
*F/R*: 18 rpm
 *Spo2*: 99%
 *TEMPERATURA*: 36.7°
*GLUC/OPCIONAL*:
*Glasgow*: 15 ptos

*ORIGINARIO ( A)*:
*DESCRIPCIÓN DE LO OCURRIDO*: compañeros reportan un atropellado a la entrada de arboledas san Ramón, al llegar a la escena me encuentro con masculino en posición sedente, diaforetico y consiente en sus 4 esferas, refiere ser atropellado por un autobús, al revisar solo se encuentran contusiones en cabeza, brazo derecho y pierna derecha a la altura de la rótula y abraciones menores en ambas extremidades superiores, se realizó curación menor en extremidades superiores y se dieron recomendaciones verbales.
*DIAGNÓSTICO*: px policontundido, con abraciones menores en extremidades superiores
*HOSPITAL  DE TRASLADO*: no amerita traslado
 *RECIBE*:n/a
*CÓDIGO*: verde
*OBSERVACIONES*: 
*ANTECEDENTES PATOLOGICOS*: negados
*ANTECEDENTES  NO PATOLOGICOS*: negados
*ALERGIAS*: negados 
 *MEDICAMENTOS*: negados 
*AUTORIDAD EN EL LUGAR*: Policía estatal, al mando de Juan Carlos Benítez
Y uno más.
Transporte del estado, al mando Jonathan Ramón
*SEGURO*: n/a
*DESPACHA*: protección civil, Medellín de bravo",3AC429EDD8838EBF3AEE
370,2026-08-25 18:12:59,120363042493725288@g.us,128733256110143,Favor de acudir a esa ubicación unidad 096 cables caídos al parecer con energía ahí con precaución por favor,AC8A08574228CB1623C9401ED6AF60C5
370,2026-08-25 18:29:57,120363042493725288@g.us,170188213383234,Unidad 096 en el punto,
370,2026-08-25 18:32:08,120363042493725288@g.us,128733256110143,Enterado en base,AC367512E85BCC01D2400E2C3AED750B
370,2026-08-25 18:39:30,120363042493725288@g.us,170188213383234,"Se acordona el área de cables caídos al llegar al lugar nos recibe el oficial Alfredo Blanco en unidad TE01-627 Tránsito estatal 
Quedando el área acordonada nos retiramos a base",
370,2026-08-25 18:40:35,120363042493725288@g.us,128733256110143,Enterado gracias,AC885E6295BCE68A459F6B95C26021AE
370,2026-08-25 18:47:08,120363042493725288@g.us,170179606609930,Para conocimiento el juego del día de hoy,
370,2026-08-25 18:48:28,120363042493725288@g.us,170188213383234,Unidad 096 en base,
370,2026-08-25 18:55:30,120363042493725288@g.us,198930738487413,Sale la móvil -096 a carga de combustible,
370,2026-08-25 19:17:10,120363042493725288@g.us,136734830530561,Km de arribo y salida de nuevo motorizado a entrega de documentación,
370,2026-08-25 19:17:28,120363042493725288@g.us,128733256110143,Enterado en base,ACAB890C90BEFC0CF8BB0F93D6444DFB
370,2026-08-25 19:25:13,120363042493725288@g.us,198930738487413,Odómetro de carga de la u-096 retornamos a base,
370,2026-08-25 19:46:31,120363042493725288@g.us,170179606609930,De preferencia póngalo enrollado y pidan el número de reporte,AC367512E85BCC01D2400E2C3AED750B
370,2026-08-25 19:46:39,120363042493725288@g.us,170179606609930,Ya que no se puede tener la vialidad cerrada,
370,2026-08-25 19:46:43,120363042493725288@g.us,170179606609930,Paco te encargo eso,
370,2026-08-25 19:47:00,120363042493725288@g.us,128733256110143,Enterado jefe ahorita se procede,3A841F5FC16287ED76C4
370,2026-08-25 19:47:09,120363042493725288@g.us,170179606609930,Y necesito el número de reporte,
370,2026-08-25 20:23:33,120363042493725288@g.us,170188213383234,Al tratar de manipular los cables caídos iso chispazo encontrandoce electrificado,
370,2026-08-25 20:24:20,120363042493725288@g.us,128733256110143,Con precaución solo acordonen y den recomendaciones a la gente en lo k llega CFE,ACBC50C9A1B36EEE66BFF565E0921EEF
370,2026-08-25 20:33:48,120363042493725288@g.us,128733256110143,Sale la unidad 097 a relevar a la 208 a la explanada municipal,
370,2026-08-25 20:34:11,120363042493725288@g.us,136734830530561,👍🏼,
370,2026-08-25 20:48:57,120363042493725288@g.us,226585563119766,Unidad 208 de retorno a base,
370,2026-08-25 20:49:57,120363042493725288@g.us,128733256110143,Unidad 097 en la explanada del ayuntamiento continuando cubriendo evento,
370,2026-08-25 20:54:08,120363042493725288@g.us,170188213383234,Se deja cerrada la vialidad porque el cable se encuentra a media calle se realiza el reporte a comisión quedando canalizado al área correspondiente dando número de reporte  j9608085935,
370,2026-08-25 20:54:36,120363042493725288@g.us,128733256110143,Enterado gracias,ACCB4A1F31E27F6C71637CD1255774C6
370,2026-08-25 21:02:29,120363042493725288@g.us,97878764691675,U-208 llegando a basé,
370,2026-08-25 21:03:13,120363042493725288@g.us,128733256110143,Enterado gracias,ACDDBC0E7F8FB59D3607337E4784E110
370,2026-08-25 21:04:44,120363042493725288@g.us,198930738487413,Unidad 095 en base,
370,2026-08-25 21:05:16,120363042493725288@g.us,128733256110143,Enterado gracias es la 096,AC0CFE641D539E24D8502F13AE8239F8
370,2026-08-25 21:20:34,120363042493725288@g.us,136734830530561,"Por si reportan mucho humo, al fondo sobre el canal quemando basura , yerba",
370,2026-08-25 21:20:56,120363042493725288@g.us,136734830530561,Se le invita al ciudadano a apagarlo,
370,2026-08-25 21:21:35,120363042493725288@g.us,128733256110143,Enterado gracias,AC6CD64557E940DA642DE634BA4602B5
370,2026-08-25 21:21:56,120363042493725288@g.us,136734830530561,Apagandolo,
370,2026-08-25 21:49:32,120363042493725288@g.us,170179606609930,este es el reporte que tenemos registrado,
370,2026-08-25 21:51:18,120363042493725288@g.us,FRANKLIN😎LAFER,Enterado gracias,3A888AB82FFEFB1A6BAD
370,2026-08-25 21:52:10,120363042493725288@g.us,FRANKLIN😎LAFER,Se toma la presión a masculino k presentaba mareos por el calor,
370,2026-08-25 21:58:13,120363042493725288@g.us,🦋Arely Berenize🦋,"Cesar Amado Briones Salazar, 49 años.
Se valoran signos vitales por petición del ciudadano, se dan recomendaciones.",
370,2026-08-25 22:19:36,120363042493725288@g.us,Zdiddy⛑️🎶,Lic me podrías mandar una ambulancia a esta ubicación porfa,
370,2026-08-25 22:19:36,120363042493725288@g.us,Zdiddy⛑️🎶,Es para un traslado,
370,2026-08-25 22:20:14,120363042493725288@g.us,Zdiddy⛑️🎶,solicita presidencia,
370,2026-08-25 22:22:44,120363042493725288@g.us,Zdiddy⛑️🎶,098,
370,2026-08-25 22:22:47,120363042493725288@g.us,FRANKLIN😎LAFER,Unidad 098 favor de cubrir el servicio con precaución,3EB0A12D0451A2E22920B6
370,2026-08-25 22:27:10,120363042493725288@g.us,FRANKLIN😎LAFER,Aver si enterado unidad 098,
370,2026-08-25 22:27:21,120363042493725288@g.us,VULCANO CADENAS 🚒🚑,Procede,
370,2026-08-25 22:27:31,120363042493725288@g.us,.,Sale unidad 098 a traslado,
370,2026-08-25 22:27:52,120363042493725288@g.us,FRANKLIN😎LAFER,Con precaución gracias,3ADE060A728A13E91DD6
371,2026-08-25 15:28:25,132774686113946@lid,132774686113946,Buenos días,
371,2026-08-25 15:28:51,132774686113946@lid,132774686113946,Disculpe quedaron en mandarme un QR para confirmar al curso,
371,2026-08-25 15:29:08,132774686113946@lid,Você,Buen día en un momento lo atendemos,
371,2026-08-25 15:55:13,132774686113946@lid,132774686113946,Quedo pedmdoente,
371,2026-08-25 16:12:38,132774686113946@lid,Você,buenos dias cual es su nombre???,
371,2026-08-25 16:35:40,132774686113946@lid,132774686113946,Roberto Carlos Villegas rivera,
374,2026-08-25 16:17:38,45677564403959@lid,45677564403959,hola buen dia,
374,2026-08-25 16:17:56,45677564403959@lid,45677564403959,me podria dar mas informacion para el registro del taller,
374,2026-08-25 16:18:07,45677564403959@lid,45677564403959,primeros auxilios para este viernes,
376,2026-08-25 16:20:57,198930738487413@lid,Você,Árbol,
376,2026-08-25 16:21:01,198930738487413@lid,Você,Sra elizabeth,
376,2026-08-25 16:21:15,198930738487413@lid,Você,+52 229 531 9835,
377,2026-08-25 16:23:41,88240421879923@lid,88240421879923,Hola buenos días,
377,2026-08-25 16:23:54,88240421879923@lid,88240421879923,Todavía ay cupo para el taller de primeros auxilios?,
377,2026-08-25 16:25:29,88240421879923@lid,Você,"hola buenos dias, para el taller de éste 28 de agosto, se abrirá una nueva fecha",
377,2026-08-25 16:25:55,88240421879923@lid,88240421879923,Ya no será el 28?,
377,2026-08-25 16:55:30,88240421879923@lid,Você,ya esta lleno el espacio  para esa fecha,
377,2026-08-25 17:22:03,88240421879923@lid,Você,"Si gusta anotarse para el siguiente curso, que ya rectifiqué para público en general ES SIN COSTO",
377,2026-08-25 17:22:04,88240421879923@lid,Você,NOMBRE COMPLETO Y EDAD por favor,
377,2026-08-25 17:22:04,88240421879923@lid,Você,"si, es de su interés puede darme su nombre completo y le anoto para la lista del siguiente curso",
377,2026-08-25 17:26:35,88240421879923@lid,88240421879923,No gracias,
377,2026-08-25 17:30:29,88240421879923@lid,Você,para servirle,
378,2026-08-25 16:55:37,246007304597693@lid,246007304597693,Buenos días,
378,2026-08-25 16:56:00,246007304597693@lid,246007304597693,solo para saber sobre el taller de primero Auxilios y poder inscribirme,
378,2026-08-25 16:56:07,246007304597693@lid,246007304597693,tiene algún costo o no,
378,2026-08-25 16:58:14,246007304597693@lid,246007304597693,Buenos días,
378,2026-08-25 16:59:29,246007304597693@lid,Você,"para la fecha del 28 de Agosto el cupo esta lleno. Se abrirá nueva fecha, el costo es de $541.00",
378,2026-08-25 16:59:57,246007304597693@lid,Você,"En caso de ser de su interés, puede pasar a oficinas de PC a realizar su pago",
378,2026-08-25 16:59:57,246007304597693@lid,246007304597693,ok gracias,3EB09ACD2572992F6C0E54
378,2026-08-25 17:00:09,246007304597693@lid,246007304597693,muchas gracias por la información,3EB0DCDCCCC5C290E8AA2D
378,2026-08-25 17:20:57,246007304597693@lid,Você,"Si gusta anotarse para el siguiente curso, que ya rectifiqué para público en general ES SIN COSTO",
378,2026-08-25 17:21:24,246007304597693@lid,Você,"si, es de su interés puede darme su nombre completo y le anoto para la lista del siguiente curso",
378,2026-08-25 17:21:33,246007304597693@lid,Você,NOMBRE COMPLETO Y EDAD por favor,
378,2026-08-25 18:36:01,246007304597693@lid,246007304597693,"Angélica Aglaec Fonseca Guillen

Edad 22 años",
378,2026-08-25 19:10:46,246007304597693@lid,Você,Le anoto,
379,2026-08-25 17:27:38,179427258405113@lid,179427258405113,Hola buenos días,
379,2026-08-25 17:28:00,179427258405113@lid,179427258405113,Quisiera saber si aún hay cupo para  el taller de primeros auxilios,
379,2026-08-25 17:34:41,179427258405113@lid,Você,"buenos dias. para el dia 28 ya esta lleno el espacio, pero si gusta darme su NOMBRE COMPLETO Y EDAD, se puede registrar para siguiente fecha",
379,2026-08-25 17:40:44,179427258405113@lid,179427258405113,Yamile Hildzamar Dircio Eguan edad 28.,
379,2026-08-25 17:41:05,179427258405113@lid,179427258405113,Me interesa lo que pasa es que soy docente de Primaria en Pasó del Toro,
380,2026-08-25 17:44:18,23231528460379@lid,23231528460379,"Este es el postel está por caerse , está en la calle Esmeralda aquí en paso del toro",
380,2026-08-25 17:44:57,23231528460379@lid,23231528460379,Buenos días soy la subagente de la congregación la bocana,
380,2026-08-25 17:45:39,23231528460379@lid,23231528460379,Una pregunta está usted en protección civil,
380,2026-08-25 17:45:53,23231528460379@lid,23231528460379,Yo estoy aquí en el palacio,
380,2026-08-25 17:58:40,23231528460379@lid,Você,"buenos dias, me puede dar la ubicacion por favor...me la comparte aqui",
380,2026-08-25 17:58:44,23231528460379@lid,Você,ubicacion actual,
380,2026-08-25 19:07:52,23231528460379@lid,23231528460379,Ok sería cuando yo llegue a mi casa sigo en el ayuntamiento,
382,2026-08-25 18:25:04,66121122222226@lid,66121122222226,Le recuerdo de la ambulancia a más tardar a las 9 y media a.m. por favor necesito de su apoyo para llevar a consulta a mi mamá al HGBR,
382,2026-08-25 18:25:34,66121122222226@lid,66121122222226,Hospital General de Boca del Río,
382,2026-08-25 18:25:50,66121122222226@lid,66121122222226,Tiene cita a las 10 a.m.,
382,2026-08-25 18:26:45,66121122222226@lid,66121122222226,"Gracias por leerme
Se trata de la paciente Irene Linares Zapot de 91 años postrada en cama por úlcera Sacra grado IV",
382,2026-08-25 18:58:35,66121122222226@lid,Você,Es para mañana?,
382,2026-08-25 18:58:49,66121122222226@lid,66121122222226,Siii,AC30B5EA14C3961A65D2D6D45F0B5CA0
382,2026-08-25 19:01:21,66121122222226@lid,Você,"ALGO ASI, CON LA FECHA ACTUAL.SOLO LE COMENTO QUE EL ALCALDE ES ING. SAMUEL ACOSTA MARTINEZ",AC31FBDF55E3EF637640D5323BFA2396
382,2026-08-25 19:01:23,66121122222226@lid,66121122222226,Voy a la papelería lo realizó y se lo mando srita,
382,2026-08-25 19:01:36,66121122222226@lid,Você,POR FAVOR,
382,2026-08-25 19:02:46,66121122222226@lid,66121122222226,Sería como este,
382,2026-08-25 19:02:55,66121122222226@lid,66121122222226,Pero con fecha actual,
382,2026-08-25 19:03:58,66121122222226@lid,66121122222226,Mi celular no descarga lo que usted me mandó,
382,2026-08-25 19:04:21,66121122222226@lid,66121122222226,Creo está hoja está bien verdad?,
382,2026-08-25 19:14:29,66121122222226@lid,66121122222226,Estoy buscando a una persona o vecina se quede con mi mamá mientras voy a la papelería hasta qué hrs me recibe la hoja?,
382,2026-08-25 19:14:40,66121122222226@lid,Você,no se preocupe tiene el dia de hoy,
382,2026-08-25 19:14:46,66121122222226@lid,Você,puede hacerla a mano sra sofia,
382,2026-08-25 19:14:51,66121122222226@lid,Você,mandemela a mano,
382,2026-08-25 19:14:59,66121122222226@lid,Você,y luego con tiempo hace lo de la papeleria,
382,2026-08-25 19:15:30,66121122222226@lid,66121122222226,Bueno gracias,
382,2026-08-25 19:39:39,66121122222226@lid,66121122222226,Será la ida y el regreso a nuestro domicilio eso no lo agregue,
382,2026-08-25 19:41:19,66121122222226@lid,66121122222226,Ay ojalá estén bien,
382,2026-08-25 19:41:41,66121122222226@lid,66121122222226,"O de plano voy a la papelería,usted me confirma",
382,2026-08-25 20:15:17,66121122222226@lid,Você,"Si esta bien,",
382,2026-08-25 20:15:56,66121122222226@lid,66121122222226,Ufff gracias,
382,2026-08-25 20:16:46,66121122222226@lid,66121122222226,Srita. Si puede le dice a los de la ambulancia que es ida y regreso por favor,
382,2026-08-25 20:17:03,66121122222226@lid,Você,una pregunta,
382,2026-08-25 20:17:19,66121122222226@lid,66121122222226,Digame,
382,2026-08-25 20:17:21,66121122222226@lid,Você,la ida es  a las 1,
382,2026-08-25 20:17:29,66121122222226@lid,Você,la ida es que a las 10 am tiene cita,
382,2026-08-25 20:17:33,66121122222226@lid,Você,y el regreso????,
382,2026-08-25 20:17:39,66121122222226@lid,Você,porque no puedo tener la ambulancia paradaç,
382,2026-08-25 20:17:42,66121122222226@lid,66121122222226,La ida debemos estar a las 10 am,
382,2026-08-25 20:18:03,66121122222226@lid,66121122222226,Ahhh pues yo aviso después para el regreso,3EB0687A09C120E6326037
382,2026-08-25 20:18:40,66121122222226@lid,66121122222226,No hay problema siempre aviso y me espero hasta que puedan ir x nosotras,
382,2026-08-25 20:23:52,66121122222226@lid,Você,Sería el mismo día?,
382,2026-08-25 21:11:12,66121122222226@lid,66121122222226,Si es el mismo día,ACBD2AE7882434C4379BA050A73C1850
382,2026-08-25 21:11:24,66121122222226@lid,66121122222226,Disculpe andaba ocupada con mi mamá,
382,2026-08-25 21:11:30,66121122222226@lid,66121122222226,Se la mando,
382,2026-08-25 21:12:51,66121122222226@lid,66121122222226,"Enviado y servida 
Muchas gracias por su atención.",
382,2026-08-25 21:15:04,66121122222226@lid,Você,de nada,
383,2026-08-25 20:36:23,110260467540045@lid,110260467540045,Oigan no han venido a ver lo del pañal de abejas,
383,2026-08-25 20:36:30,110260467540045@lid,110260467540045,El panal sigue creciendo,
383,2026-08-25 20:37:13,110260467540045@lid,110260467540045,Le agradecería mucho que pudieran venir a retirarlo ya estamos en clases,
383,2026-08-25 20:37:21,110260467540045@lid,110260467540045,Por favor,
384,2026-08-25 21:29:46,246007304597693@lid,246007304597693,"Celene Guillen García

Edad 49 años",
384,2026-08-25 21:29:57,246007304597693@lid,246007304597693,es mi mamá no se si ella también pueda hacistir,
384,2026-08-25 21:51:59,246007304597693@lid,PC&B Medellín De Bravo,si esta bien las anoto,
384,2026-08-25 22:00:19,246007304597693@lid,Fonseca Aglaec,muchas gracias,
